order_id,round,placed_ts,kickoff_ts,game,series,ticker,title,side,variant,price_yes,queue_ahead,best_yes_bid,best_yes_ask,status,filled,result,pnl,fee,graded_ts
T-6h|KXNFLTD-26SEP24ATLGB-GBMREDMAN86-1|no_bid|join,T-6h,1790277762,1790295300,26SEP24ATLGB,KXNFLTD,KXNFLTD-26SEP24ATLGB-GBMREDMAN86-1,Mark Redman: 1+,no_bid,join,0.05,99466.12,0.04,0.05,settled,100,no,5.0,0.09,1790323060
T-6h|KXNFLTD-26SEP24ATLGB-GBMREDMAN86-1|yes_bid|join,T-6h,1790277762,1790295300,26SEP24ATLGB,KXNFLTD,KXNFLTD-26SEP24ATLGB-GBMREDMAN86-1,Mark Redman: 1+,yes_bid,join,0.04,125.0,0.04,0.05,settled,25.77,no,-1.03,0.02,1790323060
T-6h|KXNFLTD-26SEP24ATLGB-GBJWHYLE81-1|no_bid|join,T-6h,1790277762,1790295300,26SEP24ATLGB,KXNFLTD,KXNFLTD-26SEP24ATLGB-GBJWHYLE81-1,Josh Whyle: 1+,no_bid,join,0.04,1935.88,0.03,0.04,settled,100,no,4.0,0.07,1790323058
T-6h|KXNFLTD-26SEP24ATLGB-GBJWHYLE81-1|yes_bid|join,T-6h,1790277762,1790295300,26SEP24ATLGB,KXNFLTD,KXNFLTD-26SEP24ATLGB-GBJWHYLE81-1,Josh Whyle: 1+,yes_bid,join,0.03,1231.0,0.03,0.04,unfilled,0.0,,,,
T-6h|KXNFLTD-26SEP24ATLGB-GBTKRAFT85-2|no_bid|join,T-6h,1790277762,1790295300,26SEP24ATLGB,KXNFLTD,KXNFLTD-26SEP24ATLGB-GBTKRAFT85-2,Tucker Kraft: 2+,no_bid,join,0.05,178374.95,0.03,0.05,unfilled,0.0,,,,
T-6h|KXNFLTD-26SEP24ATLGB-GBTKRAFT85-2|yes_bid|join,T-6h,1790277762,1790295300,26SEP24ATLGB,KXNFLTD,KXNFLTD-26SEP24ATLGB-GBTKRAFT85-2,Tucker Kraft: 2+,yes_bid,join,0.03,23893.0,0.03,0.05,unfilled,0.0,,,,
T-6h|KXNFLTD-26SEP24ATLGB-GBTKRAFT85-2|no_bid|improve,T-6h,1790277762,1790295300,26SEP24ATLGB,KXNFLTD,KXNFLTD-26SEP24ATLGB-GBTKRAFT85-2,Tucker Kraft: 2+,no_bid,improve,0.04,0.0,0.03,0.05,settled,100,no,4.0,0.07,1790323055
T-6h|KXNFLTD-26SEP24ATLGB-GBTKRAFT85-2|yes_bid|improve,T-6h,1790277762,1790295300,26SEP24ATLGB,KXNFLTD,KXNFLTD-26SEP24ATLGB-GBTKRAFT85-2,Tucker Kraft: 2+,yes_bid,improve,0.04,0.0,0.03,0.05,unfilled,0.0,,,,
T-6h|KXNFLTD-26SEP24ATLGB-GBTKRAFT85-1|no_bid|join,T-6h,1790277762,1790295300,26SEP24ATLGB,KXNFLTD,KXNFLTD-26SEP24ATLGB-GBTKRAFT85-1,Tucker Kraft: 1+,no_bid,join,0.32,360056.21,0.31,0.32,unfilled,0.0,,,,
T-6h|KXNFLTD-26SEP24ATLGB-GBTKRAFT85-1|yes_bid|join,T-6h,1790277762,1790295300,26SEP24ATLGB,KXNFLTD,KXNFLTD-26SEP24ATLGB-GBTKRAFT85-1,Tucker Kraft: 1+,yes_bid,join,0.31,4307.04,0.31,0.32,settled,100,no,-31.0,0.38,1790323065
T-6h|KXNFLTD-26SEP24ATLGB-GBSMOORE23-2|no_bid|join,T-6h,1790277762,1790295300,26SEP24ATLGB,KXNFLTD,KXNFLTD-26SEP24ATLGB-GBSMOORE23-2,Skyy Moore: 2+,no_bid,join,0.02,489728.03,0.01,0.02,unfilled,0.0,,,,
T-6h|KXNFLTD-26SEP24ATLGB-GBSMOORE23-2|yes_bid|join,T-6h,1790277762,1790295300,26SEP24ATLGB,KXNFLTD,KXNFLTD-26SEP24ATLGB-GBSMOORE23-2,Skyy Moore: 2+,yes_bid,join,0.01,550.0,0.01,0.02,unfilled,0.0,,,,
T-6h|KXNFLTD-26SEP24ATLGB-GBSMOORE23-1|no_bid|join,T-6h,1790277762,1790295300,26SEP24ATLGB,KXNFLTD,KXNFLTD-26SEP24ATLGB-GBSMOORE23-1,Skyy Moore: 1+,no_bid,join,0.13,33742.49,0.12,0.13,unfilled,0.0,,,,
T-6h|KXNFLTD-26SEP24ATLGB-GBSMOORE23-1|yes_bid|join,T-6h,1790277762,1790295300,26SEP24ATLGB,KXNFLTD,KXNFLTD-26SEP24ATLGB-GBSMOORE23-1,Skyy Moore: 1+,yes_bid,join,0.12,10076.0,0.12,0.13,unfilled,0.0,,,,
T-6h|KXNFLTD-26SEP24ATLGB-GBMLLOYD32-2|no_bid|join,T-6h,1790277762,1790295300,26SEP24ATLGB,KXNFLTD,KXNFLTD-26SEP24ATLGB-GBMLLOYD32-2,MarShawn Lloyd: 2+,no_bid,join,0.05,139722.4,0.04,0.05,unfilled,0.0,,,,
T-6h|KXNFLTD-26SEP24ATLGB-GBMLLOYD32-2|yes_bid|join,T-6h,1790277762,1790295300,26SEP24ATLGB,KXNFLTD,KXNFLTD-26SEP24ATLGB-GBMLLOYD32-2,MarShawn Lloyd: 2+,yes_bid,join,0.04,8.0,0.04,0.05,unfilled,0.0,,,,
T-6h|KXNFLTD-26SEP24ATLGB-GBMLLOYD32-1|no_bid|join,T-6h,1790277762,1790295300,26SEP24ATLGB,KXNFLTD,KXNFLTD-26SEP24ATLGB-GBMLLOYD32-1,MarShawn Lloyd: 1+,no_bid,join,0.3,379986.19,0.29,0.3,unfilled,0.0,,,,
T-6h|KXNFLTD-26SEP24ATLGB-GBMLLOYD32-1|yes_bid|join,T-6h,1790277762,1790295300,26SEP24ATLGB,KXNFLTD,KXNFLTD-26SEP24ATLGB-GBMLLOYD32-1,MarShawn Lloyd: 1+,yes_bid,join,0.29,4238.84,0.29,0.3,settled,100,no,-29.0,0.37,1790323063
T-6h|KXNFLTD-26SEP24ATLGB-GBMGOLDEN0-2|no_bid|join,T-6h,1790277762,1790295300,26SEP24ATLGB,KXNFLTD,KXNFLTD-26SEP24ATLGB-GBMGOLDEN0-2,Matthew Golden: 2+,no_bid,join,0.05,409056.09,0.04,0.05,settled,100,no,5.0,0.09,1790323065
T-6h|KXNFLTD-26SEP24ATLGB-GBMGOLDEN0-2|yes_bid|join,T-6h,1790277762,1790295300,26SEP24ATLGB,KXNFLTD,KXNFLTD-26SEP24ATLGB-GBMGOLDEN0-2,Matthew Golden: 2+,yes_bid,join,0.04,220.0,0.04,0.05,settled,100,no,-4.0,0.07,1790323065
T-6h|KXNFLTD-26SEP24ATLGB-GBMGOLDEN0-1|no_bid|join,T-6h,1790277762,1790295300,26SEP24ATLGB,KXNFLTD,KXNFLTD-26SEP24ATLGB-GBMGOLDEN0-1,Matthew Golden: 1+,no_bid,join,0.31,409944.99,0.3,0.31,unfilled,0.0,,,,
T-6h|KXNFLTD-26SEP24ATLGB-GBMGOLDEN0-1|yes_bid|join,T-6h,1790277762,1790295300,26SEP24ATLGB,KXNFLTD,KXNFLTD-26SEP24ATLGB-GBMGOLDEN0-1,Matthew Golden: 1+,yes_bid,join,0.3,9086.17,0.3,0.31,unfilled,0.0,,,,
T-6h|KXNFLTD-26SEP24ATLGB-GBKJOHNSON26-2|no_bid|join,T-6h,1790277762,1790295300,26SEP24ATLGB,KXNFLTD,KXNFLTD-26SEP24ATLGB-GBKJOHNSON26-2,Kaleb Johnson: 2+,no_bid,join,0.05,71271.0,0.03,0.05,unfilled,0.0,,,,
T-6h|KXNFLTD-26SEP24ATLGB-GBKJOHNSON26-2|yes_bid|join,T-6h,1790277762,1790295300,26SEP24ATLGB,KXNFLTD,KXNFLTD-26SEP24ATLGB-GBKJOHNSON26-2,Kaleb Johnson: 2+,yes_bid,join,0.03,1827.0,0.03,0.05,unfilled,0.0,,,,
T-6h|KXNFLTD-26SEP24ATLGB-GBKJOHNSON26-2|no_bid|improve,T-6h,1790277762,1790295300,26SEP24ATLGB,KXNFLTD,KXNFLTD-26SEP24ATLGB-GBKJOHNSON26-2,Kaleb Johnson: 2+,no_bid,improve,0.04,0.0,0.03,0.05,settled,100,no,4.0,0.07,1790323066
T-6h|KXNFLTD-26SEP24ATLGB-GBKJOHNSON26-2|yes_bid|improve,T-6h,1790277762,1790295300,26SEP24ATLGB,KXNFLTD,KXNFLTD-26SEP24ATLGB-GBKJOHNSON26-2,Kaleb Johnson: 2+,yes_bid,improve,0.04,0.0,0.03,0.05,unfilled,0.0,,,,
T-6h|KXNFLTD-26SEP24ATLGB-GBKJOHNSON26-1|no_bid|join,T-6h,1790277762,1790295300,26SEP24ATLGB,KXNFLTD,KXNFLTD-26SEP24ATLGB-GBKJOHNSON26-1,Kaleb Johnson: 1+,no_bid,join,0.3,40530.41,0.29,0.3,settled,100,no,30.0,0.37,1790323068
T-6h|KXNFLTD-26SEP24ATLGB-GBKJOHNSON26-1|yes_bid|join,T-6h,1790277762,1790295300,26SEP24ATLGB,KXNFLTD,KXNFLTD-26SEP24ATLGB-GBKJOHNSON26-1,Kaleb Johnson: 1+,yes_bid,join,0.29,12347.36,0.29,0.3,unfilled,0.0,,,,
T-6h|KXNFLTD-26SEP24ATLGB-GBJSMITH18-1|no_bid|join,T-6h,1790277762,1790295300,26SEP24ATLGB,KXNFLTD,KXNFLTD-26SEP24ATLGB-GBJSMITH18-1,Jonnu Smith: 1+,no_bid,join,0.12,121939.8,0.11,0.12,settled,100,no,12.0,0.19,1790323059
T-6h|KXNFLTD-26SEP24ATLGB-GBJSMITH18-1|yes_bid|join,T-6h,1790277762,1790295300,26SEP24ATLGB,KXNFLTD,KXNFLTD-26SEP24ATLGB-GBJSMITH18-1,Jonnu Smith: 1+,yes_bid,join,0.11,225.0,0.11,0.12,settled,100,no,-11.0,0.18,1790323059
T-6h|KXNFLTD-26SEP24ATLGB-GBJLOVE10-1|no_bid|join,T-6h,1790277762,1790295300,26SEP24ATLGB,KXNFLTD,KXNFLTD-26SEP24ATLGB-GBJLOVE10-1,Jordan Love: 1+,no_bid,join,0.12,120096.4,0.11,0.12,unfilled,0.0,,,,
T-6h|KXNFLTD-26SEP24ATLGB-GBJLOVE10-1|yes_bid|join,T-6h,1790277762,1790295300,26SEP24ATLGB,KXNFLTD,KXNFLTD-26SEP24ATLGB-GBJLOVE10-1,Jordan Love: 1+,yes_bid,join,0.11,5222.4,0.11,0.12,settled,100,no,-11.0,0.18,1790323069
T-6h|KXNFLTD-26SEP24ATLGB-GBGBDST-1|no_bid|join,T-6h,1790277762,1790295300,26SEP24ATLGB,KXNFLTD,KXNFLTD-26SEP24ATLGB-GBGBDST-1,GB Packers D/ST: 1+,no_bid,join,0.12,207.17,0.11,0.12,settled,100,no,12.0,0.19,1790323059
T-6h|KXNFLTD-26SEP24ATLGB-GBGBDST-1|yes_bid|join,T-6h,1790277762,1790295300,26SEP24ATLGB,KXNFLTD,KXNFLTD-26SEP24ATLGB-GBGBDST-1,GB Packers D/ST: 1+,yes_bid,join,0.11,674.42,0.11,0.12,unfilled,0.0,,,,
T-6h|KXNFLTD-26SEP24ATLGB-GBCWATSON9-2|no_bid|join,T-6h,1790277762,1790295300,26SEP24ATLGB,KXNFLTD,KXNFLTD-26SEP24ATLGB-GBCWATSON9-2,Christian Watson: 2+,no_bid,join,0.07,544571.68,0.06,0.07,settled,100,no,7.0,0.12,1790323063
T-6h|KXNFLTD-26SEP24ATLGB-GBCWATSON9-2|yes_bid|join,T-6h,1790277762,1790295300,26SEP24ATLGB,KXNFLTD,KXNFLTD-26SEP24ATLGB-GBCWATSON9-2,Christian Watson: 2+,yes_bid,join,0.06,1448.54,0.06,0.07,unfilled,0.0,,,,
T-6h|KXNFLTD-26SEP24ATLGB-GBCWATSON9-1|no_bid|join,T-6h,1790277762,1790295300,26SEP24ATLGB,KXNFLTD,KXNFLTD-26SEP24ATLGB-GBCWATSON9-1,Christian Watson: 1+,no_bid,join,0.38,117817.7,0.37,0.38,settled,100,yes,-62.0,0.42,1790299084
T-6h|KXNFLTD-26SEP24ATLGB-GBCWATSON9-1|yes_bid|join,T-6h,1790277762,1790295300,26SEP24ATLGB,KXNFLTD,KXNFLTD-26SEP24ATLGB-GBCWATSON9-1,Christian Watson: 1+,yes_bid,join,0.37,921.36,0.37,0.38,unfilled,0.0,,,,
T-6h|KXNFLTD-26SEP24ATLGB-GBCBROOKS30-2|no_bid|join,T-6h,1790277762,1790295300,26SEP24ATLGB,KXNFLTD,KXNFLTD-26SEP24ATLGB-GBCBROOKS30-2,Chris Brooks: 2+,no_bid,join,0.03,95555.0,0.02,0.03,unfilled,0.0,,,,
T-6h|KXNFLTD-26SEP24ATLGB-GBCBROOKS30-2|yes_bid|join,T-6h,1790277762,1790295300,26SEP24ATLGB,KXNFLTD,KXNFLTD-26SEP24ATLGB-GBCBROOKS30-2,Chris Brooks: 2+,yes_bid,join,0.02,50000.0,0.02,0.03,unfilled,0.0,,,,
T-6h|KXNFLTD-26SEP24ATLGB-GBCBROOKS30-1|no_bid|join,T-6h,1790277762,1790295300,26SEP24ATLGB,KXNFLTD,KXNFLTD-26SEP24ATLGB-GBCBROOKS30-1,Chris Brooks: 1+,no_bid,join,0.2,44326.13,0.19,0.2,unfilled,0.0,,,,
T-6h|KXNFLTD-26SEP24ATLGB-GBCBROOKS30-1|yes_bid|join,T-6h,1790277762,1790295300,26SEP24ATLGB,KXNFLTD,KXNFLTD-26SEP24ATLGB-GBCBROOKS30-1,Chris Brooks: 1+,yes_bid,join,0.19,223.0,0.19,0.2,settled,100,no,-19.0,0.27,1790323064
T-6h|KXNFLTD-26SEP24ATLGB-GBBMELTON16-1|no_bid|join,T-6h,1790277762,1790295300,26SEP24ATLGB,KXNFLTD,KXNFLTD-26SEP24ATLGB-GBBMELTON16-1,Bo Melton: 1+,no_bid,join,0.09,450935.58,0.08,0.09,unfilled,0.0,,,,
T-6h|KXNFLTD-26SEP24ATLGB-GBBMELTON16-1|yes_bid|join,T-6h,1790277762,1790295300,26SEP24ATLGB,KXNFLTD,KXNFLTD-26SEP24ATLGB-GBBMELTON16-1,Bo Melton: 1+,yes_bid,join,0.08,3588.44,0.08,0.09,settled,100,no,-8.0,0.13,1790323060
T-6h|KXNFLTD-26SEP24ATLGB-ATLZBRANCH17-1|no_bid|join,T-6h,1790277762,1790295300,26SEP24ATLGB,KXNFLTD,KXNFLTD-26SEP24ATLGB-ATLZBRANCH17-1,Zachariah Branch: 1+,no_bid,join,0.06,398714.21,0.05,0.06,unfilled,0.0,,,,
T-6h|KXNFLTD-26SEP24ATLGB-ATLZBRANCH17-1|yes_bid|join,T-6h,1790277762,1790295300,26SEP24ATLGB,KXNFLTD,KXNFLTD-26SEP24ATLGB-ATLZBRANCH17-1,Zachariah Branch: 1+,yes_bid,join,0.05,24502.0,0.05,0.06,unfilled,0.0,,,,
T-6h|KXNFLTD-26SEP24ATLGB-ATLOZACCHEAUS14-1|no_bid|join,T-6h,1790277762,1790295300,26SEP24ATLGB,KXNFLTD,KXNFLTD-26SEP24ATLGB-ATLOZACCHEAUS14-1,Olamide Zaccheaus: 1+,no_bid,join,0.09,172610.58,0.08,0.09,unfilled,0.0,,,,
T-6h|KXNFLTD-26SEP24ATLGB-ATLOZACCHEAUS14-1|yes_bid|join,T-6h,1790277762,1790295300,26SEP24ATLGB,KXNFLTD,KXNFLTD-26SEP24ATLGB-ATLOZACCHEAUS14-1,Olamide Zaccheaus: 1+,yes_bid,join,0.08,26245.99,0.08,0.09,unfilled,0.0,,,,
T-6h|KXNFLTD-26SEP24ATLGB-ATLMPENIX9-1|no_bid|join,T-6h,1790277762,1790295300,26SEP24ATLGB,KXNFLTD,KXNFLTD-26SEP24ATLGB-ATLMPENIX9-1,Michael Penix Jr.: 1+,no_bid,join,0.08,549187.55,0.07,0.08,settled,100,no,8.0,0.13,1790323070
T-6h|KXNFLTD-26SEP24ATLGB-ATLMPENIX9-1|yes_bid|join,T-6h,1790277762,1790295300,26SEP24ATLGB,KXNFLTD,KXNFLTD-26SEP24ATLGB-ATLMPENIX9-1,Michael Penix Jr.: 1+,yes_bid,join,0.07,1286.17,0.07,0.08,settled,100,no,-7.0,0.12,1790323070
T-6h|KXNFLTD-26SEP24ATLGB-ATLKPITTS8-2|no_bid|join,T-6h,1790277762,1790295300,26SEP24ATLGB,KXNFLTD,KXNFLTD-26SEP24ATLGB-ATLKPITTS8-2,Kyle Pitts Sr.: 2+,no_bid,join,0.02,351099.29,0.01,0.02,unfilled,0.0,,,,
T-6h|KXNFLTD-26SEP24ATLGB-ATLKPITTS8-2|yes_bid|join,T-6h,1790277762,1790295300,26SEP24ATLGB,KXNFLTD,KXNFLTD-26SEP24ATLGB-ATLKPITTS8-2,Kyle Pitts Sr.: 2+,yes_bid,join,0.01,12525.41,0.01,0.02,unfilled,0.0,,,,
T-6h|KXNFLTD-26SEP24ATLGB-ATLKPITTS8-1|no_bid|join,T-6h,1790277762,1790295300,26SEP24ATLGB,KXNFLTD,KXNFLTD-26SEP24ATLGB-ATLKPITTS8-1,Kyle Pitts Sr.: 1+,no_bid,join,0.18,34019.22,0.17,0.18,settled,100,no,18.0,0.26,1790323067
T-6h|KXNFLTD-26SEP24ATLGB-ATLKPITTS8-1|yes_bid|join,T-6h,1790277762,1790295300,26SEP24ATLGB,KXNFLTD,KXNFLTD-26SEP24ATLGB-ATLKPITTS8-1,Kyle Pitts Sr.: 1+,yes_bid,join,0.17,2577.94,0.17,0.18,unfilled,0.0,,,,
T-6h|KXNFLTD-26SEP24ATLGB-ATLJDOTSON4-1|no_bid|join,T-6h,1790277762,1790295300,26SEP24ATLGB,KXNFLTD,KXNFLTD-26SEP24ATLGB-ATLJDOTSON4-1,Jahan Dotson: 1+,no_bid,join,0.11,356985.62,0.1,0.11,unfilled,0.0,,,,
T-6h|KXNFLTD-26SEP24ATLGB-ATLJDOTSON4-1|yes_bid|join,T-6h,1790277762,1790295300,26SEP24ATLGB,KXNFLTD,KXNFLTD-26SEP24ATLGB-ATLJDOTSON4-1,Jahan Dotson: 1+,yes_bid,join,0.1,39332.66,0.1,0.11,unfilled,0.0,,,,
T-6h|KXNFLTD-26SEP24ATLGB-ATLDLONDON5-2|no_bid|join,T-6h,1790277762,1790295300,26SEP24ATLGB,KXNFLTD,KXNFLTD-26SEP24ATLGB-ATLDLONDON5-2,Drake London: 2+,no_bid,join,0.05,67000.75,0.04,0.05,settled,100,no,5.0,0.09,1790323064
T-6h|KXNFLTD-26SEP24ATLGB-ATLDLONDON5-2|yes_bid|join,T-6h,1790277762,1790295300,26SEP24ATLGB,KXNFLTD,KXNFLTD-26SEP24ATLGB-ATLDLONDON5-2,Drake London: 2+,yes_bid,join,0.04,677.98,0.04,0.05,settled,100,no,-4.0,0.07,1790323064
T-6h|KXNFLTD-26SEP24ATLGB-ATLDLONDON5-1|no_bid|join,T-6h,1790277762,1790295300,26SEP24ATLGB,KXNFLTD,KXNFLTD-26SEP24ATLGB-ATLDLONDON5-1,Drake London: 1+,no_bid,join,0.32,69600.47,0.31,0.32,settled,100,no,32.0,0.39,1790323070
T-6h|KXNFLTD-26SEP24ATLGB-ATLDLONDON5-1|yes_bid|join,T-6h,1790277762,1790295300,26SEP24ATLGB,KXNFLTD,KXNFLTD-26SEP24ATLGB-ATLDLONDON5-1,Drake London: 1+,yes_bid,join,0.31,3040.85,0.31,0.32,unfilled,0.0,,,,
T-6h|KXNFLTD-26SEP24ATLGB-ATLBROBINSON7-3|no_bid|join,T-6h,1790277762,1790295300,26SEP24ATLGB,KXNFLTD,KXNFLTD-26SEP24ATLGB-ATLBROBINSON7-3,Bijan Robinson: 3+,no_bid,join,0.04,61983.38,0.02,0.04,unfilled,0.0,,,,
T-6h|KXNFLTD-26SEP24ATLGB-ATLBROBINSON7-3|yes_bid|join,T-6h,1790277762,1790295300,26SEP24ATLGB,KXNFLTD,KXNFLTD-26SEP24ATLGB-ATLBROBINSON7-3,Bijan Robinson: 3+,yes_bid,join,0.02,3020.0,0.02,0.04,unfilled,0.0,,,,
T-6h|KXNFLTD-26SEP24ATLGB-ATLBROBINSON7-3|no_bid|improve,T-6h,1790277762,1790295300,26SEP24ATLGB,KXNFLTD,KXNFLTD-26SEP24ATLGB-ATLBROBINSON7-3,Bijan Robinson: 3+,no_bid,improve,0.03,0.0,0.02,0.04,settled,100,no,3.0,0.06,1790323055
T-6h|KXNFLTD-26SEP24ATLGB-ATLBROBINSON7-3|yes_bid|improve,T-6h,1790277762,1790295300,26SEP24ATLGB,KXNFLTD,KXNFLTD-26SEP24ATLGB-ATLBROBINSON7-3,Bijan Robinson: 3+,yes_bid,improve,0.03,0.0,0.02,0.04,settled,100,no,-3.0,0.06,1790323055
T-6h|KXNFLTD-26SEP24ATLGB-ATLBROBINSON7-2|no_bid|join,T-6h,1790277762,1790295300,26SEP24ATLGB,KXNFLTD,KXNFLTD-26SEP24ATLGB-ATLBROBINSON7-2,Bijan Robinson: 2+,no_bid,join,0.17,114273.11,0.16,0.17,settled,100,yes,-83.0,0.25,1790323059
T-6h|KXNFLTD-26SEP24ATLGB-ATLBROBINSON7-2|yes_bid|join,T-6h,1790277762,1790295300,26SEP24ATLGB,KXNFLTD,KXNFLTD-26SEP24ATLGB-ATLBROBINSON7-2,Bijan Robinson: 2+,yes_bid,join,0.16,904.89,0.16,0.17,settled,34.14,yes,28.68,0.09,1790323059
T-6h|KXNFLTD-26SEP24ATLGB-ATLBROBINSON7-1|no_bid|join,T-6h,1790277762,1790295300,26SEP24ATLGB,KXNFLTD,KXNFLTD-26SEP24ATLGB-ATLBROBINSON7-1,Bijan Robinson: 1+,no_bid,join,0.55,162498.63,0.54,0.55,settled,100,yes,-45.0,0.44,1790299079
T-6h|KXNFLTD-26SEP24ATLGB-ATLBROBINSON7-1|yes_bid|join,T-6h,1790277762,1790295300,26SEP24ATLGB,KXNFLTD,KXNFLTD-26SEP24ATLGB-ATLBROBINSON7-1,Bijan Robinson: 1+,yes_bid,join,0.54,12468.44,0.54,0.55,settled,100,yes,46.0,0.44,1790299079
T-6h|KXNFLTD-26SEP24ATLGB-ATLBROBINSON15-2|no_bid|join,T-6h,1790277762,1790295300,26SEP24ATLGB,KXNFLTD,KXNFLTD-26SEP24ATLGB-ATLBROBINSON15-2,Brian Robinson: 2+,no_bid,join,0.02,500897.76,0.01,0.02,unfilled,0.0,,,,
T-6h|KXNFLTD-26SEP24ATLGB-ATLBROBINSON15-2|yes_bid|join,T-6h,1790277762,1790295300,26SEP24ATLGB,KXNFLTD,KXNFLTD-26SEP24ATLGB-ATLBROBINSON15-2,Brian Robinson: 2+,yes_bid,join,0.01,1750.0,0.01,0.02,unfilled,0.0,,,,
T-6h|KXNFLTD-26SEP24ATLGB-ATLBROBINSON15-1|no_bid|join,T-6h,1790277762,1790295300,26SEP24ATLGB,KXNFLTD,KXNFLTD-26SEP24ATLGB-ATLBROBINSON15-1,Brian Robinson: 1+,no_bid,join,0.17,370437.99,0.16,0.17,unfilled,0.0,,,,
T-6h|KXNFLTD-26SEP24ATLGB-ATLBROBINSON15-1|yes_bid|join,T-6h,1790277762,1790295300,26SEP24ATLGB,KXNFLTD,KXNFLTD-26SEP24ATLGB-ATLBROBINSON15-1,Brian Robinson: 1+,yes_bid,join,0.16,15657.22,0.16,0.17,settled,100,yes,84.0,0.24,1790323061
T-6h|KXNFLTD-26SEP24ATLGB-ATLATLDST-1|no_bid|join,T-6h,1790277762,1790295300,26SEP24ATLGB,KXNFLTD,KXNFLTD-26SEP24ATLGB-ATLATLDST-1,ATL Falcons D/ST: 1+,no_bid,join,0.11,240.3,0.1,0.11,settled,100,no,11.0,0.18,1790323054
T-6h|KXNFLTD-26SEP24ATLGB-ATLATLDST-1|yes_bid|join,T-6h,1790277762,1790295300,26SEP24ATLGB,KXNFLTD,KXNFLTD-26SEP24ATLGB-ATLATLDST-1,ATL Falcons D/ST: 1+,yes_bid,join,0.1,527.6,0.1,0.11,unfilled,0.0,,,,
T-6h|KXNFLTD-26SEP24ATLGB-ATLAHOOPER81-1|no_bid|join,T-6h,1790277762,1790295300,26SEP24ATLGB,KXNFLTD,KXNFLTD-26SEP24ATLGB-ATLAHOOPER81-1,Austin Hooper: 1+,no_bid,join,0.06,403669.43,0.05,0.06,unfilled,0.0,,,,
T-6h|KXNFLTD-26SEP24ATLGB-ATLAHOOPER81-1|yes_bid|join,T-6h,1790277762,1790295300,26SEP24ATLGB,KXNFLTD,KXNFLTD-26SEP24ATLGB-ATLAHOOPER81-1,Austin Hooper: 1+,yes_bid,join,0.05,15338.6,0.05,0.06,unfilled,0.0,,,,
T-6h|KXNFLFIRSTTD-26SEP24ATLGB-ATLMPENIX9|no_bid|join,T-6h,1790277762,1790295300,26SEP24ATLGB,KXNFLFIRSTTD,KXNFLFIRSTTD-26SEP24ATLGB-ATLMPENIX9,Michael Penix Jr.,no_bid,join,0.02,363038.98,0.01,0.02,settled,100,no,2.0,0.04,1790299090
T-6h|KXNFLFIRSTTD-26SEP24ATLGB-ATLMPENIX9|yes_bid|join,T-6h,1790277762,1790295300,26SEP24ATLGB,KXNFLFIRSTTD,KXNFLFIRSTTD-26SEP24ATLGB-ATLMPENIX9,Michael Penix Jr.,yes_bid,join,0.01,10946.0,0.01,0.02,unfilled,0.0,,,,
T-6h|KXNFLFIRSTTD-26SEP24ATLGB-GBBMELTON16|no_bid|join,T-6h,1790277762,1790295300,26SEP24ATLGB,KXNFLFIRSTTD,KXNFLFIRSTTD-26SEP24ATLGB-GBBMELTON16,Bo Melton,no_bid,join,0.02,432872.03,0.01,0.02,unfilled,0.0,,,,
T-6h|KXNFLFIRSTTD-26SEP24ATLGB-GBBMELTON16|yes_bid|join,T-6h,1790277762,1790295300,26SEP24ATLGB,KXNFLFIRSTTD,KXNFLFIRSTTD-26SEP24ATLGB-GBBMELTON16,Bo Melton,yes_bid,join,0.01,1710.0,0.01,0.02,unfilled,0.0,,,,
T-6h|KXNFLFIRSTTD-26SEP24ATLGB-ATLBROBINSON7|no_bid|join,T-6h,1790277762,1790295300,26SEP24ATLGB,KXNFLFIRSTTD,KXNFLFIRSTTD-26SEP24ATLGB-ATLBROBINSON7,Bijan Robinson,no_bid,join,0.16,160093.34,0.15,0.16,settled,100,no,16.0,0.24,1790299076
T-6h|KXNFLFIRSTTD-26SEP24ATLGB-ATLBROBINSON7|yes_bid|join,T-6h,1790277762,1790295300,26SEP24ATLGB,KXNFLFIRSTTD,KXNFLFIRSTTD-26SEP24ATLGB-ATLBROBINSON7,Bijan Robinson,yes_bid,join,0.15,2970.49,0.15,0.16,unfilled,0.0,,,,
T-6h|KXNFLFIRSTTD-26SEP24ATLGB-ATLOZACCHEAUS14|no_bid|join,T-6h,1790277762,1790295300,26SEP24ATLGB,KXNFLFIRSTTD,KXNFLFIRSTTD-26SEP24ATLGB-ATLOZACCHEAUS14,Olamide Zaccheaus,no_bid,join,0.02,432844.44,0.01,0.02,unfilled,0.0,,,,
T-6h|KXNFLFIRSTTD-26SEP24ATLGB-ATLOZACCHEAUS14|yes_bid|join,T-6h,1790277762,1790295300,26SEP24ATLGB,KXNFLFIRSTTD,KXNFLFIRSTTD-26SEP24ATLGB-ATLOZACCHEAUS14,Olamide Zaccheaus,yes_bid,join,0.01,14571.0,0.01,0.02,unfilled,0.0,,,,
T-6h|KXNFLFIRSTTD-26SEP24ATLGB-ATLJDOTSON4|no_bid|join,T-6h,1790277762,1790295300,26SEP24ATLGB,KXNFLFIRSTTD,KXNFLFIRSTTD-26SEP24ATLGB-ATLJDOTSON4,Jahan Dotson,no_bid,join,0.03,598925.22,0.02,0.03,unfilled,0.0,,,,
T-6h|KXNFLFIRSTTD-26SEP24ATLGB-ATLJDOTSON4|yes_bid|join,T-6h,1790277762,1790295300,26SEP24ATLGB,KXNFLFIRSTTD,KXNFLFIRSTTD-26SEP24ATLGB-ATLJDOTSON4,Jahan Dotson,yes_bid,join,0.02,163862.79,0.02,0.03,unfilled,0.0,,,,
T-6h|KXNFLFIRSTTD-26SEP24ATLGB-ATLBROBINSON15|no_bid|join,T-6h,1790277762,1790295300,26SEP24ATLGB,KXNFLFIRSTTD,KXNFLFIRSTTD-26SEP24ATLGB-ATLBROBINSON15,Brian Robinson,no_bid,join,0.04,581417.23,0.03,0.04,unfilled,0.0,,,,
T-6h|KXNFLFIRSTTD-26SEP24ATLGB-ATLBROBINSON15|yes_bid|join,T-6h,1790277762,1790295300,26SEP24ATLGB,KXNFLFIRSTTD,KXNFLFIRSTTD-26SEP24ATLGB-ATLBROBINSON15,Brian Robinson,yes_bid,join,0.03,1030.0,0.03,0.04,unfilled,0.0,,,,
T-6h|KXNFLFIRSTTD-26SEP24ATLGB-ATLDLONDON5|no_bid|join,T-6h,1790277762,1790295300,26SEP24ATLGB,KXNFLFIRSTTD,KXNFLFIRSTTD-26SEP24ATLGB-ATLDLONDON5,Drake London,no_bid,join,0.07,115107.36,0.05,0.07,settled,100,no,7.0,0.12,1790299089
T-6h|KXNFLFIRSTTD-26SEP24ATLGB-ATLDLONDON5|yes_bid|join,T-6h,1790277762,1790295300,26SEP24ATLGB,KXNFLFIRSTTD,KXNFLFIRSTTD-26SEP24ATLGB-ATLDLONDON5,Drake London,yes_bid,join,0.05,5269.42,0.05,0.07,unfilled,0.0,,,,
T-6h|KXNFLFIRSTTD-26SEP24ATLGB-ATLDLONDON5|no_bid|improve,T-6h,1790277762,1790295300,26SEP24ATLGB,KXNFLFIRSTTD,KXNFLFIRSTTD-26SEP24ATLGB-ATLDLONDON5,Drake London,no_bid,improve,0.06,0.0,0.05,0.07,settled,100,no,6.0,0.1,1790299089
T-6h|KXNFLFIRSTTD-26SEP24ATLGB-ATLDLONDON5|yes_bid|improve,T-6h,1790277762,1790295300,26SEP24ATLGB,KXNFLFIRSTTD,KXNFLFIRSTTD-26SEP24ATLGB-ATLDLONDON5,Drake London,yes_bid,improve,0.06,0.0,0.05,0.07,settled,100,no,-6.0,0.1,1790299089
T-6h|KXNFLFIRSTTD-26SEP24ATLGB-ATLKPITTS8|no_bid|join,T-6h,1790277762,1790295300,26SEP24ATLGB,KXNFLFIRSTTD,KXNFLFIRSTTD-26SEP24ATLGB-ATLKPITTS8,Kyle Pitts Sr.,no_bid,join,0.05,481482.76,0.04,0.05,unfilled,0.0,,,,
T-6h|KXNFLFIRSTTD-26SEP24ATLGB-ATLKPITTS8|yes_bid|join,T-6h,1790277762,1790295300,26SEP24ATLGB,KXNFLFIRSTTD,KXNFLFIRSTTD-26SEP24ATLGB-ATLKPITTS8,Kyle Pitts Sr.,yes_bid,join,0.04,10040.64,0.04,0.05,unfilled,0.0,,,,
T-6h|KXNFLFIRSTTD-26SEP24ATLGB-GBJLOVE10|no_bid|join,T-6h,1790277762,1790295300,26SEP24ATLGB,KXNFLFIRSTTD,KXNFLFIRSTTD-26SEP24ATLGB-GBJLOVE10,Jordan Love,no_bid,join,0.03,401114.21,0.02,0.03,unfilled,0.0,,,,
T-6h|KXNFLFIRSTTD-26SEP24ATLGB-GBJLOVE10|yes_bid|join,T-6h,1790277762,1790295300,26SEP24ATLGB,KXNFLFIRSTTD,KXNFLFIRSTTD-26SEP24ATLGB-GBJLOVE10,Jordan Love,yes_bid,join,0.02,9858.97,0.02,0.03,unfilled,0.0,,,,
T-6h|KXNFLFIRSTTD-26SEP24ATLGB-GBJSMITH18|no_bid|join,T-6h,1790277762,1790295300,26SEP24ATLGB,KXNFLFIRSTTD,KXNFLFIRSTTD-26SEP24ATLGB-GBJSMITH18,Jonnu Smith,no_bid,join,0.03,467255.06,0.02,0.03,settled,100,no,3.0,0.06,1790302781
T-6h|KXNFLFIRSTTD-26SEP24ATLGB-GBJSMITH18|yes_bid|join,T-6h,1790277762,1790295300,26SEP24ATLGB,KXNFLFIRSTTD,KXNFLFIRSTTD-26SEP24ATLGB-GBJSMITH18,Jonnu Smith,yes_bid,join,0.02,2635.45,0.02,0.03,unfilled,0.0,,,,
T-6h|KXNFLFIRSTTD-26SEP24ATLGB-GBMGOLDEN0|no_bid|join,T-6h,1790277762,1790295300,26SEP24ATLGB,KXNFLFIRSTTD,KXNFLFIRSTTD-26SEP24ATLGB-GBMGOLDEN0,Matthew Golden,no_bid,join,0.08,416415.19,0.07,0.08,unfilled,0.0,,,,
T-6h|KXNFLFIRSTTD-26SEP24ATLGB-GBMGOLDEN0|yes_bid|join,T-6h,1790277762,1790295300,26SEP24ATLGB,KXNFLFIRSTTD,KXNFLFIRSTTD-26SEP24ATLGB-GBMGOLDEN0,Matthew Golden,yes_bid,join,0.07,2371.8,0.07,0.08,unfilled,0.0,,,,
T-6h|KXNFLFIRSTTD-26SEP24ATLGB-GBKJOHNSON26|no_bid|join,T-6h,1790277762,1790295300,26SEP24ATLGB,KXNFLFIRSTTD,KXNFLFIRSTTD-26SEP24ATLGB-GBKJOHNSON26,Kaleb Johnson,no_bid,join,0.08,157306.74,0.07,0.08,unfilled,0.0,,,,
T-6h|KXNFLFIRSTTD-26SEP24ATLGB-GBKJOHNSON26|yes_bid|join,T-6h,1790277762,1790295300,26SEP24ATLGB,KXNFLFIRSTTD,KXNFLFIRSTTD-26SEP24ATLGB-GBKJOHNSON26,Kaleb Johnson,yes_bid,join,0.07,3688.0,0.07,0.08,unfilled,0.0,,,,
T-6h|KXNFLFIRSTTD-26SEP24ATLGB-GBMLLOYD32|no_bid|join,T-6h,1790277762,1790295300,26SEP24ATLGB,KXNFLFIRSTTD,KXNFLFIRSTTD-26SEP24ATLGB-GBMLLOYD32,MarShawn Lloyd,no_bid,join,0.08,160453.02,0.07,0.08,unfilled,0.0,,,,
T-6h|KXNFLFIRSTTD-26SEP24ATLGB-GBMLLOYD32|yes_bid|join,T-6h,1790277762,1790295300,26SEP24ATLGB,KXNFLFIRSTTD,KXNFLFIRSTTD-26SEP24ATLGB-GBMLLOYD32,MarShawn Lloyd,yes_bid,join,0.07,4094.0,0.07,0.08,settled,100,no,-7.0,0.12,1790299079
T-6h|KXNFLFIRSTTD-26SEP24ATLGB-GBCWATSON9|no_bid|join,T-6h,1790277762,1790295300,26SEP24ATLGB,KXNFLFIRSTTD,KXNFLFIRSTTD-26SEP24ATLGB-GBCWATSON9,Christian Watson,no_bid,join,0.1,374200.18,0.09,0.1,unfilled,0.0,,,,
T-6h|KXNFLFIRSTTD-26SEP24ATLGB-GBCWATSON9|yes_bid|join,T-6h,1790277762,1790295300,26SEP24ATLGB,KXNFLFIRSTTD,KXNFLFIRSTTD-26SEP24ATLGB-GBCWATSON9,Christian Watson,yes_bid,join,0.09,5052.25,0.09,0.1,settled,100,yes,91.0,0.15,1790299075
T-6h|KXNFLFIRSTTD-26SEP24ATLGB-GBTKRAFT85|no_bid|join,T-6h,1790277762,1790295300,26SEP24ATLGB,KXNFLFIRSTTD,KXNFLFIRSTTD-26SEP24ATLGB-GBTKRAFT85,Tucker Kraft,no_bid,join,0.09,441732.69,0.08,0.09,unfilled,0.0,,,,
T-6h|KXNFLFIRSTTD-26SEP24ATLGB-GBTKRAFT85|yes_bid|join,T-6h,1790277762,1790295300,26SEP24ATLGB,KXNFLFIRSTTD,KXNFLFIRSTTD-26SEP24ATLGB-GBTKRAFT85,Tucker Kraft,yes_bid,join,0.08,5697.32,0.08,0.09,unfilled,0.0,,,,
T-6h|KXNFLFIRSTTD-26SEP24ATLGB-GBCBROOKS30|no_bid|join,T-6h,1790277762,1790295300,26SEP24ATLGB,KXNFLFIRSTTD,KXNFLFIRSTTD-26SEP24ATLGB-GBCBROOKS30,Chris Brooks,no_bid,join,0.06,142481.46,0.04,0.06,unfilled,0.0,,,,
T-6h|KXNFLFIRSTTD-26SEP24ATLGB-GBCBROOKS30|yes_bid|join,T-6h,1790277762,1790295300,26SEP24ATLGB,KXNFLFIRSTTD,KXNFLFIRSTTD-26SEP24ATLGB-GBCBROOKS30,Chris Brooks,yes_bid,join,0.04,2458.77,0.04,0.06,unfilled,0.0,,,,
T-6h|KXNFLFIRSTTD-26SEP24ATLGB-GBCBROOKS30|no_bid|improve,T-6h,1790277762,1790295300,26SEP24ATLGB,KXNFLFIRSTTD,KXNFLFIRSTTD-26SEP24ATLGB-GBCBROOKS30,Chris Brooks,no_bid,improve,0.05,0.0,0.04,0.06,settled,100,no,5.0,0.09,1790323063
T-6h|KXNFLFIRSTTD-26SEP24ATLGB-GBCBROOKS30|yes_bid|improve,T-6h,1790277762,1790295300,26SEP24ATLGB,KXNFLFIRSTTD,KXNFLFIRSTTD-26SEP24ATLGB-GBCBROOKS30,Chris Brooks,yes_bid,improve,0.05,0.0,0.04,0.06,settled,100,no,-5.0,0.09,1790323063
T-6h|KXNFLFIRSTTD-26SEP24ATLGB-GBSMOORE23|no_bid|join,T-6h,1790277762,1790295300,26SEP24ATLGB,KXNFLFIRSTTD,KXNFLFIRSTTD-26SEP24ATLGB-GBSMOORE23,Skyy Moore,no_bid,join,0.04,445110.08,0.03,0.04,unfilled,0.0,,,,
T-6h|KXNFLFIRSTTD-26SEP24ATLGB-GBSMOORE23|yes_bid|join,T-6h,1790277762,1790295300,26SEP24ATLGB,KXNFLFIRSTTD,KXNFLFIRSTTD-26SEP24ATLGB-GBSMOORE23,Skyy Moore,yes_bid,join,0.03,2535.0,0.03,0.04,unfilled,0.0,,,,
T-6h|KXNFLFIRSTTD-26SEP24ATLGB-GBGBDST|no_bid|join,T-6h,1790277762,1790295300,26SEP24ATLGB,KXNFLFIRSTTD,KXNFLFIRSTTD-26SEP24ATLGB-GBGBDST,GB Packers D/ST,no_bid,join,0.04,190667.5,0.02,0.04,unfilled,0.0,,,,
T-6h|KXNFLFIRSTTD-26SEP24ATLGB-GBGBDST|yes_bid|join,T-6h,1790277762,1790295300,26SEP24ATLGB,KXNFLFIRSTTD,KXNFLFIRSTTD-26SEP24ATLGB-GBGBDST,GB Packers D/ST,yes_bid,join,0.02,2738.67,0.02,0.04,unfilled,0.0,,,,
T-6h|KXNFLFIRSTTD-26SEP24ATLGB-GBGBDST|no_bid|improve,T-6h,1790277762,1790295300,26SEP24ATLGB,KXNFLFIRSTTD,KXNFLFIRSTTD-26SEP24ATLGB-GBGBDST,GB Packers D/ST,no_bid,improve,0.03,0.0,0.02,0.04,settled,100,no,3.0,0.06,1790299079
T-6h|KXNFLFIRSTTD-26SEP24ATLGB-GBGBDST|yes_bid|improve,T-6h,1790277762,1790295300,26SEP24ATLGB,KXNFLFIRSTTD,KXNFLFIRSTTD-26SEP24ATLGB-GBGBDST,GB Packers D/ST,yes_bid,improve,0.03,0.0,0.02,0.04,settled,100,no,-3.0,0.06,1790299079
T-6h|KXNFLFIRSTTD-26SEP24ATLGB-ATLATLDST|no_bid|join,T-6h,1790277762,1790295300,26SEP24ATLGB,KXNFLFIRSTTD,KXNFLFIRSTTD-26SEP24ATLGB-ATLATLDST,ATL Falcons D/ST,no_bid,join,0.04,143031.82,0.02,0.04,unfilled,0.0,,,,
T-6h|KXNFLFIRSTTD-26SEP24ATLGB-ATLATLDST|yes_bid|join,T-6h,1790277762,1790295300,26SEP24ATLGB,KXNFLFIRSTTD,KXNFLFIRSTTD-26SEP24ATLGB-ATLATLDST,ATL Falcons D/ST,yes_bid,join,0.02,1506.14,0.02,0.04,unfilled,0.0,,,,
T-6h|KXNFLFIRSTTD-26SEP24ATLGB-ATLATLDST|no_bid|improve,T-6h,1790277762,1790295300,26SEP24ATLGB,KXNFLFIRSTTD,KXNFLFIRSTTD-26SEP24ATLGB-ATLATLDST,ATL Falcons D/ST,no_bid,improve,0.03,0.0,0.02,0.04,settled,100,no,3.0,0.06,1790299088
T-6h|KXNFLFIRSTTD-26SEP24ATLGB-ATLATLDST|yes_bid|improve,T-6h,1790277762,1790295300,26SEP24ATLGB,KXNFLFIRSTTD,KXNFLFIRSTTD-26SEP24ATLGB-ATLATLDST,ATL Falcons D/ST,yes_bid,improve,0.03,0.0,0.02,0.04,settled,100,no,-3.0,0.06,1790299088
T-6h|KXNFLSPREAD-26SEP24ATLGB-GB8|no_bid|join,T-6h,1790277762,1790295300,26SEP24ATLGB,KXNFLSPREAD,KXNFLSPREAD-26SEP24ATLGB-GB8,GB Packers wins by over 7.5 points,no_bid,join,0.39,20843.77,0.38,0.39,unfilled,0.0,,,,
T-6h|KXNFLSPREAD-26SEP24ATLGB-GB8|yes_bid|join,T-6h,1790277762,1790295300,26SEP24ATLGB,KXNFLSPREAD,KXNFLSPREAD-26SEP24ATLGB-GB8,GB Packers wins by over 7.5 points,yes_bid,join,0.38,506007.76,0.38,0.39,settled,100,no,-38.0,0.42,1790323069
T-6h|KXNFLSPREAD-26SEP24ATLGB-GB7|no_bid|join,T-6h,1790277762,1790295300,26SEP24ATLGB,KXNFLSPREAD,KXNFLSPREAD-26SEP24ATLGB-GB7,GB Packers wins by over 6.5 points,no_bid,join,0.45,1758690.04,0.44,0.45,unfilled,0.0,,,,
T-6h|KXNFLSPREAD-26SEP24ATLGB-GB7|yes_bid|join,T-6h,1790277762,1790295300,26SEP24ATLGB,KXNFLSPREAD,KXNFLSPREAD-26SEP24ATLGB-GB7,GB Packers wins by over 6.5 points,yes_bid,join,0.44,194453.26,0.44,0.45,settled,100,no,-44.0,0.44,1790323070
T-6h|KXNFLSPREAD-26SEP24ATLGB-GB6|no_bid|join,T-6h,1790277762,1790295300,26SEP24ATLGB,KXNFLSPREAD,KXNFLSPREAD-26SEP24ATLGB-GB6,GB Packers wins by over 5.5 points,no_bid,join,0.48,53142.55,0.47,0.48,settled,100,no,48.0,0.44,1790323068
T-6h|KXNFLSPREAD-26SEP24ATLGB-GB6|yes_bid|join,T-6h,1790277762,1790295300,26SEP24ATLGB,KXNFLSPREAD,KXNFLSPREAD-26SEP24ATLGB-GB6,GB Packers wins by over 5.5 points,yes_bid,join,0.47,1813117.81,0.47,0.48,unfilled,0.0,,,,
T-6h|KXNFLSPREAD-26SEP24ATLGB-GB5|no_bid|join,T-6h,1790277762,1790295300,26SEP24ATLGB,KXNFLSPREAD,KXNFLSPREAD-26SEP24ATLGB-GB5,GB Packers wins by over 4.5 points,no_bid,join,0.52,97122.16,0.51,0.52,settled,100,no,52.0,0.44,1790323057
T-6h|KXNFLSPREAD-26SEP24ATLGB-GB5|yes_bid|join,T-6h,1790277762,1790295300,26SEP24ATLGB,KXNFLSPREAD,KXNFLSPREAD-26SEP24ATLGB-GB5,GB Packers wins by over 4.5 points,yes_bid,join,0.51,2798803.27,0.51,0.52,unfilled,0.0,,,,
T-6h|KXNFLSPREAD-26SEP24ATLGB-GB4|no_bid|join,T-6h,1790277762,1790295300,26SEP24ATLGB,KXNFLSPREAD,KXNFLSPREAD-26SEP24ATLGB-GB4,GB Packers wins by over 3.5 points,no_bid,join,0.54,24775.07,0.53,0.54,settled,100,no,54.0,0.44,1790323058
T-6h|KXNFLSPREAD-26SEP24ATLGB-GB4|yes_bid|join,T-6h,1790277762,1790295300,26SEP24ATLGB,KXNFLSPREAD,KXNFLSPREAD-26SEP24ATLGB-GB4,GB Packers wins by over 3.5 points,yes_bid,join,0.53,956287.75,0.53,0.54,unfilled,0.0,,,,
T-6h|KXNFLSPREAD-26SEP24ATLGB-GB3|no_bid|join,T-6h,1790277762,1790295300,26SEP24ATLGB,KXNFLSPREAD,KXNFLSPREAD-26SEP24ATLGB-GB3,GB Packers wins by over 2.5 points,no_bid,join,0.64,219758.04,0.63,0.64,settled,100,no,64.0,0.41,1790323069
T-6h|KXNFLSPREAD-26SEP24ATLGB-GB3|yes_bid|join,T-6h,1790277762,1790295300,26SEP24ATLGB,KXNFLSPREAD,KXNFLSPREAD-26SEP24ATLGB-GB3,GB Packers wins by over 2.5 points,yes_bid,join,0.63,17177.75,0.63,0.64,unfilled,0.0,,,,
T-6h|KXNFLSPREAD-26SEP24ATLGB-GB28|no_bid|join,T-6h,1790277762,1790295300,26SEP24ATLGB,KXNFLSPREAD,KXNFLSPREAD-26SEP24ATLGB-GB28,GB Packers wins by over 27.5 points,no_bid,join,0.06,30678.63,0.05,0.06,unfilled,0.0,,,,
T-6h|KXNFLSPREAD-26SEP24ATLGB-GB28|yes_bid|join,T-6h,1790277762,1790295300,26SEP24ATLGB,KXNFLSPREAD,KXNFLSPREAD-26SEP24ATLGB-GB28,GB Packers wins by over 27.5 points,yes_bid,join,0.05,10447.61,0.05,0.06,settled,100,no,-5.0,0.09,1790323071
T-6h|KXNFLSPREAD-26SEP24ATLGB-GB24|no_bid|join,T-6h,1790277762,1790295300,26SEP24ATLGB,KXNFLSPREAD,KXNFLSPREAD-26SEP24ATLGB-GB24,GB Packers wins by over 23.5 points,no_bid,join,0.08,8088.04,0.07,0.08,settled,100,no,8.0,0.13,1790323072
T-6h|KXNFLSPREAD-26SEP24ATLGB-GB24|yes_bid|join,T-6h,1790277762,1790295300,26SEP24ATLGB,KXNFLSPREAD,KXNFLSPREAD-26SEP24ATLGB-GB24,GB Packers wins by over 23.5 points,yes_bid,join,0.07,4862.31,0.07,0.08,unfilled,0.0,,,,
T-6h|KXNFLSPREAD-26SEP24ATLGB-GB21|no_bid|join,T-6h,1790277762,1790295300,26SEP24ATLGB,KXNFLSPREAD,KXNFLSPREAD-26SEP24ATLGB-GB21,GB Packers wins by over 20.5 points,no_bid,join,0.13,5372.72,0.12,0.13,settled,99.29,no,12.91,0.2,1790323069
T-6h|KXNFLSPREAD-26SEP24ATLGB-GB21|yes_bid|join,T-6h,1790277762,1790295300,26SEP24ATLGB,KXNFLSPREAD,KXNFLSPREAD-26SEP24ATLGB-GB21,GB Packers wins by over 20.5 points,yes_bid,join,0.12,5569.75,0.12,0.13,unfilled,0.0,,,,
T-6h|KXNFLSPREAD-26SEP24ATLGB-GB2|no_bid|join,T-6h,1790277762,1790295300,26SEP24ATLGB,KXNFLSPREAD,KXNFLSPREAD-26SEP24ATLGB-GB2,GB Packers wins by over 1.5 points,no_bid,join,0.66,33470.5,0.65,0.66,unfilled,0.0,,,,
T-6h|KXNFLSPREAD-26SEP24ATLGB-GB2|yes_bid|join,T-6h,1790277762,1790295300,26SEP24ATLGB,KXNFLSPREAD,KXNFLSPREAD-26SEP24ATLGB-GB2,GB Packers wins by over 1.5 points,yes_bid,join,0.65,7817.59,0.65,0.66,settled,100,no,-65.0,0.4,1790323071
T-6h|KXNFLSPREAD-26SEP24ATLGB-GB18|no_bid|join,T-6h,1790277762,1790295300,26SEP24ATLGB,KXNFLSPREAD,KXNFLSPREAD-26SEP24ATLGB-GB18,GB Packers wins by over 17.5 points,no_bid,join,0.17,1624.08,0.16,0.17,unfilled,0.0,,,,
T-6h|KXNFLSPREAD-26SEP24ATLGB-GB18|yes_bid|join,T-6h,1790277762,1790295300,26SEP24ATLGB,KXNFLSPREAD,KXNFLSPREAD-26SEP24ATLGB-GB18,GB Packers wins by over 17.5 points,yes_bid,join,0.16,27756.57,0.16,0.17,settled,100,no,-16.0,0.24,1790323072
T-6h|KXNFLSPREAD-26SEP24ATLGB-GB17|no_bid|join,T-6h,1790277762,1790295300,26SEP24ATLGB,KXNFLSPREAD,KXNFLSPREAD-26SEP24ATLGB-GB17,GB Packers wins by over 16.5 points,no_bid,join,0.19,2.0,0.18,0.19,settled,100,no,19.0,0.27,1790323070
T-6h|KXNFLSPREAD-26SEP24ATLGB-GB17|yes_bid|join,T-6h,1790277762,1790295300,26SEP24ATLGB,KXNFLSPREAD,KXNFLSPREAD-26SEP24ATLGB-GB17,GB Packers wins by over 16.5 points,yes_bid,join,0.18,13326.62,0.18,0.19,unfilled,0.0,,,,
T-6h|KXNFLSPREAD-26SEP24ATLGB-GB15|no_bid|join,T-6h,1790277762,1790295300,26SEP24ATLGB,KXNFLSPREAD,KXNFLSPREAD-26SEP24ATLGB-GB15,GB Packers wins by over 14.5 points,no_bid,join,0.22,25776.87,0.21,0.22,unfilled,0.0,,,,
T-6h|KXNFLSPREAD-26SEP24ATLGB-GB15|yes_bid|join,T-6h,1790277762,1790295300,26SEP24ATLGB,KXNFLSPREAD,KXNFLSPREAD-26SEP24ATLGB-GB15,GB Packers wins by over 14.5 points,yes_bid,join,0.21,28389.63,0.21,0.22,unfilled,0.0,,,,
T-6h|KXNFLSPREAD-26SEP24ATLGB-GB14|no_bid|join,T-6h,1790277762,1790295300,26SEP24ATLGB,KXNFLSPREAD,KXNFLSPREAD-26SEP24ATLGB-GB14,GB Packers wins by over 13.5 points,no_bid,join,0.26,7104.81,0.25,0.26,settled,100,no,26.0,0.34,1790323055
T-6h|KXNFLSPREAD-26SEP24ATLGB-GB14|yes_bid|join,T-6h,1790277762,1790295300,26SEP24ATLGB,KXNFLSPREAD,KXNFLSPREAD-26SEP24ATLGB-GB14,GB Packers wins by over 13.5 points,yes_bid,join,0.25,14179.66,0.25,0.26,unfilled,0.0,,,,
T-6h|KXNFLSPREAD-26SEP24ATLGB-GB11|no_bid|join,T-6h,1790277762,1790295300,26SEP24ATLGB,KXNFLSPREAD,KXNFLSPREAD-26SEP24ATLGB-GB11,GB Packers wins by over 10.5 points,no_bid,join,0.32,230255.19,0.31,0.32,unfilled,0.0,,,,
T-6h|KXNFLSPREAD-26SEP24ATLGB-GB11|yes_bid|join,T-6h,1790277762,1790295300,26SEP24ATLGB,KXNFLSPREAD,KXNFLSPREAD-26SEP24ATLGB-GB11,GB Packers wins by over 10.5 points,yes_bid,join,0.31,169769.82,0.31,0.32,settled,100,no,-31.0,0.38,1790323059
T-6h|KXNFLSPREAD-26SEP24ATLGB-GB10|no_bid|join,T-6h,1790277762,1790295300,26SEP24ATLGB,KXNFLSPREAD,KXNFLSPREAD-26SEP24ATLGB-GB10,GB Packers wins by over 9.5 points,no_bid,join,0.36,17239.54,0.35,0.36,unfilled,0.0,,,,
T-6h|KXNFLSPREAD-26SEP24ATLGB-GB10|yes_bid|join,T-6h,1790277762,1790295300,26SEP24ATLGB,KXNFLSPREAD,KXNFLSPREAD-26SEP24ATLGB-GB10,GB Packers wins by over 9.5 points,yes_bid,join,0.35,1825.99,0.35,0.36,settled,100,no,-35.0,0.4,1790323065
T-6h|KXNFLSPREAD-26SEP24ATLGB-ATL8|no_bid|join,T-6h,1790277762,1790295300,26SEP24ATLGB,KXNFLSPREAD,KXNFLSPREAD-26SEP24ATLGB-ATL8,ATL Falcons wins by over 7.5 points,no_bid,join,0.14,8911.75,0.13,0.14,settled,100,yes,-86.0,0.22,1790323064
T-6h|KXNFLSPREAD-26SEP24ATLGB-ATL8|yes_bid|join,T-6h,1790277762,1790295300,26SEP24ATLGB,KXNFLSPREAD,KXNFLSPREAD-26SEP24ATLGB-ATL8,ATL Falcons wins by over 7.5 points,yes_bid,join,0.13,563.65,0.13,0.14,settled,100,yes,87.0,0.2,1790323064
T-6h|KXNFLSPREAD-26SEP24ATLGB-ATL7|no_bid|join,T-6h,1790277762,1790295300,26SEP24ATLGB,KXNFLSPREAD,KXNFLSPREAD-26SEP24ATLGB-ATL7,ATL Falcons wins by over 6.5 points,no_bid,join,0.17,20572.5,0.16,0.17,settled,100,yes,-83.0,0.25,1790323064
T-6h|KXNFLSPREAD-26SEP24ATLGB-ATL7|yes_bid|join,T-6h,1790277762,1790295300,26SEP24ATLGB,KXNFLSPREAD,KXNFLSPREAD-26SEP24ATLGB-ATL7,ATL Falcons wins by over 6.5 points,yes_bid,join,0.16,5232.85,0.16,0.17,unfilled,0.0,,,,
T-6h|KXNFLSPREAD-26SEP24ATLGB-ATL6|no_bid|join,T-6h,1790277762,1790295300,26SEP24ATLGB,KXNFLSPREAD,KXNFLSPREAD-26SEP24ATLGB-ATL6,ATL Falcons wins by over 5.5 points,no_bid,join,0.19,18732.89,0.18,0.19,settled,100,yes,-81.0,0.27,1790323059
T-6h|KXNFLSPREAD-26SEP24ATLGB-ATL6|yes_bid|join,T-6h,1790277762,1790295300,26SEP24ATLGB,KXNFLSPREAD,KXNFLSPREAD-26SEP24ATLGB-ATL6,ATL Falcons wins by over 5.5 points,yes_bid,join,0.18,4437.49,0.18,0.19,unfilled,0.0,,,,
T-6h|KXNFLSPREAD-26SEP24ATLGB-ATL5|no_bid|join,T-6h,1790277762,1790295300,26SEP24ATLGB,KXNFLSPREAD,KXNFLSPREAD-26SEP24ATLGB-ATL5,ATL Falcons wins by over 4.5 points,no_bid,join,0.2,5884.0,0.19,0.2,unfilled,0.0,,,,
T-6h|KXNFLSPREAD-26SEP24ATLGB-ATL5|yes_bid|join,T-6h,1790277762,1790295300,26SEP24ATLGB,KXNFLSPREAD,KXNFLSPREAD-26SEP24ATLGB-ATL5,ATL Falcons wins by over 4.5 points,yes_bid,join,0.19,2846.6,0.19,0.2,unfilled,0.0,,,,
T-6h|KXNFLSPREAD-26SEP24ATLGB-ATL4|no_bid|join,T-6h,1790277762,1790295300,26SEP24ATLGB,KXNFLSPREAD,KXNFLSPREAD-26SEP24ATLGB-ATL4,ATL Falcons wins by over 3.5 points,no_bid,join,0.22,199695.35,0.2,0.22,unfilled,0.0,,,,
T-6h|KXNFLSPREAD-26SEP24ATLGB-ATL4|yes_bid|join,T-6h,1790277762,1790295300,26SEP24ATLGB,KXNFLSPREAD,KXNFLSPREAD-26SEP24ATLGB-ATL4,ATL Falcons wins by over 3.5 points,yes_bid,join,0.2,114992.07,0.2,0.22,unfilled,0.0,,,,
T-6h|KXNFLSPREAD-26SEP24ATLGB-ATL4|no_bid|improve,T-6h,1790277762,1790295300,26SEP24ATLGB,KXNFLSPREAD,KXNFLSPREAD-26SEP24ATLGB-ATL4,ATL Falcons wins by over 3.5 points,no_bid,improve,0.21,0.0,0.2,0.22,settled,100,yes,-79.0,0.3,1790323062
T-6h|KXNFLSPREAD-26SEP24ATLGB-ATL4|yes_bid|improve,T-6h,1790277762,1790295300,26SEP24ATLGB,KXNFLSPREAD,KXNFLSPREAD-26SEP24ATLGB-ATL4,ATL Falcons wins by over 3.5 points,yes_bid,improve,0.21,0.0,0.2,0.22,settled,100,yes,79.0,0.3,1790323062
T-6h|KXNFLSPREAD-26SEP24ATLGB-ATL3|no_bid|join,T-6h,1790277762,1790295300,26SEP24ATLGB,KXNFLSPREAD,KXNFLSPREAD-26SEP24ATLGB-ATL3,ATL Falcons wins by over 2.5 points,no_bid,join,0.28,9985.66,0.27,0.28,settled,100,yes,-72.0,0.36,1790323061
T-6h|KXNFLSPREAD-26SEP24ATLGB-ATL3|yes_bid|join,T-6h,1790277762,1790295300,26SEP24ATLGB,KXNFLSPREAD,KXNFLSPREAD-26SEP24ATLGB-ATL3,ATL Falcons wins by over 2.5 points,yes_bid,join,0.27,6552.55,0.27,0.28,unfilled,0.0,,,,
T-6h|KXNFLSPREAD-26SEP24ATLGB-ATL2|no_bid|join,T-6h,1790277762,1790295300,26SEP24ATLGB,KXNFLSPREAD,KXNFLSPREAD-26SEP24ATLGB-ATL2,ATL Falcons wins by over 1.5 points,no_bid,join,0.3,9009.92,0.29,0.3,unfilled,0.0,,,,
T-6h|KXNFLSPREAD-26SEP24ATLGB-ATL2|yes_bid|join,T-6h,1790277762,1790295300,26SEP24ATLGB,KXNFLSPREAD,KXNFLSPREAD-26SEP24ATLGB-ATL2,ATL Falcons wins by over 1.5 points,yes_bid,join,0.29,2213.46,0.29,0.3,unfilled,0.0,,,,
T-6h|KXNFLSPREAD-26SEP24ATLGB-ATL15|no_bid|join,T-6h,1790277762,1790295300,26SEP24ATLGB,KXNFLSPREAD,KXNFLSPREAD-26SEP24ATLGB-ATL15,ATL Falcons wins by over 14.5 points,no_bid,join,0.06,5454.0,0.05,0.06,unfilled,0.0,,,,
T-6h|KXNFLSPREAD-26SEP24ATLGB-ATL15|yes_bid|join,T-6h,1790277762,1790295300,26SEP24ATLGB,KXNFLSPREAD,KXNFLSPREAD-26SEP24ATLGB-ATL15,ATL Falcons wins by over 14.5 points,yes_bid,join,0.05,256.2,0.05,0.06,settled,100,yes,95.0,0.09,1790323059
T-6h|KXNFLSPREAD-26SEP24ATLGB-ATL14|no_bid|join,T-6h,1790277762,1790295300,26SEP24ATLGB,KXNFLSPREAD,KXNFLSPREAD-26SEP24ATLGB-ATL14,ATL Falcons wins by over 13.5 points,no_bid,join,0.07,7515.0,0.06,0.07,settled,100,yes,-93.0,0.12,1790323057
T-6h|KXNFLSPREAD-26SEP24ATLGB-ATL14|yes_bid|join,T-6h,1790277762,1790295300,26SEP24ATLGB,KXNFLSPREAD,KXNFLSPREAD-26SEP24ATLGB-ATL14,ATL Falcons wins by over 13.5 points,yes_bid,join,0.06,300.38,0.06,0.07,unfilled,0.0,,,,
T-6h|KXNFLSPREAD-26SEP24ATLGB-ATL11|no_bid|join,T-6h,1790277762,1790295300,26SEP24ATLGB,KXNFLSPREAD,KXNFLSPREAD-26SEP24ATLGB-ATL11,ATL Falcons wins by over 10.5 points,no_bid,join,0.1,24730.88,0.09,0.1,unfilled,0.0,,,,
T-6h|KXNFLSPREAD-26SEP24ATLGB-ATL11|yes_bid|join,T-6h,1790277762,1790295300,26SEP24ATLGB,KXNFLSPREAD,KXNFLSPREAD-26SEP24ATLGB-ATL11,ATL Falcons wins by over 10.5 points,yes_bid,join,0.09,5088.67,0.09,0.1,settled,100,yes,91.0,0.15,1790323054
T-6h|KXNFLSPREAD-26SEP24ATLGB-ATL10|no_bid|join,T-6h,1790277762,1790295300,26SEP24ATLGB,KXNFLSPREAD,KXNFLSPREAD-26SEP24ATLGB-ATL10,ATL Falcons wins by over 9.5 points,no_bid,join,0.11,18152.89,0.1,0.11,unfilled,0.0,,,,
T-6h|KXNFLSPREAD-26SEP24ATLGB-ATL10|yes_bid|join,T-6h,1790277762,1790295300,26SEP24ATLGB,KXNFLSPREAD,KXNFLSPREAD-26SEP24ATLGB-ATL10,ATL Falcons wins by over 9.5 points,yes_bid,join,0.1,1476.52,0.1,0.11,unfilled,0.0,,,,
T-6h|KXNFLTOTAL-26SEP24ATLGB-68|no_bid|join,T-6h,1790277762,1790295300,26SEP24ATLGB,KXNFLTOTAL,KXNFLTOTAL-26SEP24ATLGB-68,Over 67.5 points scored,no_bid,join,0.05,1930.0,0.04,0.05,settled,100,no,5.0,0.09,1790323061
T-6h|KXNFLTOTAL-26SEP24ATLGB-68|yes_bid|join,T-6h,1790277762,1790295300,26SEP24ATLGB,KXNFLTOTAL,KXNFLTOTAL-26SEP24ATLGB-68,Over 67.5 points scored,yes_bid,join,0.04,2252.0,0.04,0.05,settled,100,no,-4.0,0.07,1790323061
T-6h|KXNFLTOTAL-26SEP24ATLGB-65|no_bid|join,T-6h,1790277762,1790295300,26SEP24ATLGB,KXNFLTOTAL,KXNFLTOTAL-26SEP24ATLGB-65,Over 64.5 points scored,no_bid,join,0.06,4238.0,0.05,0.06,settled,100,no,6.0,0.1,1790323061
T-6h|KXNFLTOTAL-26SEP24ATLGB-65|yes_bid|join,T-6h,1790277762,1790295300,26SEP24ATLGB,KXNFLTOTAL,KXNFLTOTAL-26SEP24ATLGB-65,Over 64.5 points scored,yes_bid,join,0.05,12407.98,0.05,0.06,unfilled,0.0,,,,
T-6h|KXNFLTOTAL-26SEP24ATLGB-62|no_bid|join,T-6h,1790277762,1790295300,26SEP24ATLGB,KXNFLTOTAL,KXNFLTOTAL-26SEP24ATLGB-62,Over 61.5 points scored,no_bid,join,0.09,6903.66,0.08,0.09,settled,100,no,9.0,0.15,1790323056
T-6h|KXNFLTOTAL-26SEP24ATLGB-62|yes_bid|join,T-6h,1790277762,1790295300,26SEP24ATLGB,KXNFLTOTAL,KXNFLTOTAL-26SEP24ATLGB-62,Over 61.5 points scored,yes_bid,join,0.08,11024.61,0.08,0.09,unfilled,0.0,,,,
T-6h|KXNFLTOTAL-26SEP24ATLGB-59|no_bid|join,T-6h,1790277762,1790295300,26SEP24ATLGB,KXNFLTOTAL,KXNFLTOTAL-26SEP24ATLGB-59,Over 58.5 points scored,no_bid,join,0.13,3528.0,0.12,0.13,unfilled,0.0,,,,
T-6h|KXNFLTOTAL-26SEP24ATLGB-59|yes_bid|join,T-6h,1790277762,1790295300,26SEP24ATLGB,KXNFLTOTAL,KXNFLTOTAL-26SEP24ATLGB-59,Over 58.5 points scored,yes_bid,join,0.12,2179.0,0.12,0.13,settled,100,no,-12.0,0.19,1790323062
T-6h|KXNFLTOTAL-26SEP24ATLGB-56|no_bid|join,T-6h,1790277762,1790295300,26SEP24ATLGB,KXNFLTOTAL,KXNFLTOTAL-26SEP24ATLGB-56,Over 55.5 points scored,no_bid,join,0.18,7651.78,0.17,0.18,unfilled,0.0,,,,
T-6h|KXNFLTOTAL-26SEP24ATLGB-56|yes_bid|join,T-6h,1790277762,1790295300,26SEP24ATLGB,KXNFLTOTAL,KXNFLTOTAL-26SEP24ATLGB-56,Over 55.5 points scored,yes_bid,join,0.17,8979.62,0.17,0.18,settled,100,no,-17.0,0.25,1790323070
T-6h|KXNFLTOTAL-26SEP24ATLGB-53|no_bid|join,T-6h,1790277762,1790295300,26SEP24ATLGB,KXNFLTOTAL,KXNFLTOTAL-26SEP24ATLGB-53,Over 52.5 points scored,no_bid,join,0.24,13734.0,0.22,0.24,unfilled,0.0,,,,
T-6h|KXNFLTOTAL-26SEP24ATLGB-53|yes_bid|join,T-6h,1790277762,1790295300,26SEP24ATLGB,KXNFLTOTAL,KXNFLTOTAL-26SEP24ATLGB-53,Over 52.5 points scored,yes_bid,join,0.22,12977.6,0.22,0.24,unfilled,0.0,,,,
T-6h|KXNFLTOTAL-26SEP24ATLGB-53|no_bid|improve,T-6h,1790277762,1790295300,26SEP24ATLGB,KXNFLTOTAL,KXNFLTOTAL-26SEP24ATLGB-53,Over 52.5 points scored,no_bid,improve,0.23,0.0,0.22,0.24,settled,100,no,23.0,0.31,1790323063
T-6h|KXNFLTOTAL-26SEP24ATLGB-53|yes_bid|improve,T-6h,1790277762,1790295300,26SEP24ATLGB,KXNFLTOTAL,KXNFLTOTAL-26SEP24ATLGB-53,Over 52.5 points scored,yes_bid,improve,0.23,0.0,0.22,0.24,settled,100,no,-23.0,0.31,1790323063
T-6h|KXNFLTOTAL-26SEP24ATLGB-50|no_bid|join,T-6h,1790277762,1790295300,26SEP24ATLGB,KXNFLTOTAL,KXNFLTOTAL-26SEP24ATLGB-50,Over 49.5 points scored,no_bid,join,0.32,93555.86,0.31,0.32,unfilled,0.0,,,,
T-6h|KXNFLTOTAL-26SEP24ATLGB-50|yes_bid|join,T-6h,1790277762,1790295300,26SEP24ATLGB,KXNFLTOTAL,KXNFLTOTAL-26SEP24ATLGB-50,Over 49.5 points scored,yes_bid,join,0.31,92887.51,0.31,0.32,settled,100,no,-31.0,0.38,1790323058
T-6h|KXNFLTOTAL-26SEP24ATLGB-49|no_bid|join,T-6h,1790277762,1790295300,26SEP24ATLGB,KXNFLTOTAL,KXNFLTOTAL-26SEP24ATLGB-49,Over 48.5 points scored,no_bid,join,0.34,5585.0,0.32,0.34,settled,100,yes,-66.0,0.4,1790323069
T-6h|KXNFLTOTAL-26SEP24ATLGB-49|yes_bid|join,T-6h,1790277762,1790295300,26SEP24ATLGB,KXNFLTOTAL,KXNFLTOTAL-26SEP24ATLGB-49,Over 48.5 points scored,yes_bid,join,0.32,1835.55,0.32,0.34,unfilled,0.0,,,,
T-6h|KXNFLTOTAL-26SEP24ATLGB-49|no_bid|improve,T-6h,1790277762,1790295300,26SEP24ATLGB,KXNFLTOTAL,KXNFLTOTAL-26SEP24ATLGB-49,Over 48.5 points scored,no_bid,improve,0.33,0.0,0.32,0.34,settled,100,yes,-67.0,0.39,1790323069
T-6h|KXNFLTOTAL-26SEP24ATLGB-49|yes_bid|improve,T-6h,1790277762,1790295300,26SEP24ATLGB,KXNFLTOTAL,KXNFLTOTAL-26SEP24ATLGB-49,Over 48.5 points scored,yes_bid,improve,0.33,0.0,0.32,0.34,settled,100,yes,67.0,0.39,1790323069
T-6h|KXNFLTOTAL-26SEP24ATLGB-48|no_bid|join,T-6h,1790277762,1790295300,26SEP24ATLGB,KXNFLTOTAL,KXNFLTOTAL-26SEP24ATLGB-48,Over 47.5 points scored,no_bid,join,0.36,5688.0,0.34,0.36,settled,100,yes,-64.0,0.41,1790323057
T-6h|KXNFLTOTAL-26SEP24ATLGB-48|yes_bid|join,T-6h,1790277762,1790295300,26SEP24ATLGB,KXNFLTOTAL,KXNFLTOTAL-26SEP24ATLGB-48,Over 47.5 points scored,yes_bid,join,0.34,10418.68,0.34,0.36,unfilled,0.0,,,,
T-6h|KXNFLTOTAL-26SEP24ATLGB-48|no_bid|improve,T-6h,1790277762,1790295300,26SEP24ATLGB,KXNFLTOTAL,KXNFLTOTAL-26SEP24ATLGB-48,Over 47.5 points scored,no_bid,improve,0.35,0.0,0.34,0.36,settled,100,yes,-65.0,0.4,1790323057
T-6h|KXNFLTOTAL-26SEP24ATLGB-48|yes_bid|improve,T-6h,1790277762,1790295300,26SEP24ATLGB,KXNFLTOTAL,KXNFLTOTAL-26SEP24ATLGB-48,Over 47.5 points scored,yes_bid,improve,0.35,0.0,0.34,0.36,settled,100,yes,65.0,0.4,1790323057
T-6h|KXNFLTOTAL-26SEP24ATLGB-47|no_bid|join,T-6h,1790277762,1790295300,26SEP24ATLGB,KXNFLTOTAL,KXNFLTOTAL-26SEP24ATLGB-47,Over 46.5 points scored,no_bid,join,0.39,126.0,0.37,0.39,settled,100,yes,-61.0,0.42,1790323057
T-6h|KXNFLTOTAL-26SEP24ATLGB-47|yes_bid|join,T-6h,1790277762,1790295300,26SEP24ATLGB,KXNFLTOTAL,KXNFLTOTAL-26SEP24ATLGB-47,Over 46.5 points scored,yes_bid,join,0.37,41696.62,0.37,0.39,unfilled,0.0,,,,
T-6h|KXNFLTOTAL-26SEP24ATLGB-47|no_bid|improve,T-6h,1790277762,1790295300,26SEP24ATLGB,KXNFLTOTAL,KXNFLTOTAL-26SEP24ATLGB-47,Over 46.5 points scored,no_bid,improve,0.38,0.0,0.37,0.39,settled,100,yes,-62.0,0.42,1790323057
T-6h|KXNFLTOTAL-26SEP24ATLGB-47|yes_bid|improve,T-6h,1790277762,1790295300,26SEP24ATLGB,KXNFLTOTAL,KXNFLTOTAL-26SEP24ATLGB-47,Over 46.5 points scored,yes_bid,improve,0.38,0.0,0.37,0.39,settled,100,yes,62.0,0.42,1790323057
T-6h|KXNFLTOTAL-26SEP24ATLGB-46|no_bid|join,T-6h,1790277762,1790295300,26SEP24ATLGB,KXNFLTOTAL,KXNFLTOTAL-26SEP24ATLGB-46,Over 45.5 points scored,no_bid,join,0.42,296624.33,0.41,0.42,settled,100,yes,-58.0,0.43,1790323055
T-6h|KXNFLTOTAL-26SEP24ATLGB-46|yes_bid|join,T-6h,1790277762,1790295300,26SEP24ATLGB,KXNFLTOTAL,KXNFLTOTAL-26SEP24ATLGB-46,Over 45.5 points scored,yes_bid,join,0.41,486826.66,0.41,0.42,settled,100,yes,59.0,0.43,1790323055
T-6h|KXNFLTOTAL-26SEP24ATLGB-45|no_bid|join,T-6h,1790277762,1790295300,26SEP24ATLGB,KXNFLTOTAL,KXNFLTOTAL-26SEP24ATLGB-45,Over 44.5 points scored,no_bid,join,0.45,628877.53,0.44,0.45,unfilled,0.0,,,,
T-6h|KXNFLTOTAL-26SEP24ATLGB-45|yes_bid|join,T-6h,1790277762,1790295300,26SEP24ATLGB,KXNFLTOTAL,KXNFLTOTAL-26SEP24ATLGB-45,Over 44.5 points scored,yes_bid,join,0.44,799517.04,0.44,0.45,settled,100,yes,56.0,0.44,1790323072
T-6h|KXNFLTOTAL-26SEP24ATLGB-44|no_bid|join,T-6h,1790277762,1790295300,26SEP24ATLGB,KXNFLTOTAL,KXNFLTOTAL-26SEP24ATLGB-44,Over 43.5 points scored,no_bid,join,0.48,679288.4,0.47,0.48,settled,100,yes,-52.0,0.44,1790323056
T-6h|KXNFLTOTAL-26SEP24ATLGB-44|yes_bid|join,T-6h,1790277762,1790295300,26SEP24ATLGB,KXNFLTOTAL,KXNFLTOTAL-26SEP24ATLGB-44,Over 43.5 points scored,yes_bid,join,0.47,1375289.41,0.47,0.48,unfilled,0.0,,,,
T-6h|KXNFLTOTAL-26SEP24ATLGB-41|no_bid|join,T-6h,1790277762,1790295300,26SEP24ATLGB,KXNFLTOTAL,KXNFLTOTAL-26SEP24ATLGB-41,Over 40.5 points scored,no_bid,join,0.58,21424.64,0.57,0.58,settled,100,yes,-42.0,0.43,1790323070
T-6h|KXNFLTOTAL-26SEP24ATLGB-41|yes_bid|join,T-6h,1790277762,1790295300,26SEP24ATLGB,KXNFLTOTAL,KXNFLTOTAL-26SEP24ATLGB-41,Over 40.5 points scored,yes_bid,join,0.57,567882.31,0.57,0.58,unfilled,0.0,,,,
T-6h|KXNFLTOTAL-26SEP24ATLGB-38|no_bid|join,T-6h,1790277762,1790295300,26SEP24ATLGB,KXNFLTOTAL,KXNFLTOTAL-26SEP24ATLGB-38,Over 37.5 points scored,no_bid,join,0.66,29521.24,0.65,0.66,settled,100,yes,-34.0,0.4,1790323057
T-6h|KXNFLTOTAL-26SEP24ATLGB-38|yes_bid|join,T-6h,1790277762,1790295300,26SEP24ATLGB,KXNFLTOTAL,KXNFLTOTAL-26SEP24ATLGB-38,Over 37.5 points scored,yes_bid,join,0.65,10616.03,0.65,0.66,unfilled,0.0,,,,
T-6h|KXNFLTOTAL-26SEP24ATLGB-35|no_bid|join,T-6h,1790277762,1790295300,26SEP24ATLGB,KXNFLTOTAL,KXNFLTOTAL-26SEP24ATLGB-35,Over 34.5 points scored,no_bid,join,0.75,27898.78,0.74,0.75,settled,100,yes,-25.0,0.33,1790323061
T-6h|KXNFLTOTAL-26SEP24ATLGB-35|yes_bid|join,T-6h,1790277762,1790295300,26SEP24ATLGB,KXNFLTOTAL,KXNFLTOTAL-26SEP24ATLGB-35,Over 34.5 points scored,yes_bid,join,0.74,3154.0,0.74,0.75,unfilled,0.0,,,,
T-6h|KXNFLTOTAL-26SEP24ATLGB-32|no_bid|join,T-6h,1790277762,1790295300,26SEP24ATLGB,KXNFLTOTAL,KXNFLTOTAL-26SEP24ATLGB-32,Over 31.5 points scored,no_bid,join,0.83,17907.28,0.82,0.83,settled,100,yes,-17.0,0.25,1790323064
T-6h|KXNFLTOTAL-26SEP24ATLGB-32|yes_bid|join,T-6h,1790277762,1790295300,26SEP24ATLGB,KXNFLTOTAL,KXNFLTOTAL-26SEP24ATLGB-32,Over 31.5 points scored,yes_bid,join,0.82,8426.74,0.82,0.83,unfilled,0.0,,,,
T-6h|KXNFLTOTAL-26SEP24ATLGB-29|no_bid|join,T-6h,1790277762,1790295300,26SEP24ATLGB,KXNFLTOTAL,KXNFLTOTAL-26SEP24ATLGB-29,Over 28.5 points scored,no_bid,join,0.89,30100.15,0.88,0.89,unfilled,0.0,,,,
T-6h|KXNFLTOTAL-26SEP24ATLGB-29|yes_bid|join,T-6h,1790277762,1790295300,26SEP24ATLGB,KXNFLTOTAL,KXNFLTOTAL-26SEP24ATLGB-29,Over 28.5 points scored,yes_bid,join,0.88,5284.26,0.88,0.89,unfilled,0.0,,,,
T-6h|KXNFLTOTAL-26SEP24ATLGB-26|no_bid|join,T-6h,1790277762,1790295300,26SEP24ATLGB,KXNFLTOTAL,KXNFLTOTAL-26SEP24ATLGB-26,Over 25.5 points scored,no_bid,join,0.94,14570.52,0.93,0.94,unfilled,0.0,,,,
T-6h|KXNFLTOTAL-26SEP24ATLGB-26|yes_bid|join,T-6h,1790277762,1790295300,26SEP24ATLGB,KXNFLTOTAL,KXNFLTOTAL-26SEP24ATLGB-26,Over 25.5 points scored,yes_bid,join,0.93,16057.11,0.93,0.94,unfilled,0.0,,,,
T-6h|KXNFLTEAMTOTAL-26SEP24ATLGB-GB8|no_bid|join,T-6h,1790277762,1790295300,26SEP24ATLGB,KXNFLTEAMTOTAL,KXNFLTEAMTOTAL-26SEP24ATLGB-GB8,GB Packers over 7.5 points scored,no_bid,join,0.97,582.1,0.96,0.97,settled,100,yes,-3.0,0.06,1790323066
T-6h|KXNFLTEAMTOTAL-26SEP24ATLGB-GB8|yes_bid|join,T-6h,1790277762,1790295300,26SEP24ATLGB,KXNFLTEAMTOTAL,KXNFLTEAMTOTAL-26SEP24ATLGB-GB8,GB Packers over 7.5 points scored,yes_bid,join,0.96,7140.0,0.96,0.97,unfilled,0.0,,,,
T-6h|KXNFLTEAMTOTAL-26SEP24ATLGB-GB43|no_bid|join,T-6h,1790277762,1790295300,26SEP24ATLGB,KXNFLTEAMTOTAL,KXNFLTEAMTOTAL-26SEP24ATLGB-GB43,GB Packers over 42.5 points scored,no_bid,join,0.05,3747.0,0.02,0.05,unfilled,0.0,,,,
T-6h|KXNFLTEAMTOTAL-26SEP24ATLGB-GB43|yes_bid|join,T-6h,1790277762,1790295300,26SEP24ATLGB,KXNFLTEAMTOTAL,KXNFLTEAMTOTAL-26SEP24ATLGB-GB43,GB Packers over 42.5 points scored,yes_bid,join,0.02,2158.0,0.02,0.05,unfilled,0.0,,,,
T-6h|KXNFLTEAMTOTAL-26SEP24ATLGB-GB43|no_bid|improve,T-6h,1790277762,1790295300,26SEP24ATLGB,KXNFLTEAMTOTAL,KXNFLTEAMTOTAL-26SEP24ATLGB-GB43,GB Packers over 42.5 points scored,no_bid,improve,0.04,0.0,0.02,0.05,unfilled,0.0,,,,
T-6h|KXNFLTEAMTOTAL-26SEP24ATLGB-GB43|yes_bid|improve,T-6h,1790277762,1790295300,26SEP24ATLGB,KXNFLTEAMTOTAL,KXNFLTEAMTOTAL-26SEP24ATLGB-GB43,GB Packers over 42.5 points scored,yes_bid,improve,0.03,0.0,0.02,0.05,unfilled,0.0,,,,
T-6h|KXNFLTEAMTOTAL-26SEP24ATLGB-GB4|no_bid|join,T-6h,1790277762,1790295300,26SEP24ATLGB,KXNFLTEAMTOTAL,KXNFLTEAMTOTAL-26SEP24ATLGB-GB4,GB Packers over 3.5 points scored,no_bid,join,0.99,1.0,0.98,0.99,unfilled,0.0,,,,
T-6h|KXNFLTEAMTOTAL-26SEP24ATLGB-GB4|yes_bid|join,T-6h,1790277762,1790295300,26SEP24ATLGB,KXNFLTEAMTOTAL,KXNFLTEAMTOTAL-26SEP24ATLGB-GB4,GB Packers over 3.5 points scored,yes_bid,join,0.98,734.22,0.98,0.99,unfilled,0.0,,,,
T-6h|KXNFLTEAMTOTAL-26SEP24ATLGB-GB39|no_bid|join,T-6h,1790277762,1790295300,26SEP24ATLGB,KXNFLTEAMTOTAL,KXNFLTEAMTOTAL-26SEP24ATLGB-GB39,GB Packers over 38.5 points scored,no_bid,join,0.07,4521.0,0.06,0.07,unfilled,0.0,,,,
T-6h|KXNFLTEAMTOTAL-26SEP24ATLGB-GB39|yes_bid|join,T-6h,1790277762,1790295300,26SEP24ATLGB,KXNFLTEAMTOTAL,KXNFLTEAMTOTAL-26SEP24ATLGB-GB39,GB Packers over 38.5 points scored,yes_bid,join,0.06,800.0,0.06,0.07,settled,100,no,-6.0,0.1,1790323059
T-6h|KXNFLTEAMTOTAL-26SEP24ATLGB-GB36|no_bid|join,T-6h,1790277762,1790295300,26SEP24ATLGB,KXNFLTEAMTOTAL,KXNFLTEAMTOTAL-26SEP24ATLGB-GB36,GB Packers over 35.5 points scored,no_bid,join,0.13,9171.0,0.12,0.13,unfilled,0.0,,,,
T-6h|KXNFLTEAMTOTAL-26SEP24ATLGB-GB36|yes_bid|join,T-6h,1790277762,1790295300,26SEP24ATLGB,KXNFLTEAMTOTAL,KXNFLTEAMTOTAL-26SEP24ATLGB-GB36,GB Packers over 35.5 points scored,yes_bid,join,0.12,3.0,0.12,0.13,settled,100,no,-12.0,0.19,1790323057
T-6h|KXNFLTEAMTOTAL-26SEP24ATLGB-GB32|no_bid|join,T-6h,1790277762,1790295300,26SEP24ATLGB,KXNFLTEAMTOTAL,KXNFLTEAMTOTAL-26SEP24ATLGB-GB32,GB Packers over 31.5 points scored,no_bid,join,0.2,3250.0,0.19,0.2,settled,100,no,20.0,0.29,1790323054
T-6h|KXNFLTEAMTOTAL-26SEP24ATLGB-GB32|yes_bid|join,T-6h,1790277762,1790295300,26SEP24ATLGB,KXNFLTEAMTOTAL,KXNFLTEAMTOTAL-26SEP24ATLGB-GB32,GB Packers over 31.5 points scored,yes_bid,join,0.19,6475.0,0.19,0.2,unfilled,0.0,,,,
T-6h|KXNFLTEAMTOTAL-26SEP24ATLGB-GB29|no_bid|join,T-6h,1790277762,1790295300,26SEP24ATLGB,KXNFLTEAMTOTAL,KXNFLTEAMTOTAL-26SEP24ATLGB-GB29,GB Packers over 28.5 points scored,no_bid,join,0.32,3725.0,0.3,0.32,unfilled,0.0,,,,
T-6h|KXNFLTEAMTOTAL-26SEP24ATLGB-GB29|yes_bid|join,T-6h,1790277762,1790295300,26SEP24ATLGB,KXNFLTEAMTOTAL,KXNFLTEAMTOTAL-26SEP24ATLGB-GB29,GB Packers over 28.5 points scored,yes_bid,join,0.3,851.0,0.3,0.32,unfilled,0.0,,,,
T-6h|KXNFLTEAMTOTAL-26SEP24ATLGB-GB29|no_bid|improve,T-6h,1790277762,1790295300,26SEP24ATLGB,KXNFLTEAMTOTAL,KXNFLTEAMTOTAL-26SEP24ATLGB-GB29,GB Packers over 28.5 points scored,no_bid,improve,0.31,0.0,0.3,0.32,settled,100,no,31.0,0.38,1790323059
T-6h|KXNFLTEAMTOTAL-26SEP24ATLGB-GB29|yes_bid|improve,T-6h,1790277762,1790295300,26SEP24ATLGB,KXNFLTEAMTOTAL,KXNFLTEAMTOTAL-26SEP24ATLGB-GB29,GB Packers over 28.5 points scored,yes_bid,improve,0.31,0.0,0.3,0.32,settled,100,no,-31.0,0.38,1790323059
T-6h|KXNFLTEAMTOTAL-26SEP24ATLGB-GB27|no_bid|join,T-6h,1790277762,1790295300,26SEP24ATLGB,KXNFLTEAMTOTAL,KXNFLTEAMTOTAL-26SEP24ATLGB-GB27,GB Packers over 26.5 points scored,no_bid,join,0.42,7988.56,0.41,0.42,unfilled,0.0,,,,
T-6h|KXNFLTEAMTOTAL-26SEP24ATLGB-GB27|yes_bid|join,T-6h,1790277762,1790295300,26SEP24ATLGB,KXNFLTEAMTOTAL,KXNFLTEAMTOTAL-26SEP24ATLGB-GB27,GB Packers over 26.5 points scored,yes_bid,join,0.41,3551.0,0.41,0.42,settled,100,no,-41.0,0.43,1790323055
T-6h|KXNFLTEAMTOTAL-26SEP24ATLGB-GB25|no_bid|join,T-6h,1790277762,1790295300,26SEP24ATLGB,KXNFLTEAMTOTAL,KXNFLTEAMTOTAL-26SEP24ATLGB-GB25,GB Packers over 24.5 points scored,no_bid,join,0.46,9044.41,0.45,0.46,settled,100,no,46.0,0.44,1790323056
T-6h|KXNFLTEAMTOTAL-26SEP24ATLGB-GB25|yes_bid|join,T-6h,1790277762,1790295300,26SEP24ATLGB,KXNFLTEAMTOTAL,KXNFLTEAMTOTAL-26SEP24ATLGB-GB25,GB Packers over 24.5 points scored,yes_bid,join,0.45,22768.87,0.45,0.46,unfilled,0.0,,,,
T-6h|KXNFLTEAMTOTAL-26SEP24ATLGB-GB22|no_bid|join,T-6h,1790277762,1790295300,26SEP24ATLGB,KXNFLTEAMTOTAL,KXNFLTEAMTOTAL-26SEP24ATLGB-GB22,GB Packers over 21.5 points scored,no_bid,join,0.62,7975.58,0.61,0.62,settled,100,no,62.0,0.42,1790323056
T-6h|KXNFLTEAMTOTAL-26SEP24ATLGB-GB22|yes_bid|join,T-6h,1790277762,1790295300,26SEP24ATLGB,KXNFLTEAMTOTAL,KXNFLTEAMTOTAL-26SEP24ATLGB-GB22,GB Packers over 21.5 points scored,yes_bid,join,0.61,446.0,0.61,0.62,settled,100,no,-61.0,0.42,1790323056
T-6h|KXNFLTEAMTOTAL-26SEP24ATLGB-GB21|no_bid|join,T-6h,1790277762,1790295300,26SEP24ATLGB,KXNFLTEAMTOTAL,KXNFLTEAMTOTAL-26SEP24ATLGB-GB21,GB Packers over 20.5 points scored,no_bid,join,0.66,9352.41,0.64,0.66,unfilled,0.0,,,,
T-6h|KXNFLTEAMTOTAL-26SEP24ATLGB-GB21|yes_bid|join,T-6h,1790277762,1790295300,26SEP24ATLGB,KXNFLTEAMTOTAL,KXNFLTEAMTOTAL-26SEP24ATLGB-GB21,GB Packers over 20.5 points scored,yes_bid,join,0.64,1596.0,0.64,0.66,unfilled,0.0,,,,
T-6h|KXNFLTEAMTOTAL-26SEP24ATLGB-GB21|no_bid|improve,T-6h,1790277762,1790295300,26SEP24ATLGB,KXNFLTEAMTOTAL,KXNFLTEAMTOTAL-26SEP24ATLGB-GB21,GB Packers over 20.5 points scored,no_bid,improve,0.65,0.0,0.64,0.66,settled,100,no,65.0,0.4,1790323071
T-6h|KXNFLTEAMTOTAL-26SEP24ATLGB-GB21|yes_bid|improve,T-6h,1790277762,1790295300,26SEP24ATLGB,KXNFLTEAMTOTAL,KXNFLTEAMTOTAL-26SEP24ATLGB-GB21,GB Packers over 20.5 points scored,yes_bid,improve,0.65,0.0,0.64,0.66,settled,40.11,no,-26.07,0.16,1790323071
T-6h|KXNFLTEAMTOTAL-26SEP24ATLGB-GB18|no_bid|join,T-6h,1790277762,1790295300,26SEP24ATLGB,KXNFLTEAMTOTAL,KXNFLTEAMTOTAL-26SEP24ATLGB-GB18,GB Packers over 17.5 points scored,no_bid,join,0.76,4988.71,0.75,0.76,unfilled,0.0,,,,
T-6h|KXNFLTEAMTOTAL-26SEP24ATLGB-GB18|yes_bid|join,T-6h,1790277762,1790295300,26SEP24ATLGB,KXNFLTEAMTOTAL,KXNFLTEAMTOTAL-26SEP24ATLGB-GB18,GB Packers over 17.5 points scored,yes_bid,join,0.75,5.0,0.75,0.76,settled,100,no,-75.0,0.33,1790323064
T-6h|KXNFLTEAMTOTAL-26SEP24ATLGB-GB15|no_bid|join,T-6h,1790277762,1790295300,26SEP24ATLGB,KXNFLTEAMTOTAL,KXNFLTEAMTOTAL-26SEP24ATLGB-GB15,GB Packers over 14.5 points scored,no_bid,join,0.87,3241.0,0.85,0.87,settled,100,no,87.0,0.2,1790323064
T-6h|KXNFLTEAMTOTAL-26SEP24ATLGB-GB15|yes_bid|join,T-6h,1790277762,1790295300,26SEP24ATLGB,KXNFLTEAMTOTAL,KXNFLTEAMTOTAL-26SEP24ATLGB-GB15,GB Packers over 14.5 points scored,yes_bid,join,0.85,3537.0,0.85,0.87,unfilled,0.0,,,,
T-6h|KXNFLTEAMTOTAL-26SEP24ATLGB-GB15|no_bid|improve,T-6h,1790277762,1790295300,26SEP24ATLGB,KXNFLTEAMTOTAL,KXNFLTEAMTOTAL-26SEP24ATLGB-GB15,GB Packers over 14.5 points scored,no_bid,improve,0.86,0.0,0.85,0.87,settled,100,no,86.0,0.22,1790323064
T-6h|KXNFLTEAMTOTAL-26SEP24ATLGB-GB15|yes_bid|improve,T-6h,1790277762,1790295300,26SEP24ATLGB,KXNFLTEAMTOTAL,KXNFLTEAMTOTAL-26SEP24ATLGB-GB15,GB Packers over 14.5 points scored,yes_bid,improve,0.86,0.0,0.85,0.87,settled,100,no,-86.0,0.22,1790323064
T-6h|KXNFLTEAMTOTAL-26SEP24ATLGB-GB11|no_bid|join,T-6h,1790277762,1790295300,26SEP24ATLGB,KXNFLTEAMTOTAL,KXNFLTEAMTOTAL-26SEP24ATLGB-GB11,GB Packers over 10.5 points scored,no_bid,join,0.94,8091.0,0.92,0.94,unfilled,0.0,,,,
T-6h|KXNFLTEAMTOTAL-26SEP24ATLGB-GB11|yes_bid|join,T-6h,1790277762,1790295300,26SEP24ATLGB,KXNFLTEAMTOTAL,KXNFLTEAMTOTAL-26SEP24ATLGB-GB11,GB Packers over 10.5 points scored,yes_bid,join,0.92,1400.0,0.92,0.94,unfilled,0.0,,,,
T-6h|KXNFLTEAMTOTAL-26SEP24ATLGB-GB11|no_bid|improve,T-6h,1790277762,1790295300,26SEP24ATLGB,KXNFLTEAMTOTAL,KXNFLTEAMTOTAL-26SEP24ATLGB-GB11,GB Packers over 10.5 points scored,no_bid,improve,0.93,0.0,0.92,0.94,settled,100,yes,-7.0,0.12,1790323064
T-6h|KXNFLTEAMTOTAL-26SEP24ATLGB-GB11|yes_bid|improve,T-6h,1790277762,1790295300,26SEP24ATLGB,KXNFLTEAMTOTAL,KXNFLTEAMTOTAL-26SEP24ATLGB-GB11,GB Packers over 10.5 points scored,yes_bid,improve,0.93,0.0,0.92,0.94,settled,100,yes,7.0,0.12,1790323064
T-6h|KXNFLTEAMTOTAL-26SEP24ATLGB-ATL8|no_bid|join,T-6h,1790277762,1790295300,26SEP24ATLGB,KXNFLTEAMTOTAL,KXNFLTEAMTOTAL-26SEP24ATLGB-ATL8,ATL Falcons over 7.5 points scored,no_bid,join,0.9,29.0,0.89,0.9,settled,100,yes,-10.0,0.16,1790302777
T-6h|KXNFLTEAMTOTAL-26SEP24ATLGB-ATL8|yes_bid|join,T-6h,1790277762,1790295300,26SEP24ATLGB,KXNFLTEAMTOTAL,KXNFLTEAMTOTAL-26SEP24ATLGB-ATL8,ATL Falcons over 7.5 points scored,yes_bid,join,0.89,8356.06,0.89,0.9,unfilled,0.0,,,,
T-6h|KXNFLTEAMTOTAL-26SEP24ATLGB-ATL43|no_bid|join,T-6h,1790277762,1790295300,26SEP24ATLGB,KXNFLTEAMTOTAL,KXNFLTEAMTOTAL-26SEP24ATLGB-ATL43,ATL Falcons over 42.5 points scored,no_bid,join,0.03,4083.0,0.02,0.03,unfilled,0.0,,,,
T-6h|KXNFLTEAMTOTAL-26SEP24ATLGB-ATL43|yes_bid|join,T-6h,1790277762,1790295300,26SEP24ATLGB,KXNFLTEAMTOTAL,KXNFLTEAMTOTAL-26SEP24ATLGB-ATL43,ATL Falcons over 42.5 points scored,yes_bid,join,0.02,1050.52,0.02,0.03,settled,100,no,-2.0,0.04,1790323058
T-6h|KXNFLTEAMTOTAL-26SEP24ATLGB-ATL4|no_bid|join,T-6h,1790277762,1790295300,26SEP24ATLGB,KXNFLTEAMTOTAL,KXNFLTEAMTOTAL-26SEP24ATLGB-ATL4,ATL Falcons over 3.5 points scored,no_bid,join,0.97,4093.0,0.94,0.97,unfilled,0.0,,,,
T-6h|KXNFLTEAMTOTAL-26SEP24ATLGB-ATL4|yes_bid|join,T-6h,1790277762,1790295300,26SEP24ATLGB,KXNFLTEAMTOTAL,KXNFLTEAMTOTAL-26SEP24ATLGB-ATL4,ATL Falcons over 3.5 points scored,yes_bid,join,0.94,1320.0,0.94,0.97,settled,100,yes,6.0,0.1,1790299079
T-6h|KXNFLTEAMTOTAL-26SEP24ATLGB-ATL4|no_bid|improve,T-6h,1790277762,1790295300,26SEP24ATLGB,KXNFLTEAMTOTAL,KXNFLTEAMTOTAL-26SEP24ATLGB-ATL4,ATL Falcons over 3.5 points scored,no_bid,improve,0.96,0.0,0.94,0.97,settled,100,yes,-4.0,0.07,1790299079
T-6h|KXNFLTEAMTOTAL-26SEP24ATLGB-ATL4|yes_bid|improve,T-6h,1790277762,1790295300,26SEP24ATLGB,KXNFLTEAMTOTAL,KXNFLTEAMTOTAL-26SEP24ATLGB-ATL4,ATL Falcons over 3.5 points scored,yes_bid,improve,0.95,0.0,0.94,0.97,settled,100,yes,5.0,0.09,1790299079
T-6h|KXNFLTEAMTOTAL-26SEP24ATLGB-ATL39|no_bid|join,T-6h,1790277762,1790295300,26SEP24ATLGB,KXNFLTEAMTOTAL,KXNFLTEAMTOTAL-26SEP24ATLGB-ATL39,ATL Falcons over 38.5 points scored,no_bid,join,0.03,10620.0,0.02,0.03,unfilled,0.0,,,,
T-6h|KXNFLTEAMTOTAL-26SEP24ATLGB-ATL39|yes_bid|join,T-6h,1790277762,1790295300,26SEP24ATLGB,KXNFLTEAMTOTAL,KXNFLTEAMTOTAL-26SEP24ATLGB-ATL39,ATL Falcons over 38.5 points scored,yes_bid,join,0.02,1021.0,0.02,0.03,settled,100,no,-2.0,0.04,1790323070
T-6h|KXNFLTEAMTOTAL-26SEP24ATLGB-ATL36|no_bid|join,T-6h,1790277762,1790295300,26SEP24ATLGB,KXNFLTEAMTOTAL,KXNFLTEAMTOTAL-26SEP24ATLGB-ATL36,ATL Falcons over 35.5 points scored,no_bid,join,0.04,3100.0,0.03,0.04,unfilled,0.0,,,,
T-6h|KXNFLTEAMTOTAL-26SEP24ATLGB-ATL36|yes_bid|join,T-6h,1790277762,1790295300,26SEP24ATLGB,KXNFLTEAMTOTAL,KXNFLTEAMTOTAL-26SEP24ATLGB-ATL36,ATL Falcons over 35.5 points scored,yes_bid,join,0.03,6779.81,0.03,0.04,unfilled,0.0,,,,
T-6h|KXNFLTEAMTOTAL-26SEP24ATLGB-ATL32|no_bid|join,T-6h,1790277762,1790295300,26SEP24ATLGB,KXNFLTEAMTOTAL,KXNFLTEAMTOTAL-26SEP24ATLGB-ATL32,ATL Falcons over 31.5 points scored,no_bid,join,0.09,4528.0,0.08,0.09,unfilled,0.0,,,,
T-6h|KXNFLTEAMTOTAL-26SEP24ATLGB-ATL32|yes_bid|join,T-6h,1790277762,1790295300,26SEP24ATLGB,KXNFLTEAMTOTAL,KXNFLTEAMTOTAL-26SEP24ATLGB-ATL32,ATL Falcons over 31.5 points scored,yes_bid,join,0.08,4925.0,0.08,0.09,unfilled,0.0,,,,
T-6h|KXNFLTEAMTOTAL-26SEP24ATLGB-ATL29|no_bid|join,T-6h,1790277762,1790295300,26SEP24ATLGB,KXNFLTEAMTOTAL,KXNFLTEAMTOTAL-26SEP24ATLGB-ATL29,ATL Falcons over 28.5 points scored,no_bid,join,0.14,24.0,0.13,0.14,settled,100,yes,-86.0,0.22,1790323057
T-6h|KXNFLTEAMTOTAL-26SEP24ATLGB-ATL29|yes_bid|join,T-6h,1790277762,1790295300,26SEP24ATLGB,KXNFLTEAMTOTAL,KXNFLTEAMTOTAL-26SEP24ATLGB-ATL29,ATL Falcons over 28.5 points scored,yes_bid,join,0.13,5120.0,0.13,0.14,unfilled,0.0,,,,
T-6h|KXNFLTEAMTOTAL-26SEP24ATLGB-ATL25|no_bid|join,T-6h,1790277762,1790295300,26SEP24ATLGB,KXNFLTEAMTOTAL,KXNFLTEAMTOTAL-26SEP24ATLGB-ATL25,ATL Falcons over 24.5 points scored,no_bid,join,0.24,1.09,0.23,0.24,settled,100,yes,-76.0,0.32,1790323064
T-6h|KXNFLTEAMTOTAL-26SEP24ATLGB-ATL25|yes_bid|join,T-6h,1790277762,1790295300,26SEP24ATLGB,KXNFLTEAMTOTAL,KXNFLTEAMTOTAL-26SEP24ATLGB-ATL25,ATL Falcons over 24.5 points scored,yes_bid,join,0.23,5440.0,0.23,0.24,unfilled,0.0,,,,
T-6h|KXNFLTEAMTOTAL-26SEP24ATLGB-ATL22|no_bid|join,T-6h,1790277762,1790295300,26SEP24ATLGB,KXNFLTEAMTOTAL,KXNFLTEAMTOTAL-26SEP24ATLGB-ATL22,ATL Falcons over 21.5 points scored,no_bid,join,0.37,3200.0,0.36,0.37,settled,100,yes,-63.0,0.41,1790323056
T-6h|KXNFLTEAMTOTAL-26SEP24ATLGB-ATL22|yes_bid|join,T-6h,1790277762,1790295300,26SEP24ATLGB,KXNFLTEAMTOTAL,KXNFLTEAMTOTAL-26SEP24ATLGB-ATL22,ATL Falcons over 21.5 points scored,yes_bid,join,0.36,5096.43,0.36,0.37,unfilled,0.0,,,,
T-6h|KXNFLTEAMTOTAL-26SEP24ATLGB-ATL21|no_bid|join,T-6h,1790277762,1790295300,26SEP24ATLGB,KXNFLTEAMTOTAL,KXNFLTEAMTOTAL-26SEP24ATLGB-ATL21,ATL Falcons over 20.5 points scored,no_bid,join,0.41,4403.68,0.4,0.41,settled,100,yes,-59.0,0.43,1790323056
T-6h|KXNFLTEAMTOTAL-26SEP24ATLGB-ATL21|yes_bid|join,T-6h,1790277762,1790295300,26SEP24ATLGB,KXNFLTEAMTOTAL,KXNFLTEAMTOTAL-26SEP24ATLGB-ATL21,ATL Falcons over 20.5 points scored,yes_bid,join,0.4,4432.19,0.4,0.41,unfilled,0.0,,,,
T-6h|KXNFLTEAMTOTAL-26SEP24ATLGB-ATL19|no_bid|join,T-6h,1790277762,1790295300,26SEP24ATLGB,KXNFLTEAMTOTAL,KXNFLTEAMTOTAL-26SEP24ATLGB-ATL19,ATL Falcons over 18.5 points scored,no_bid,join,0.53,22384.79,0.52,0.53,settled,100,yes,-47.0,0.44,1790323062
T-6h|KXNFLTEAMTOTAL-26SEP24ATLGB-ATL19|yes_bid|join,T-6h,1790277762,1790295300,26SEP24ATLGB,KXNFLTEAMTOTAL,KXNFLTEAMTOTAL-26SEP24ATLGB-ATL19,ATL Falcons over 18.5 points scored,yes_bid,join,0.52,5106.85,0.52,0.53,settled,100,yes,48.0,0.44,1790323062
T-6h|KXNFLTEAMTOTAL-26SEP24ATLGB-ATL18|no_bid|join,T-6h,1790277762,1790295300,26SEP24ATLGB,KXNFLTEAMTOTAL,KXNFLTEAMTOTAL-26SEP24ATLGB-ATL18,ATL Falcons over 17.5 points scored,no_bid,join,0.54,25462.39,0.53,0.54,settled,100,yes,-46.0,0.44,1790323061
T-6h|KXNFLTEAMTOTAL-26SEP24ATLGB-ATL18|yes_bid|join,T-6h,1790277762,1790295300,26SEP24ATLGB,KXNFLTEAMTOTAL,KXNFLTEAMTOTAL-26SEP24ATLGB-ATL18,ATL Falcons over 17.5 points scored,yes_bid,join,0.53,6839.75,0.53,0.54,unfilled,0.0,,,,
T-6h|KXNFLTEAMTOTAL-26SEP24ATLGB-ATL15|no_bid|join,T-6h,1790277762,1790295300,26SEP24ATLGB,KXNFLTEAMTOTAL,KXNFLTEAMTOTAL-26SEP24ATLGB-ATL15,ATL Falcons over 14.5 points scored,no_bid,join,0.69,4047.0,0.67,0.69,unfilled,0.0,,,,
T-6h|KXNFLTEAMTOTAL-26SEP24ATLGB-ATL15|yes_bid|join,T-6h,1790277762,1790295300,26SEP24ATLGB,KXNFLTEAMTOTAL,KXNFLTEAMTOTAL-26SEP24ATLGB-ATL15,ATL Falcons over 14.5 points scored,yes_bid,join,0.67,5452.0,0.67,0.69,unfilled,0.0,,,,
T-6h|KXNFLTEAMTOTAL-26SEP24ATLGB-ATL15|no_bid|improve,T-6h,1790277762,1790295300,26SEP24ATLGB,KXNFLTEAMTOTAL,KXNFLTEAMTOTAL-26SEP24ATLGB-ATL15,ATL Falcons over 14.5 points scored,no_bid,improve,0.68,0.0,0.67,0.69,settled,100,yes,-32.0,0.39,1790302778
T-6h|KXNFLTEAMTOTAL-26SEP24ATLGB-ATL15|yes_bid|improve,T-6h,1790277762,1790295300,26SEP24ATLGB,KXNFLTEAMTOTAL,KXNFLTEAMTOTAL-26SEP24ATLGB-ATL15,ATL Falcons over 14.5 points scored,yes_bid,improve,0.68,0.0,0.67,0.69,settled,100,yes,32.0,0.39,1790302778
T-6h|KXNFLTEAMTOTAL-26SEP24ATLGB-ATL11|no_bid|join,T-6h,1790277762,1790295300,26SEP24ATLGB,KXNFLTEAMTOTAL,KXNFLTEAMTOTAL-26SEP24ATLGB-ATL11,ATL Falcons over 10.5 points scored,no_bid,join,0.81,4934.33,0.8,0.81,unfilled,0.0,,,,
T-6h|KXNFLTEAMTOTAL-26SEP24ATLGB-ATL11|yes_bid|join,T-6h,1790277762,1790295300,26SEP24ATLGB,KXNFLTEAMTOTAL,KXNFLTEAMTOTAL-26SEP24ATLGB-ATL11,ATL Falcons over 10.5 points scored,yes_bid,join,0.8,2404.0,0.8,0.81,unfilled,0.0,,,,
T-6h|KXNFLGAME-26SEP24ATLGB-GB|no_bid|join,T-6h,1790277762,1790295300,26SEP24ATLGB,KXNFLGAME,KXNFLGAME-26SEP24ATLGB-GB,Green Bay,no_bid,join,0.7,6774276.52,0.69,0.7,unfilled,0.0,,,,
T-6h|KXNFLGAME-26SEP24ATLGB-GB|yes_bid|join,T-6h,1790277762,1790295300,26SEP24ATLGB,KXNFLGAME,KXNFLGAME-26SEP24ATLGB-GB,Green Bay,yes_bid,join,0.69,419423.46,0.69,0.7,settled,100,no,-69.0,0.38,1790323065
T-6h|KXNFLGAME-26SEP24ATLGB-ATL|no_bid|join,T-6h,1790277762,1790295300,26SEP24ATLGB,KXNFLGAME,KXNFLGAME-26SEP24ATLGB-ATL,Atlanta,no_bid,join,0.31,647748.82,0.3,0.31,settled,100,yes,-69.0,0.38,1790323070
T-6h|KXNFLGAME-26SEP24ATLGB-ATL|yes_bid|join,T-6h,1790277762,1790295300,26SEP24ATLGB,KXNFLGAME,KXNFLGAME-26SEP24ATLGB-ATL,Atlanta,yes_bid,join,0.3,461853.77,0.3,0.31,unfilled,0.0,,,,
T-6h|KXNFLRECYDS-26SEP24ATLGB-ATLOZACCHEAUS14-50|no_bid|join,T-6h,1790277762,1790295300,26SEP24ATLGB,KXNFLRECYDS,KXNFLRECYDS-26SEP24ATLGB-ATLOZACCHEAUS14-50,Olamide Zaccheaus: 50+,no_bid,join,0.05,4.0,0.03,0.05,settled,100,no,5.0,0.09,1790323056
T-6h|KXNFLRECYDS-26SEP24ATLGB-ATLOZACCHEAUS14-50|yes_bid|join,T-6h,1790277762,1790295300,26SEP24ATLGB,KXNFLRECYDS,KXNFLRECYDS-26SEP24ATLGB-ATLOZACCHEAUS14-50,Olamide Zaccheaus: 50+,yes_bid,join,0.03,31.49,0.03,0.05,unfilled,0.0,,,,
T-6h|KXNFLRECYDS-26SEP24ATLGB-ATLOZACCHEAUS14-50|no_bid|improve,T-6h,1790277762,1790295300,26SEP24ATLGB,KXNFLRECYDS,KXNFLRECYDS-26SEP24ATLGB-ATLOZACCHEAUS14-50,Olamide Zaccheaus: 50+,no_bid,improve,0.04,0.0,0.03,0.05,settled,100,no,4.0,0.07,1790323056
T-6h|KXNFLRECYDS-26SEP24ATLGB-ATLOZACCHEAUS14-50|yes_bid|improve,T-6h,1790277762,1790295300,26SEP24ATLGB,KXNFLRECYDS,KXNFLRECYDS-26SEP24ATLGB-ATLOZACCHEAUS14-50,Olamide Zaccheaus: 50+,yes_bid,improve,0.04,0.0,0.03,0.05,unfilled,0.0,,,,
T-6h|KXNFLRECYDS-26SEP24ATLGB-ATLOZACCHEAUS14-40|no_bid|join,T-6h,1790277762,1790295300,26SEP24ATLGB,KXNFLRECYDS,KXNFLRECYDS-26SEP24ATLGB-ATLOZACCHEAUS14-40,Olamide Zaccheaus: 40+,no_bid,join,0.09,11076.0,0.07,0.09,unfilled,0.0,,,,
T-6h|KXNFLRECYDS-26SEP24ATLGB-ATLOZACCHEAUS14-40|yes_bid|join,T-6h,1790277762,1790295300,26SEP24ATLGB,KXNFLRECYDS,KXNFLRECYDS-26SEP24ATLGB-ATLOZACCHEAUS14-40,Olamide Zaccheaus: 40+,yes_bid,join,0.07,513.0,0.07,0.09,unfilled,0.0,,,,
T-6h|KXNFLRECYDS-26SEP24ATLGB-ATLOZACCHEAUS14-40|no_bid|improve,T-6h,1790277762,1790295300,26SEP24ATLGB,KXNFLRECYDS,KXNFLRECYDS-26SEP24ATLGB-ATLOZACCHEAUS14-40,Olamide Zaccheaus: 40+,no_bid,improve,0.08,0.0,0.07,0.09,settled,100,no,8.0,0.13,1790323062
T-6h|KXNFLRECYDS-26SEP24ATLGB-ATLOZACCHEAUS14-40|yes_bid|improve,T-6h,1790277762,1790295300,26SEP24ATLGB,KXNFLRECYDS,KXNFLRECYDS-26SEP24ATLGB-ATLOZACCHEAUS14-40,Olamide Zaccheaus: 40+,yes_bid,improve,0.08,0.0,0.07,0.09,unfilled,0.0,,,,
T-6h|KXNFLRECYDS-26SEP24ATLGB-ATLOZACCHEAUS14-25|no_bid|join,T-6h,1790277762,1790295300,26SEP24ATLGB,KXNFLRECYDS,KXNFLRECYDS-26SEP24ATLGB-ATLOZACCHEAUS14-25,Olamide Zaccheaus: 25+,no_bid,join,0.21,11316.66,0.2,0.21,unfilled,0.0,,,,
T-6h|KXNFLRECYDS-26SEP24ATLGB-ATLOZACCHEAUS14-25|yes_bid|join,T-6h,1790277762,1790295300,26SEP24ATLGB,KXNFLRECYDS,KXNFLRECYDS-26SEP24ATLGB-ATLOZACCHEAUS14-25,Olamide Zaccheaus: 25+,yes_bid,join,0.2,2.0,0.2,0.21,settled,100,no,-20.0,0.29,1790323069
T-6h|KXNFLRECYDS-26SEP24ATLGB-ATLOZACCHEAUS14-15|no_bid|join,T-6h,1790277762,1790295300,26SEP24ATLGB,KXNFLRECYDS,KXNFLRECYDS-26SEP24ATLGB-ATLOZACCHEAUS14-15,Olamide Zaccheaus: 15+,no_bid,join,0.38,15950.48,0.37,0.38,unfilled,0.0,,,,
T-6h|KXNFLRECYDS-26SEP24ATLGB-ATLOZACCHEAUS14-15|yes_bid|join,T-6h,1790277762,1790295300,26SEP24ATLGB,KXNFLRECYDS,KXNFLRECYDS-26SEP24ATLGB-ATLOZACCHEAUS14-15,Olamide Zaccheaus: 15+,yes_bid,join,0.37,1038.61,0.37,0.38,settled,100,no,-37.0,0.41,1790323056
T-6h|KXNFLRECYDS-26SEP24ATLGB-ATLOZACCHEAUS14-10|no_bid|join,T-6h,1790277762,1790295300,26SEP24ATLGB,KXNFLRECYDS,KXNFLRECYDS-26SEP24ATLGB-ATLOZACCHEAUS14-10,Olamide Zaccheaus: 10+,no_bid,join,0.49,61181.43,0.48,0.49,unfilled,0.0,,,,
T-6h|KXNFLRECYDS-26SEP24ATLGB-ATLOZACCHEAUS14-10|yes_bid|join,T-6h,1790277762,1790295300,26SEP24ATLGB,KXNFLRECYDS,KXNFLRECYDS-26SEP24ATLGB-ATLOZACCHEAUS14-10,Olamide Zaccheaus: 10+,yes_bid,join,0.48,516.32,0.48,0.49,settled,100,no,-48.0,0.44,1790323067
T-6h|KXNFLRECYDS-26SEP24ATLGB-GBJSMITH18-50|no_bid|join,T-6h,1790277762,1790295300,26SEP24ATLGB,KXNFLRECYDS,KXNFLRECYDS-26SEP24ATLGB-GBJSMITH18-50,Jonnu Smith: 50+,no_bid,join,0.07,13545.68,0.04,0.07,unfilled,0.0,,,,
T-6h|KXNFLRECYDS-26SEP24ATLGB-GBJSMITH18-50|yes_bid|join,T-6h,1790277762,1790295300,26SEP24ATLGB,KXNFLRECYDS,KXNFLRECYDS-26SEP24ATLGB-GBJSMITH18-50,Jonnu Smith: 50+,yes_bid,join,0.04,290.0,0.04,0.07,unfilled,0.0,,,,
T-6h|KXNFLRECYDS-26SEP24ATLGB-GBJSMITH18-50|no_bid|improve,T-6h,1790277762,1790295300,26SEP24ATLGB,KXNFLRECYDS,KXNFLRECYDS-26SEP24ATLGB-GBJSMITH18-50,Jonnu Smith: 50+,no_bid,improve,0.06,0.0,0.04,0.07,settled,100,no,6.0,0.1,1790323054
T-6h|KXNFLRECYDS-26SEP24ATLGB-GBJSMITH18-50|yes_bid|improve,T-6h,1790277762,1790295300,26SEP24ATLGB,KXNFLRECYDS,KXNFLRECYDS-26SEP24ATLGB-GBJSMITH18-50,Jonnu Smith: 50+,yes_bid,improve,0.05,0.0,0.04,0.07,settled,52.44,no,-2.62,0.05,1790323054
T-6h|KXNFLRECYDS-26SEP24ATLGB-GBJSMITH18-40|no_bid|join,T-6h,1790277762,1790295300,26SEP24ATLGB,KXNFLRECYDS,KXNFLRECYDS-26SEP24ATLGB-GBJSMITH18-40,Jonnu Smith: 40+,no_bid,join,0.1,291.64,0.08,0.1,settled,100,no,10.0,0.16,1790323068
T-6h|KXNFLRECYDS-26SEP24ATLGB-GBJSMITH18-40|yes_bid|join,T-6h,1790277762,1790295300,26SEP24ATLGB,KXNFLRECYDS,KXNFLRECYDS-26SEP24ATLGB-GBJSMITH18-40,Jonnu Smith: 40+,yes_bid,join,0.08,33.0,0.08,0.1,settled,100,no,-8.0,0.13,1790323068
T-6h|KXNFLRECYDS-26SEP24ATLGB-GBJSMITH18-40|no_bid|improve,T-6h,1790277762,1790295300,26SEP24ATLGB,KXNFLRECYDS,KXNFLRECYDS-26SEP24ATLGB-GBJSMITH18-40,Jonnu Smith: 40+,no_bid,improve,0.09,0.0,0.08,0.1,settled,100,no,9.0,0.15,1790323068
T-6h|KXNFLRECYDS-26SEP24ATLGB-GBJSMITH18-40|yes_bid|improve,T-6h,1790277762,1790295300,26SEP24ATLGB,KXNFLRECYDS,KXNFLRECYDS-26SEP24ATLGB-GBJSMITH18-40,Jonnu Smith: 40+,yes_bid,improve,0.09,0.0,0.08,0.1,settled,100,no,-9.0,0.15,1790323068
T-6h|KXNFLRECYDS-26SEP24ATLGB-GBJSMITH18-25|no_bid|join,T-6h,1790277762,1790295300,26SEP24ATLGB,KXNFLRECYDS,KXNFLRECYDS-26SEP24ATLGB-GBJSMITH18-25,Jonnu Smith: 25+,no_bid,join,0.19,20062.0,0.18,0.19,settled,100,no,19.0,0.27,1790323068
T-6h|KXNFLRECYDS-26SEP24ATLGB-GBJSMITH18-25|yes_bid|join,T-6h,1790277762,1790295300,26SEP24ATLGB,KXNFLRECYDS,KXNFLRECYDS-26SEP24ATLGB-GBJSMITH18-25,Jonnu Smith: 25+,yes_bid,join,0.18,62.0,0.18,0.19,unfilled,0.0,,,,
T-6h|KXNFLRECYDS-26SEP24ATLGB-GBJSMITH18-15|no_bid|join,T-6h,1790277762,1790295300,26SEP24ATLGB,KXNFLRECYDS,KXNFLRECYDS-26SEP24ATLGB-GBJSMITH18-15,Jonnu Smith: 15+,no_bid,join,0.33,539.0,0.32,0.33,settled,100,yes,-67.0,0.39,1790323057
T-6h|KXNFLRECYDS-26SEP24ATLGB-GBJSMITH18-15|yes_bid|join,T-6h,1790277762,1790295300,26SEP24ATLGB,KXNFLRECYDS,KXNFLRECYDS-26SEP24ATLGB-GBJSMITH18-15,Jonnu Smith: 15+,yes_bid,join,0.32,210.48,0.32,0.33,settled,100,yes,68.0,0.39,1790323057
T-6h|KXNFLRECYDS-26SEP24ATLGB-GBSMOORE23-50|no_bid|join,T-6h,1790277762,1790295300,26SEP24ATLGB,KXNFLRECYDS,KXNFLRECYDS-26SEP24ATLGB-GBSMOORE23-50,Skyy Moore: 50+,no_bid,join,0.07,704.0,0.05,0.07,settled,100,no,7.0,0.12,1790323071
T-6h|KXNFLRECYDS-26SEP24ATLGB-GBSMOORE23-50|yes_bid|join,T-6h,1790277762,1790295300,26SEP24ATLGB,KXNFLRECYDS,KXNFLRECYDS-26SEP24ATLGB-GBSMOORE23-50,Skyy Moore: 50+,yes_bid,join,0.05,1500.0,0.05,0.07,unfilled,0.0,,,,
T-6h|KXNFLRECYDS-26SEP24ATLGB-GBSMOORE23-50|no_bid|improve,T-6h,1790277762,1790295300,26SEP24ATLGB,KXNFLRECYDS,KXNFLRECYDS-26SEP24ATLGB-GBSMOORE23-50,Skyy Moore: 50+,no_bid,improve,0.06,0.0,0.05,0.07,settled,100,no,6.0,0.1,1790323071
T-6h|KXNFLRECYDS-26SEP24ATLGB-GBSMOORE23-50|yes_bid|improve,T-6h,1790277762,1790295300,26SEP24ATLGB,KXNFLRECYDS,KXNFLRECYDS-26SEP24ATLGB-GBSMOORE23-50,Skyy Moore: 50+,yes_bid,improve,0.06,0.0,0.05,0.07,settled,100,no,-6.0,0.1,1790323071
T-6h|KXNFLRECYDS-26SEP24ATLGB-GBSMOORE23-40|no_bid|join,T-6h,1790277762,1790295300,26SEP24ATLGB,KXNFLRECYDS,KXNFLRECYDS-26SEP24ATLGB-GBSMOORE23-40,Skyy Moore: 40+,no_bid,join,0.12,2.26,0.11,0.12,settled,100,no,12.0,0.19,1790323060
T-6h|KXNFLRECYDS-26SEP24ATLGB-GBSMOORE23-40|yes_bid|join,T-6h,1790277762,1790295300,26SEP24ATLGB,KXNFLRECYDS,KXNFLRECYDS-26SEP24ATLGB-GBSMOORE23-40,Skyy Moore: 40+,yes_bid,join,0.11,999.0,0.11,0.12,unfilled,0.0,,,,
T-6h|KXNFLRECYDS-26SEP24ATLGB-GBSMOORE23-25|no_bid|join,T-6h,1790277762,1790295300,26SEP24ATLGB,KXNFLRECYDS,KXNFLRECYDS-26SEP24ATLGB-GBSMOORE23-25,Skyy Moore: 25+,no_bid,join,0.25,1.0,0.24,0.25,settled,100,yes,-75.0,0.33,1790323067
T-6h|KXNFLRECYDS-26SEP24ATLGB-GBSMOORE23-25|yes_bid|join,T-6h,1790277762,1790295300,26SEP24ATLGB,KXNFLRECYDS,KXNFLRECYDS-26SEP24ATLGB-GBSMOORE23-25,Skyy Moore: 25+,yes_bid,join,0.24,2.69,0.24,0.25,unfilled,0.0,,,,
T-6h|KXNFLRECYDS-26SEP24ATLGB-GBSMOORE23-15|no_bid|join,T-6h,1790277762,1790295300,26SEP24ATLGB,KXNFLRECYDS,KXNFLRECYDS-26SEP24ATLGB-GBSMOORE23-15,Skyy Moore: 15+,no_bid,join,0.41,3.69,0.39,0.41,settled,100,yes,-59.0,0.43,1790323054
T-6h|KXNFLRECYDS-26SEP24ATLGB-GBSMOORE23-15|yes_bid|join,T-6h,1790277762,1790295300,26SEP24ATLGB,KXNFLRECYDS,KXNFLRECYDS-26SEP24ATLGB-GBSMOORE23-15,Skyy Moore: 15+,yes_bid,join,0.39,563.04,0.39,0.41,unfilled,0.0,,,,
T-6h|KXNFLRECYDS-26SEP24ATLGB-GBSMOORE23-15|no_bid|improve,T-6h,1790277762,1790295300,26SEP24ATLGB,KXNFLRECYDS,KXNFLRECYDS-26SEP24ATLGB-GBSMOORE23-15,Skyy Moore: 15+,no_bid,improve,0.4,0.0,0.39,0.41,settled,100,yes,-60.0,0.43,1790323054
T-6h|KXNFLRECYDS-26SEP24ATLGB-GBSMOORE23-15|yes_bid|improve,T-6h,1790277762,1790295300,26SEP24ATLGB,KXNFLRECYDS,KXNFLRECYDS-26SEP24ATLGB-GBSMOORE23-15,Skyy Moore: 15+,yes_bid,improve,0.4,0.0,0.39,0.41,settled,1.02,yes,0.61,0.01,1790323054
T-6h|KXNFLRECYDS-26SEP24ATLGB-GBSMOORE23-10|no_bid|join,T-6h,1790277762,1790295300,26SEP24ATLGB,KXNFLRECYDS,KXNFLRECYDS-26SEP24ATLGB-GBSMOORE23-10,Skyy Moore: 10+,no_bid,join,0.55,4.0,0.54,0.55,settled,100,yes,-45.0,0.44,1790323058
T-6h|KXNFLRECYDS-26SEP24ATLGB-GBSMOORE23-10|yes_bid|join,T-6h,1790277762,1790295300,26SEP24ATLGB,KXNFLRECYDS,KXNFLRECYDS-26SEP24ATLGB-GBSMOORE23-10,Skyy Moore: 10+,yes_bid,join,0.54,39.11,0.54,0.55,settled,100,yes,46.0,0.44,1790323058
T-6h|KXNFLRECYDS-26SEP24ATLGB-GBCBROOKS30-40|no_bid|join,T-6h,1790277762,1790295300,26SEP24ATLGB,KXNFLRECYDS,KXNFLRECYDS-26SEP24ATLGB-GBCBROOKS30-40,Chris Brooks: 40+,no_bid,join,0.06,641.0,0.02,0.06,unfilled,0.0,,,,
T-6h|KXNFLRECYDS-26SEP24ATLGB-GBCBROOKS30-40|yes_bid|join,T-6h,1790277762,1790295300,26SEP24ATLGB,KXNFLRECYDS,KXNFLRECYDS-26SEP24ATLGB-GBCBROOKS30-40,Chris Brooks: 40+,yes_bid,join,0.02,2261.99,0.02,0.06,unfilled,0.0,,,,
T-6h|KXNFLRECYDS-26SEP24ATLGB-GBCBROOKS30-40|no_bid|improve,T-6h,1790277762,1790295300,26SEP24ATLGB,KXNFLRECYDS,KXNFLRECYDS-26SEP24ATLGB-GBCBROOKS30-40,Chris Brooks: 40+,no_bid,improve,0.05,0.0,0.02,0.06,settled,100,no,5.0,0.09,1790323072
T-6h|KXNFLRECYDS-26SEP24ATLGB-GBCBROOKS30-40|yes_bid|improve,T-6h,1790277762,1790295300,26SEP24ATLGB,KXNFLRECYDS,KXNFLRECYDS-26SEP24ATLGB-GBCBROOKS30-40,Chris Brooks: 40+,yes_bid,improve,0.03,0.0,0.02,0.06,unfilled,0.0,,,,
T-6h|KXNFLRECYDS-26SEP24ATLGB-GBCBROOKS30-25|no_bid|join,T-6h,1790277762,1790295300,26SEP24ATLGB,KXNFLRECYDS,KXNFLRECYDS-26SEP24ATLGB-GBCBROOKS30-25,Chris Brooks: 25+,no_bid,join,0.13,22836.0,0.12,0.13,unfilled,0.0,,,,
T-6h|KXNFLRECYDS-26SEP24ATLGB-GBCBROOKS30-25|yes_bid|join,T-6h,1790277762,1790295300,26SEP24ATLGB,KXNFLRECYDS,KXNFLRECYDS-26SEP24ATLGB-GBCBROOKS30-25,Chris Brooks: 25+,yes_bid,join,0.12,5.0,0.12,0.13,unfilled,0.0,,,,
T-6h|KXNFLRECYDS-26SEP24ATLGB-GBCBROOKS30-15|no_bid|join,T-6h,1790277762,1790295300,26SEP24ATLGB,KXNFLRECYDS,KXNFLRECYDS-26SEP24ATLGB-GBCBROOKS30-15,Chris Brooks: 15+,no_bid,join,0.27,24473.0,0.26,0.27,unfilled,0.0,,,,
T-6h|KXNFLRECYDS-26SEP24ATLGB-GBCBROOKS30-15|yes_bid|join,T-6h,1790277762,1790295300,26SEP24ATLGB,KXNFLRECYDS,KXNFLRECYDS-26SEP24ATLGB-GBCBROOKS30-15,Chris Brooks: 15+,yes_bid,join,0.26,800.0,0.26,0.27,unfilled,0.0,,,,
T-6h|KXNFLRECYDS-26SEP24ATLGB-ATLJDOTSON4-70|no_bid|join,T-6h,1790277762,1790295300,26SEP24ATLGB,KXNFLRECYDS,KXNFLRECYDS-26SEP24ATLGB-ATLJDOTSON4-70,Jahan Dotson: 70+,no_bid,join,0.04,1913.0,0.03,0.04,settled,100,no,4.0,0.07,1790323069
T-6h|KXNFLRECYDS-26SEP24ATLGB-ATLJDOTSON4-70|yes_bid|join,T-6h,1790277762,1790295300,26SEP24ATLGB,KXNFLRECYDS,KXNFLRECYDS-26SEP24ATLGB-ATLJDOTSON4-70,Jahan Dotson: 70+,yes_bid,join,0.03,350.0,0.03,0.04,unfilled,0.0,,,,
T-6h|KXNFLRECYDS-26SEP24ATLGB-ATLJDOTSON4-60|no_bid|join,T-6h,1790277762,1790295300,26SEP24ATLGB,KXNFLRECYDS,KXNFLRECYDS-26SEP24ATLGB-ATLJDOTSON4-60,Jahan Dotson: 60+,no_bid,join,0.08,25300.0,0.07,0.08,unfilled,0.0,,,,
T-6h|KXNFLRECYDS-26SEP24ATLGB-ATLJDOTSON4-60|yes_bid|join,T-6h,1790277762,1790295300,26SEP24ATLGB,KXNFLRECYDS,KXNFLRECYDS-26SEP24ATLGB-ATLJDOTSON4-60,Jahan Dotson: 60+,yes_bid,join,0.07,220.0,0.07,0.08,unfilled,0.0,,,,
T-6h|KXNFLRECYDS-26SEP24ATLGB-ATLJDOTSON4-50|no_bid|join,T-6h,1790277762,1790295300,26SEP24ATLGB,KXNFLRECYDS,KXNFLRECYDS-26SEP24ATLGB-ATLJDOTSON4-50,Jahan Dotson: 50+,no_bid,join,0.13,25401.24,0.12,0.13,unfilled,0.0,,,,
T-6h|KXNFLRECYDS-26SEP24ATLGB-ATLJDOTSON4-50|yes_bid|join,T-6h,1790277762,1790295300,26SEP24ATLGB,KXNFLRECYDS,KXNFLRECYDS-26SEP24ATLGB-ATLJDOTSON4-50,Jahan Dotson: 50+,yes_bid,join,0.12,390.42,0.12,0.13,unfilled,0.0,,,,
T-6h|KXNFLRECYDS-26SEP24ATLGB-ATLJDOTSON4-40|no_bid|join,T-6h,1790277762,1790295300,26SEP24ATLGB,KXNFLRECYDS,KXNFLRECYDS-26SEP24ATLGB-ATLJDOTSON4-40,Jahan Dotson: 40+,no_bid,join,0.19,15423.22,0.18,0.19,unfilled,0.0,,,,
T-6h|KXNFLRECYDS-26SEP24ATLGB-ATLJDOTSON4-40|yes_bid|join,T-6h,1790277762,1790295300,26SEP24ATLGB,KXNFLRECYDS,KXNFLRECYDS-26SEP24ATLGB-ATLJDOTSON4-40,Jahan Dotson: 40+,yes_bid,join,0.18,113.74,0.18,0.19,unfilled,0.0,,,,
T-6h|KXNFLRECYDS-26SEP24ATLGB-ATLJDOTSON4-25|no_bid|join,T-6h,1790277762,1790295300,26SEP24ATLGB,KXNFLRECYDS,KXNFLRECYDS-26SEP24ATLGB-ATLJDOTSON4-25,Jahan Dotson: 25+,no_bid,join,0.39,32427.39,0.38,0.39,unfilled,0.0,,,,
T-6h|KXNFLRECYDS-26SEP24ATLGB-ATLJDOTSON4-25|yes_bid|join,T-6h,1790277762,1790295300,26SEP24ATLGB,KXNFLRECYDS,KXNFLRECYDS-26SEP24ATLGB-ATLJDOTSON4-25,Jahan Dotson: 25+,yes_bid,join,0.38,897.64,0.38,0.39,settled,100,no,-38.0,0.42,1790323059
T-6h|KXNFLRECYDS-26SEP24ATLGB-ATLJDOTSON4-15|no_bid|join,T-6h,1790277762,1790295300,26SEP24ATLGB,KXNFLRECYDS,KXNFLRECYDS-26SEP24ATLGB-ATLJDOTSON4-15,Jahan Dotson: 15+,no_bid,join,0.59,35042.94,0.58,0.59,unfilled,0.0,,,,
T-6h|KXNFLRECYDS-26SEP24ATLGB-ATLJDOTSON4-15|yes_bid|join,T-6h,1790277762,1790295300,26SEP24ATLGB,KXNFLRECYDS,KXNFLRECYDS-26SEP24ATLGB-ATLJDOTSON4-15,Jahan Dotson: 15+,yes_bid,join,0.58,60.73,0.58,0.59,settled,100,no,-58.0,0.43,1790323067
T-6h|KXNFLRECYDS-26SEP24ATLGB-GBMLLOYD32-40|no_bid|join,T-6h,1790277762,1790295300,26SEP24ATLGB,KXNFLRECYDS,KXNFLRECYDS-26SEP24ATLGB-GBMLLOYD32-40,MarShawn Lloyd: 40+,no_bid,join,0.05,16412.96,0.04,0.05,unfilled,0.0,,,,
T-6h|KXNFLRECYDS-26SEP24ATLGB-GBMLLOYD32-40|yes_bid|join,T-6h,1790277762,1790295300,26SEP24ATLGB,KXNFLRECYDS,KXNFLRECYDS-26SEP24ATLGB-GBMLLOYD32-40,MarShawn Lloyd: 40+,yes_bid,join,0.04,350.0,0.04,0.05,unfilled,0.0,,,,
T-6h|KXNFLRECYDS-26SEP24ATLGB-GBMLLOYD32-25|no_bid|join,T-6h,1790277762,1790295300,26SEP24ATLGB,KXNFLRECYDS,KXNFLRECYDS-26SEP24ATLGB-GBMLLOYD32-25,MarShawn Lloyd: 25+,no_bid,join,0.12,28846.0,0.11,0.12,unfilled,0.0,,,,
T-6h|KXNFLRECYDS-26SEP24ATLGB-GBMLLOYD32-25|yes_bid|join,T-6h,1790277762,1790295300,26SEP24ATLGB,KXNFLRECYDS,KXNFLRECYDS-26SEP24ATLGB-GBMLLOYD32-25,MarShawn Lloyd: 25+,yes_bid,join,0.11,382.74,0.11,0.12,settled,100,no,-11.0,0.18,1790323058
T-6h|KXNFLRECYDS-26SEP24ATLGB-GBMLLOYD32-15|no_bid|join,T-6h,1790277762,1790295300,26SEP24ATLGB,KXNFLRECYDS,KXNFLRECYDS-26SEP24ATLGB-GBMLLOYD32-15,MarShawn Lloyd: 15+,no_bid,join,0.24,99557.0,0.23,0.24,unfilled,0.0,,,,
T-6h|KXNFLRECYDS-26SEP24ATLGB-GBMLLOYD32-15|yes_bid|join,T-6h,1790277762,1790295300,26SEP24ATLGB,KXNFLRECYDS,KXNFLRECYDS-26SEP24ATLGB-GBMLLOYD32-15,MarShawn Lloyd: 15+,yes_bid,join,0.23,7546.09,0.23,0.24,settled,100,no,-23.0,0.31,1790323062
T-6h|KXNFLRECYDS-26SEP24ATLGB-GBTKRAFT85-90|no_bid|join,T-6h,1790277762,1790295300,26SEP24ATLGB,KXNFLRECYDS,KXNFLRECYDS-26SEP24ATLGB-GBTKRAFT85-90,Tucker Kraft: 90+,no_bid,join,0.13,29933.93,0.12,0.13,unfilled,0.0,,,,
T-6h|KXNFLRECYDS-26SEP24ATLGB-GBTKRAFT85-90|yes_bid|join,T-6h,1790277762,1790295300,26SEP24ATLGB,KXNFLRECYDS,KXNFLRECYDS-26SEP24ATLGB-GBTKRAFT85-90,Tucker Kraft: 90+,yes_bid,join,0.12,1235.0,0.12,0.13,unfilled,0.0,,,,
T-6h|KXNFLRECYDS-26SEP24ATLGB-GBTKRAFT85-80|no_bid|join,T-6h,1790277762,1790295300,26SEP24ATLGB,KXNFLRECYDS,KXNFLRECYDS-26SEP24ATLGB-GBTKRAFT85-80,Tucker Kraft: 80+,no_bid,join,0.17,191.73,0.16,0.17,settled,100,no,17.0,0.25,1790323062
T-6h|KXNFLRECYDS-26SEP24ATLGB-GBTKRAFT85-80|yes_bid|join,T-6h,1790277762,1790295300,26SEP24ATLGB,KXNFLRECYDS,KXNFLRECYDS-26SEP24ATLGB-GBTKRAFT85-80,Tucker Kraft: 80+,yes_bid,join,0.16,1000.0,0.16,0.17,unfilled,0.0,,,,
T-6h|KXNFLRECYDS-26SEP24ATLGB-GBTKRAFT85-70|no_bid|join,T-6h,1790277762,1790295300,26SEP24ATLGB,KXNFLRECYDS,KXNFLRECYDS-26SEP24ATLGB-GBTKRAFT85-70,Tucker Kraft: 70+,no_bid,join,0.24,12753.88,0.22,0.24,unfilled,0.0,,,,
T-6h|KXNFLRECYDS-26SEP24ATLGB-GBTKRAFT85-70|yes_bid|join,T-6h,1790277762,1790295300,26SEP24ATLGB,KXNFLRECYDS,KXNFLRECYDS-26SEP24ATLGB-GBTKRAFT85-70,Tucker Kraft: 70+,yes_bid,join,0.22,5.0,0.22,0.24,unfilled,0.0,,,,
T-6h|KXNFLRECYDS-26SEP24ATLGB-GBTKRAFT85-70|no_bid|improve,T-6h,1790277762,1790295300,26SEP24ATLGB,KXNFLRECYDS,KXNFLRECYDS-26SEP24ATLGB-GBTKRAFT85-70,Tucker Kraft: 70+,no_bid,improve,0.23,0.0,0.22,0.24,settled,100,no,23.0,0.31,1790323068
T-6h|KXNFLRECYDS-26SEP24ATLGB-GBTKRAFT85-70|yes_bid|improve,T-6h,1790277762,1790295300,26SEP24ATLGB,KXNFLRECYDS,KXNFLRECYDS-26SEP24ATLGB-GBTKRAFT85-70,Tucker Kraft: 70+,yes_bid,improve,0.23,0.0,0.22,0.24,settled,1.0,no,-0.23,0.01,1790323068
T-6h|KXNFLRECYDS-26SEP24ATLGB-GBTKRAFT85-60|no_bid|join,T-6h,1790277762,1790295300,26SEP24ATLGB,KXNFLRECYDS,KXNFLRECYDS-26SEP24ATLGB-GBTKRAFT85-60,Tucker Kraft: 60+,no_bid,join,0.34,15761.35,0.33,0.34,unfilled,0.0,,,,
T-6h|KXNFLRECYDS-26SEP24ATLGB-GBTKRAFT85-60|yes_bid|join,T-6h,1790277762,1790295300,26SEP24ATLGB,KXNFLRECYDS,KXNFLRECYDS-26SEP24ATLGB-GBTKRAFT85-60,Tucker Kraft: 60+,yes_bid,join,0.33,428.0,0.33,0.34,unfilled,0.0,,,,
T-6h|KXNFLRECYDS-26SEP24ATLGB-GBTKRAFT85-50|no_bid|join,T-6h,1790277762,1790295300,26SEP24ATLGB,KXNFLRECYDS,KXNFLRECYDS-26SEP24ATLGB-GBTKRAFT85-50,Tucker Kraft: 50+,no_bid,join,0.46,17465.69,0.45,0.46,settled,100,no,46.0,0.44,1790323063
T-6h|KXNFLRECYDS-26SEP24ATLGB-GBTKRAFT85-50|yes_bid|join,T-6h,1790277762,1790295300,26SEP24ATLGB,KXNFLRECYDS,KXNFLRECYDS-26SEP24ATLGB-GBTKRAFT85-50,Tucker Kraft: 50+,yes_bid,join,0.45,8.24,0.45,0.46,settled,100,no,-45.0,0.44,1790323063
T-6h|KXNFLRECYDS-26SEP24ATLGB-GBTKRAFT85-40|no_bid|join,T-6h,1790277762,1790295300,26SEP24ATLGB,KXNFLRECYDS,KXNFLRECYDS-26SEP24ATLGB-GBTKRAFT85-40,Tucker Kraft: 40+,no_bid,join,0.59,27041.48,0.58,0.59,unfilled,0.0,,,,
T-6h|KXNFLRECYDS-26SEP24ATLGB-GBTKRAFT85-40|yes_bid|join,T-6h,1790277762,1790295300,26SEP24ATLGB,KXNFLRECYDS,KXNFLRECYDS-26SEP24ATLGB-GBTKRAFT85-40,Tucker Kraft: 40+,yes_bid,join,0.58,10956.27,0.58,0.59,unfilled,0.0,,,,
T-6h|KXNFLRECYDS-26SEP24ATLGB-GBTKRAFT85-25|no_bid|join,T-6h,1790277762,1790295300,26SEP24ATLGB,KXNFLRECYDS,KXNFLRECYDS-26SEP24ATLGB-GBTKRAFT85-25,Tucker Kraft: 25+,no_bid,join,0.76,53.77,0.75,0.76,settled,100,yes,-24.0,0.32,1790323069
T-6h|KXNFLRECYDS-26SEP24ATLGB-GBTKRAFT85-25|yes_bid|join,T-6h,1790277762,1790295300,26SEP24ATLGB,KXNFLRECYDS,KXNFLRECYDS-26SEP24ATLGB-GBTKRAFT85-25,Tucker Kraft: 25+,yes_bid,join,0.75,1.0,0.75,0.76,settled,100,yes,25.0,0.33,1790323069
T-6h|KXNFLRECYDS-26SEP24ATLGB-GBTKRAFT85-15|no_bid|join,T-6h,1790277762,1790295300,26SEP24ATLGB,KXNFLRECYDS,KXNFLRECYDS-26SEP24ATLGB-GBTKRAFT85-15,Tucker Kraft: 15+,no_bid,join,0.88,844.03,0.87,0.88,settled,100,yes,-12.0,0.19,1790323068
T-6h|KXNFLRECYDS-26SEP24ATLGB-GBTKRAFT85-15|yes_bid|join,T-6h,1790277762,1790295300,26SEP24ATLGB,KXNFLRECYDS,KXNFLRECYDS-26SEP24ATLGB-GBTKRAFT85-15,Tucker Kraft: 15+,yes_bid,join,0.87,5.99,0.87,0.88,unfilled,0.0,,,,
T-6h|KXNFLRECYDS-26SEP24ATLGB-GBTKRAFT85-110|no_bid|join,T-6h,1790277762,1790295300,26SEP24ATLGB,KXNFLRECYDS,KXNFLRECYDS-26SEP24ATLGB-GBTKRAFT85-110,Tucker Kraft: 110+,no_bid,join,0.06,361.12,0.05,0.06,settled,100,no,6.0,0.1,1790323063
T-6h|KXNFLRECYDS-26SEP24ATLGB-GBTKRAFT85-110|yes_bid|join,T-6h,1790277762,1790295300,26SEP24ATLGB,KXNFLRECYDS,KXNFLRECYDS-26SEP24ATLGB-GBTKRAFT85-110,Tucker Kraft: 110+,yes_bid,join,0.05,505.0,0.05,0.06,unfilled,0.0,,,,
T-6h|KXNFLRECYDS-26SEP24ATLGB-GBTKRAFT85-100|no_bid|join,T-6h,1790277762,1790295300,26SEP24ATLGB,KXNFLRECYDS,KXNFLRECYDS-26SEP24ATLGB-GBTKRAFT85-100,Tucker Kraft: 100+,no_bid,join,0.09,23907.67,0.07,0.09,unfilled,0.0,,,,
T-6h|KXNFLRECYDS-26SEP24ATLGB-GBTKRAFT85-100|yes_bid|join,T-6h,1790277762,1790295300,26SEP24ATLGB,KXNFLRECYDS,KXNFLRECYDS-26SEP24ATLGB-GBTKRAFT85-100,Tucker Kraft: 100+,yes_bid,join,0.07,1220.0,0.07,0.09,unfilled,0.0,,,,
T-6h|KXNFLRECYDS-26SEP24ATLGB-GBTKRAFT85-100|no_bid|improve,T-6h,1790277762,1790295300,26SEP24ATLGB,KXNFLRECYDS,KXNFLRECYDS-26SEP24ATLGB-GBTKRAFT85-100,Tucker Kraft: 100+,no_bid,improve,0.08,0.0,0.07,0.09,settled,100,no,8.0,0.13,1790323068
T-6h|KXNFLRECYDS-26SEP24ATLGB-GBTKRAFT85-100|yes_bid|improve,T-6h,1790277762,1790295300,26SEP24ATLGB,KXNFLRECYDS,KXNFLRECYDS-26SEP24ATLGB-GBTKRAFT85-100,Tucker Kraft: 100+,yes_bid,improve,0.08,0.0,0.07,0.09,unfilled,0.0,,,,
T-6h|KXNFLRECYDS-26SEP24ATLGB-GBMGOLDEN0-90|no_bid|join,T-6h,1790277762,1790295300,26SEP24ATLGB,KXNFLRECYDS,KXNFLRECYDS-26SEP24ATLGB-GBMGOLDEN0-90,Matthew Golden: 90+,no_bid,join,0.2,28978.99,0.19,0.2,unfilled,0.0,,,,
T-6h|KXNFLRECYDS-26SEP24ATLGB-GBMGOLDEN0-90|yes_bid|join,T-6h,1790277762,1790295300,26SEP24ATLGB,KXNFLRECYDS,KXNFLRECYDS-26SEP24ATLGB-GBMGOLDEN0-90,Matthew Golden: 90+,yes_bid,join,0.19,1771.0,0.19,0.2,unfilled,0.0,,,,
T-6h|KXNFLRECYDS-26SEP24ATLGB-GBMGOLDEN0-80|no_bid|join,T-6h,1790277762,1790295300,26SEP24ATLGB,KXNFLRECYDS,KXNFLRECYDS-26SEP24ATLGB-GBMGOLDEN0-80,Matthew Golden: 80+,no_bid,join,0.25,24684.16,0.23,0.25,unfilled,0.0,,,,
T-6h|KXNFLRECYDS-26SEP24ATLGB-GBMGOLDEN0-80|yes_bid|join,T-6h,1790277762,1790295300,26SEP24ATLGB,KXNFLRECYDS,KXNFLRECYDS-26SEP24ATLGB-GBMGOLDEN0-80,Matthew Golden: 80+,yes_bid,join,0.23,3.0,0.23,0.25,settled,100,yes,77.0,0.31,1790323055
T-6h|KXNFLRECYDS-26SEP24ATLGB-GBMGOLDEN0-80|no_bid|improve,T-6h,1790277762,1790295300,26SEP24ATLGB,KXNFLRECYDS,KXNFLRECYDS-26SEP24ATLGB-GBMGOLDEN0-80,Matthew Golden: 80+,no_bid,improve,0.24,0.0,0.23,0.25,settled,100,yes,-76.0,0.32,1790323055
T-6h|KXNFLRECYDS-26SEP24ATLGB-GBMGOLDEN0-80|yes_bid|improve,T-6h,1790277762,1790295300,26SEP24ATLGB,KXNFLRECYDS,KXNFLRECYDS-26SEP24ATLGB-GBMGOLDEN0-80,Matthew Golden: 80+,yes_bid,improve,0.24,0.0,0.23,0.25,settled,100,yes,76.0,0.32,1790323055
T-6h|KXNFLRECYDS-26SEP24ATLGB-GBMGOLDEN0-70|no_bid|join,T-6h,1790277762,1790295300,26SEP24ATLGB,KXNFLRECYDS,KXNFLRECYDS-26SEP24ATLGB-GBMGOLDEN0-70,Matthew Golden: 70+,no_bid,join,0.33,8000.0,0.31,0.33,settled,100,yes,-67.0,0.39,1790323071
T-6h|KXNFLRECYDS-26SEP24ATLGB-GBMGOLDEN0-70|yes_bid|join,T-6h,1790277762,1790295300,26SEP24ATLGB,KXNFLRECYDS,KXNFLRECYDS-26SEP24ATLGB-GBMGOLDEN0-70,Matthew Golden: 70+,yes_bid,join,0.31,1.0,0.31,0.33,unfilled,0.0,,,,
T-6h|KXNFLRECYDS-26SEP24ATLGB-GBMGOLDEN0-70|no_bid|improve,T-6h,1790277762,1790295300,26SEP24ATLGB,KXNFLRECYDS,KXNFLRECYDS-26SEP24ATLGB-GBMGOLDEN0-70,Matthew Golden: 70+,no_bid,improve,0.32,0.0,0.31,0.33,settled,100,yes,-68.0,0.39,1790323071
T-6h|KXNFLRECYDS-26SEP24ATLGB-GBMGOLDEN0-70|yes_bid|improve,T-6h,1790277762,1790295300,26SEP24ATLGB,KXNFLRECYDS,KXNFLRECYDS-26SEP24ATLGB-GBMGOLDEN0-70,Matthew Golden: 70+,yes_bid,improve,0.32,0.0,0.31,0.33,settled,52.0,yes,35.36,0.2,1790323071
T-6h|KXNFLRECYDS-26SEP24ATLGB-GBMGOLDEN0-60|no_bid|join,T-6h,1790277762,1790295300,26SEP24ATLGB,KXNFLRECYDS,KXNFLRECYDS-26SEP24ATLGB-GBMGOLDEN0-60,Matthew Golden: 60+,no_bid,join,0.44,26083.48,0.43,0.44,unfilled,0.0,,,,
T-6h|KXNFLRECYDS-26SEP24ATLGB-GBMGOLDEN0-60|yes_bid|join,T-6h,1790277762,1790295300,26SEP24ATLGB,KXNFLRECYDS,KXNFLRECYDS-26SEP24ATLGB-GBMGOLDEN0-60,Matthew Golden: 60+,yes_bid,join,0.43,940.46,0.43,0.44,settled,100,yes,57.0,0.43,1790323072
T-6h|KXNFLRECYDS-26SEP24ATLGB-GBMGOLDEN0-50|no_bid|join,T-6h,1790277762,1790295300,26SEP24ATLGB,KXNFLRECYDS,KXNFLRECYDS-26SEP24ATLGB-GBMGOLDEN0-50,Matthew Golden: 50+,no_bid,join,0.56,24279.75,0.55,0.56,settled,100,yes,-44.0,0.44,1790323055
T-6h|KXNFLRECYDS-26SEP24ATLGB-GBMGOLDEN0-50|yes_bid|join,T-6h,1790277762,1790295300,26SEP24ATLGB,KXNFLRECYDS,KXNFLRECYDS-26SEP24ATLGB-GBMGOLDEN0-50,Matthew Golden: 50+,yes_bid,join,0.55,733.56,0.55,0.56,settled,100,yes,45.0,0.44,1790323055
T-6h|KXNFLRECYDS-26SEP24ATLGB-GBMGOLDEN0-40|no_bid|join,T-6h,1790277762,1790295300,26SEP24ATLGB,KXNFLRECYDS,KXNFLRECYDS-26SEP24ATLGB-GBMGOLDEN0-40,Matthew Golden: 40+,no_bid,join,0.66,688.26,0.65,0.66,settled,100,yes,-34.0,0.4,1790323066
T-6h|KXNFLRECYDS-26SEP24ATLGB-GBMGOLDEN0-40|yes_bid|join,T-6h,1790277762,1790295300,26SEP24ATLGB,KXNFLRECYDS,KXNFLRECYDS-26SEP24ATLGB-GBMGOLDEN0-40,Matthew Golden: 40+,yes_bid,join,0.65,347.99,0.65,0.66,settled,100,yes,35.0,0.4,1790323066
T-6h|KXNFLRECYDS-26SEP24ATLGB-GBMGOLDEN0-25|no_bid|join,T-6h,1790277762,1790295300,26SEP24ATLGB,KXNFLRECYDS,KXNFLRECYDS-26SEP24ATLGB-GBMGOLDEN0-25,Matthew Golden: 25+,no_bid,join,0.82,632.2,0.8,0.82,settled,100,yes,-18.0,0.26,1790323054
T-6h|KXNFLRECYDS-26SEP24ATLGB-GBMGOLDEN0-25|yes_bid|join,T-6h,1790277762,1790295300,26SEP24ATLGB,KXNFLRECYDS,KXNFLRECYDS-26SEP24ATLGB-GBMGOLDEN0-25,Matthew Golden: 25+,yes_bid,join,0.8,339.35,0.8,0.82,settled,100,yes,20.0,0.29,1790323054
T-6h|KXNFLRECYDS-26SEP24ATLGB-GBMGOLDEN0-25|no_bid|improve,T-6h,1790277762,1790295300,26SEP24ATLGB,KXNFLRECYDS,KXNFLRECYDS-26SEP24ATLGB-GBMGOLDEN0-25,Matthew Golden: 25+,no_bid,improve,0.81,0.0,0.8,0.82,settled,100,yes,-19.0,0.27,1790323054
T-6h|KXNFLRECYDS-26SEP24ATLGB-GBMGOLDEN0-25|yes_bid|improve,T-6h,1790277762,1790295300,26SEP24ATLGB,KXNFLRECYDS,KXNFLRECYDS-26SEP24ATLGB-GBMGOLDEN0-25,Matthew Golden: 25+,yes_bid,improve,0.81,0.0,0.8,0.82,settled,100,yes,19.0,0.27,1790323054
T-6h|KXNFLRECYDS-26SEP24ATLGB-GBMGOLDEN0-130|no_bid|join,T-6h,1790277762,1790295300,26SEP24ATLGB,KXNFLRECYDS,KXNFLRECYDS-26SEP24ATLGB-GBMGOLDEN0-130,Matthew Golden: 130+,no_bid,join,0.06,16582.0,0.04,0.06,unfilled,0.0,,,,
T-6h|KXNFLRECYDS-26SEP24ATLGB-GBMGOLDEN0-130|yes_bid|join,T-6h,1790277762,1790295300,26SEP24ATLGB,KXNFLRECYDS,KXNFLRECYDS-26SEP24ATLGB-GBMGOLDEN0-130,Matthew Golden: 130+,yes_bid,join,0.04,9.0,0.04,0.06,unfilled,0.0,,,,
T-6h|KXNFLRECYDS-26SEP24ATLGB-GBMGOLDEN0-130|no_bid|improve,T-6h,1790277762,1790295300,26SEP24ATLGB,KXNFLRECYDS,KXNFLRECYDS-26SEP24ATLGB-GBMGOLDEN0-130,Matthew Golden: 130+,no_bid,improve,0.05,0.0,0.04,0.06,settled,100,no,5.0,0.09,1790323062
T-6h|KXNFLRECYDS-26SEP24ATLGB-GBMGOLDEN0-130|yes_bid|improve,T-6h,1790277762,1790295300,26SEP24ATLGB,KXNFLRECYDS,KXNFLRECYDS-26SEP24ATLGB-GBMGOLDEN0-130,Matthew Golden: 130+,yes_bid,improve,0.05,0.0,0.04,0.06,unfilled,0.0,,,,
T-6h|KXNFLRECYDS-26SEP24ATLGB-GBMGOLDEN0-120|no_bid|join,T-6h,1790277762,1790295300,26SEP24ATLGB,KXNFLRECYDS,KXNFLRECYDS-26SEP24ATLGB-GBMGOLDEN0-120,Matthew Golden: 120+,no_bid,join,0.08,2481.7,0.06,0.08,unfilled,0.0,,,,
T-6h|KXNFLRECYDS-26SEP24ATLGB-GBMGOLDEN0-120|yes_bid|join,T-6h,1790277762,1790295300,26SEP24ATLGB,KXNFLRECYDS,KXNFLRECYDS-26SEP24ATLGB-GBMGOLDEN0-120,Matthew Golden: 120+,yes_bid,join,0.06,30.0,0.06,0.08,unfilled,0.0,,,,
T-6h|KXNFLRECYDS-26SEP24ATLGB-GBMGOLDEN0-120|no_bid|improve,T-6h,1790277762,1790295300,26SEP24ATLGB,KXNFLRECYDS,KXNFLRECYDS-26SEP24ATLGB-GBMGOLDEN0-120,Matthew Golden: 120+,no_bid,improve,0.07,0.0,0.06,0.08,settled,100,no,7.0,0.12,1790323054
T-6h|KXNFLRECYDS-26SEP24ATLGB-GBMGOLDEN0-120|yes_bid|improve,T-6h,1790277762,1790295300,26SEP24ATLGB,KXNFLRECYDS,KXNFLRECYDS-26SEP24ATLGB-GBMGOLDEN0-120,Matthew Golden: 120+,yes_bid,improve,0.07,0.0,0.06,0.08,unfilled,0.0,,,,
T-6h|KXNFLRECYDS-26SEP24ATLGB-GBMGOLDEN0-110|no_bid|join,T-6h,1790277762,1790295300,26SEP24ATLGB,KXNFLRECYDS,KXNFLRECYDS-26SEP24ATLGB-GBMGOLDEN0-110,Matthew Golden: 110+,no_bid,join,0.09,175.0,0.08,0.09,settled,100,no,9.0,0.15,1790323063
T-6h|KXNFLRECYDS-26SEP24ATLGB-GBMGOLDEN0-110|yes_bid|join,T-6h,1790277762,1790295300,26SEP24ATLGB,KXNFLRECYDS,KXNFLRECYDS-26SEP24ATLGB-GBMGOLDEN0-110,Matthew Golden: 110+,yes_bid,join,0.08,5.0,0.08,0.09,unfilled,0.0,,,,
T-6h|KXNFLRECYDS-26SEP24ATLGB-GBMGOLDEN0-100|no_bid|join,T-6h,1790277762,1790295300,26SEP24ATLGB,KXNFLRECYDS,KXNFLRECYDS-26SEP24ATLGB-GBMGOLDEN0-100,Matthew Golden: 100+,no_bid,join,0.14,14757.38,0.13,0.14,unfilled,0.0,,,,
T-6h|KXNFLRECYDS-26SEP24ATLGB-GBMGOLDEN0-100|yes_bid|join,T-6h,1790277762,1790295300,26SEP24ATLGB,KXNFLRECYDS,KXNFLRECYDS-26SEP24ATLGB-GBMGOLDEN0-100,Matthew Golden: 100+,yes_bid,join,0.13,242.0,0.13,0.14,unfilled,0.0,,,,
T-6h|KXNFLRECYDS-26SEP24ATLGB-GBCWATSON9-90|no_bid|join,T-6h,1790277762,1790295300,26SEP24ATLGB,KXNFLRECYDS,KXNFLRECYDS-26SEP24ATLGB-GBCWATSON9-90,Christian Watson: 90+,no_bid,join,0.33,19363.0,0.31,0.33,unfilled,0.0,,,,
T-6h|KXNFLRECYDS-26SEP24ATLGB-GBCWATSON9-90|yes_bid|join,T-6h,1790277762,1790295300,26SEP24ATLGB,KXNFLRECYDS,KXNFLRECYDS-26SEP24ATLGB-GBCWATSON9-90,Christian Watson: 90+,yes_bid,join,0.31,540.0,0.31,0.33,unfilled,0.0,,,,
T-6h|KXNFLRECYDS-26SEP24ATLGB-GBCWATSON9-90|no_bid|improve,T-6h,1790277762,1790295300,26SEP24ATLGB,KXNFLRECYDS,KXNFLRECYDS-26SEP24ATLGB-GBCWATSON9-90,Christian Watson: 90+,no_bid,improve,0.32,0.0,0.31,0.33,settled,100,yes,-68.0,0.39,1790323069
T-6h|KXNFLRECYDS-26SEP24ATLGB-GBCWATSON9-90|yes_bid|improve,T-6h,1790277762,1790295300,26SEP24ATLGB,KXNFLRECYDS,KXNFLRECYDS-26SEP24ATLGB-GBCWATSON9-90,Christian Watson: 90+,yes_bid,improve,0.32,0.0,0.31,0.33,settled,100,yes,68.0,0.39,1790323069
T-6h|KXNFLRECYDS-26SEP24ATLGB-GBCWATSON9-80|no_bid|join,T-6h,1790277762,1790295300,26SEP24ATLGB,KXNFLRECYDS,KXNFLRECYDS-26SEP24ATLGB-GBCWATSON9-80,Christian Watson: 80+,no_bid,join,0.42,22345.28,0.41,0.42,unfilled,0.0,,,,
T-6h|KXNFLRECYDS-26SEP24ATLGB-GBCWATSON9-80|yes_bid|join,T-6h,1790277762,1790295300,26SEP24ATLGB,KXNFLRECYDS,KXNFLRECYDS-26SEP24ATLGB-GBCWATSON9-80,Christian Watson: 80+,yes_bid,join,0.41,220.0,0.41,0.42,settled,100,yes,59.0,0.43,1790323065
T-6h|KXNFLRECYDS-26SEP24ATLGB-GBCWATSON9-70|no_bid|join,T-6h,1790277762,1790295300,26SEP24ATLGB,KXNFLRECYDS,KXNFLRECYDS-26SEP24ATLGB-GBCWATSON9-70,Christian Watson: 70+,no_bid,join,0.5,18756.91,0.49,0.5,settled,100,yes,-50.0,0.44,1790323067
T-6h|KXNFLRECYDS-26SEP24ATLGB-GBCWATSON9-70|yes_bid|join,T-6h,1790277762,1790295300,26SEP24ATLGB,KXNFLRECYDS,KXNFLRECYDS-26SEP24ATLGB-GBCWATSON9-70,Christian Watson: 70+,yes_bid,join,0.49,14717.65,0.49,0.5,unfilled,0.0,,,,
T-6h|KXNFLRECYDS-26SEP24ATLGB-GBCWATSON9-60|no_bid|join,T-6h,1790277762,1790295300,26SEP24ATLGB,KXNFLRECYDS,KXNFLRECYDS-26SEP24ATLGB-GBCWATSON9-60,Christian Watson: 60+,no_bid,join,0.6,1071.52,0.59,0.6,settled,100,yes,-40.0,0.43,1790323059
T-6h|KXNFLRECYDS-26SEP24ATLGB-GBCWATSON9-60|yes_bid|join,T-6h,1790277762,1790295300,26SEP24ATLGB,KXNFLRECYDS,KXNFLRECYDS-26SEP24ATLGB-GBCWATSON9-60,Christian Watson: 60+,yes_bid,join,0.59,1269.0,0.59,0.6,unfilled,0.0,,,,
T-6h|KXNFLRECYDS-26SEP24ATLGB-GBCWATSON9-50|no_bid|join,T-6h,1790277762,1790295300,26SEP24ATLGB,KXNFLRECYDS,KXNFLRECYDS-26SEP24ATLGB-GBCWATSON9-50,Christian Watson: 50+,no_bid,join,0.68,22.0,0.66,0.68,settled,100,yes,-32.0,0.39,1790323061
T-6h|KXNFLRECYDS-26SEP24ATLGB-GBCWATSON9-50|yes_bid|join,T-6h,1790277762,1790295300,26SEP24ATLGB,KXNFLRECYDS,KXNFLRECYDS-26SEP24ATLGB-GBCWATSON9-50,Christian Watson: 50+,yes_bid,join,0.66,130.0,0.66,0.68,unfilled,0.0,,,,
T-6h|KXNFLRECYDS-26SEP24ATLGB-GBCWATSON9-50|no_bid|improve,T-6h,1790277762,1790295300,26SEP24ATLGB,KXNFLRECYDS,KXNFLRECYDS-26SEP24ATLGB-GBCWATSON9-50,Christian Watson: 50+,no_bid,improve,0.67,0.0,0.66,0.68,settled,100,yes,-33.0,0.39,1790323061
T-6h|KXNFLRECYDS-26SEP24ATLGB-GBCWATSON9-50|yes_bid|improve,T-6h,1790277762,1790295300,26SEP24ATLGB,KXNFLRECYDS,KXNFLRECYDS-26SEP24ATLGB-GBCWATSON9-50,Christian Watson: 50+,yes_bid,improve,0.67,0.0,0.66,0.68,settled,59.38,yes,19.6,0.23,1790323061
T-6h|KXNFLRECYDS-26SEP24ATLGB-GBCWATSON9-40|no_bid|join,T-6h,1790277762,1790295300,26SEP24ATLGB,KXNFLRECYDS,KXNFLRECYDS-26SEP24ATLGB-GBCWATSON9-40,Christian Watson: 40+,no_bid,join,0.78,14684.86,0.75,0.78,unfilled,0.0,,,,
T-6h|KXNFLRECYDS-26SEP24ATLGB-GBCWATSON9-40|yes_bid|join,T-6h,1790277762,1790295300,26SEP24ATLGB,KXNFLRECYDS,KXNFLRECYDS-26SEP24ATLGB-GBCWATSON9-40,Christian Watson: 40+,yes_bid,join,0.75,288.47,0.75,0.78,unfilled,0.0,,,,
T-6h|KXNFLRECYDS-26SEP24ATLGB-GBCWATSON9-40|no_bid|improve,T-6h,1790277762,1790295300,26SEP24ATLGB,KXNFLRECYDS,KXNFLRECYDS-26SEP24ATLGB-GBCWATSON9-40,Christian Watson: 40+,no_bid,improve,0.77,0.0,0.75,0.78,settled,100,yes,-23.0,0.31,1790323057
T-6h|KXNFLRECYDS-26SEP24ATLGB-GBCWATSON9-40|yes_bid|improve,T-6h,1790277762,1790295300,26SEP24ATLGB,KXNFLRECYDS,KXNFLRECYDS-26SEP24ATLGB-GBCWATSON9-40,Christian Watson: 40+,yes_bid,improve,0.76,0.0,0.75,0.78,settled,100,yes,24.0,0.32,1790323057
T-6h|KXNFLRECYDS-26SEP24ATLGB-GBCWATSON9-25|no_bid|join,T-6h,1790277762,1790295300,26SEP24ATLGB,KXNFLRECYDS,KXNFLRECYDS-26SEP24ATLGB-GBCWATSON9-25,Christian Watson: 25+,no_bid,join,0.87,9977.26,0.86,0.87,unfilled,0.0,,,,
T-6h|KXNFLRECYDS-26SEP24ATLGB-GBCWATSON9-25|yes_bid|join,T-6h,1790277762,1790295300,26SEP24ATLGB,KXNFLRECYDS,KXNFLRECYDS-26SEP24ATLGB-GBCWATSON9-25,Christian Watson: 25+,yes_bid,join,0.86,3.87,0.86,0.87,settled,100,yes,14.0,0.22,1790323062
T-6h|KXNFLRECYDS-26SEP24ATLGB-GBCWATSON9-150|no_bid|join,T-6h,1790277762,1790295300,26SEP24ATLGB,KXNFLRECYDS,KXNFLRECYDS-26SEP24ATLGB-GBCWATSON9-150,Christian Watson: 150+,no_bid,join,0.07,19048.56,0.05,0.07,unfilled,0.0,,,,
T-6h|KXNFLRECYDS-26SEP24ATLGB-GBCWATSON9-150|yes_bid|join,T-6h,1790277762,1790295300,26SEP24ATLGB,KXNFLRECYDS,KXNFLRECYDS-26SEP24ATLGB-GBCWATSON9-150,Christian Watson: 150+,yes_bid,join,0.05,226.0,0.05,0.07,unfilled,0.0,,,,
T-6h|KXNFLRECYDS-26SEP24ATLGB-GBCWATSON9-150|no_bid|improve,T-6h,1790277762,1790295300,26SEP24ATLGB,KXNFLRECYDS,KXNFLRECYDS-26SEP24ATLGB-GBCWATSON9-150,Christian Watson: 150+,no_bid,improve,0.06,0.0,0.05,0.07,settled,100,no,6.0,0.1,1790323072
T-6h|KXNFLRECYDS-26SEP24ATLGB-GBCWATSON9-150|yes_bid|improve,T-6h,1790277762,1790295300,26SEP24ATLGB,KXNFLRECYDS,KXNFLRECYDS-26SEP24ATLGB-GBCWATSON9-150,Christian Watson: 150+,yes_bid,improve,0.06,0.0,0.05,0.07,settled,100,no,-6.0,0.1,1790323072
T-6h|KXNFLRECYDS-26SEP24ATLGB-GBCWATSON9-140|no_bid|join,T-6h,1790277762,1790295300,26SEP24ATLGB,KXNFLRECYDS,KXNFLRECYDS-26SEP24ATLGB-GBCWATSON9-140,Christian Watson: 140+,no_bid,join,0.1,11.0,0.09,0.1,settled,100,no,10.0,0.16,1790323070
T-6h|KXNFLRECYDS-26SEP24ATLGB-GBCWATSON9-140|yes_bid|join,T-6h,1790277762,1790295300,26SEP24ATLGB,KXNFLRECYDS,KXNFLRECYDS-26SEP24ATLGB-GBCWATSON9-140,Christian Watson: 140+,yes_bid,join,0.09,263.31,0.09,0.1,unfilled,0.0,,,,
T-6h|KXNFLRECYDS-26SEP24ATLGB-GBCWATSON9-130|no_bid|join,T-6h,1790277762,1790295300,26SEP24ATLGB,KXNFLRECYDS,KXNFLRECYDS-26SEP24ATLGB-GBCWATSON9-130,Christian Watson: 130+,no_bid,join,0.13,6.0,0.12,0.13,settled,100,no,13.0,0.2,1790323066
T-6h|KXNFLRECYDS-26SEP24ATLGB-GBCWATSON9-130|yes_bid|join,T-6h,1790277762,1790295300,26SEP24ATLGB,KXNFLRECYDS,KXNFLRECYDS-26SEP24ATLGB-GBCWATSON9-130,Christian Watson: 130+,yes_bid,join,0.12,253.27,0.12,0.13,unfilled,0.0,,,,
T-6h|KXNFLRECYDS-26SEP24ATLGB-GBCWATSON9-120|no_bid|join,T-6h,1790277762,1790295300,26SEP24ATLGB,KXNFLRECYDS,KXNFLRECYDS-26SEP24ATLGB-GBCWATSON9-120,Christian Watson: 120+,no_bid,join,0.18,706.0,0.16,0.18,settled,100,no,18.0,0.26,1790323071
T-6h|KXNFLRECYDS-26SEP24ATLGB-GBCWATSON9-120|yes_bid|join,T-6h,1790277762,1790295300,26SEP24ATLGB,KXNFLRECYDS,KXNFLRECYDS-26SEP24ATLGB-GBCWATSON9-120,Christian Watson: 120+,yes_bid,join,0.16,281.7,0.16,0.18,settled,100,no,-16.0,0.24,1790323071
T-6h|KXNFLRECYDS-26SEP24ATLGB-GBCWATSON9-120|no_bid|improve,T-6h,1790277762,1790295300,26SEP24ATLGB,KXNFLRECYDS,KXNFLRECYDS-26SEP24ATLGB-GBCWATSON9-120,Christian Watson: 120+,no_bid,improve,0.17,0.0,0.16,0.18,settled,100,no,17.0,0.25,1790323071
T-6h|KXNFLRECYDS-26SEP24ATLGB-GBCWATSON9-120|yes_bid|improve,T-6h,1790277762,1790295300,26SEP24ATLGB,KXNFLRECYDS,KXNFLRECYDS-26SEP24ATLGB-GBCWATSON9-120,Christian Watson: 120+,yes_bid,improve,0.17,0.0,0.16,0.18,settled,100,no,-17.0,0.25,1790323071
T-6h|KXNFLRECYDS-26SEP24ATLGB-GBCWATSON9-110|no_bid|join,T-6h,1790277762,1790295300,26SEP24ATLGB,KXNFLRECYDS,KXNFLRECYDS-26SEP24ATLGB-GBCWATSON9-110,Christian Watson: 110+,no_bid,join,0.19,60.0,0.18,0.19,settled,100,no,19.0,0.27,1790323054
T-6h|KXNFLRECYDS-26SEP24ATLGB-GBCWATSON9-110|yes_bid|join,T-6h,1790277762,1790295300,26SEP24ATLGB,KXNFLRECYDS,KXNFLRECYDS-26SEP24ATLGB-GBCWATSON9-110,Christian Watson: 110+,yes_bid,join,0.18,1223.72,0.18,0.19,unfilled,0.0,,,,
T-6h|KXNFLRECYDS-26SEP24ATLGB-GBCWATSON9-100|no_bid|join,T-6h,1790277762,1790295300,26SEP24ATLGB,KXNFLRECYDS,KXNFLRECYDS-26SEP24ATLGB-GBCWATSON9-100,Christian Watson: 100+,no_bid,join,0.24,12737.15,0.23,0.24,settled,100,no,24.0,0.32,1790323057
T-6h|KXNFLRECYDS-26SEP24ATLGB-GBCWATSON9-100|yes_bid|join,T-6h,1790277762,1790295300,26SEP24ATLGB,KXNFLRECYDS,KXNFLRECYDS-26SEP24ATLGB-GBCWATSON9-100,Christian Watson: 100+,yes_bid,join,0.23,1235.55,0.23,0.24,unfilled,0.0,,,,
T-6h|KXNFLRECYDS-26SEP24ATLGB-ATLKPITTS8-90|no_bid|join,T-6h,1790277762,1790295300,26SEP24ATLGB,KXNFLRECYDS,KXNFLRECYDS-26SEP24ATLGB-ATLKPITTS8-90,Kyle Pitts Sr.: 90+,no_bid,join,0.07,18999.0,0.05,0.07,unfilled,0.0,,,,
T-6h|KXNFLRECYDS-26SEP24ATLGB-ATLKPITTS8-90|yes_bid|join,T-6h,1790277762,1790295300,26SEP24ATLGB,KXNFLRECYDS,KXNFLRECYDS-26SEP24ATLGB-ATLKPITTS8-90,Kyle Pitts Sr.: 90+,yes_bid,join,0.05,1220.0,0.05,0.07,unfilled,0.0,,,,
T-6h|KXNFLRECYDS-26SEP24ATLGB-ATLKPITTS8-90|no_bid|improve,T-6h,1790277762,1790295300,26SEP24ATLGB,KXNFLRECYDS,KXNFLRECYDS-26SEP24ATLGB-ATLKPITTS8-90,Kyle Pitts Sr.: 90+,no_bid,improve,0.06,0.0,0.05,0.07,settled,100,no,6.0,0.1,1790323062
T-6h|KXNFLRECYDS-26SEP24ATLGB-ATLKPITTS8-90|yes_bid|improve,T-6h,1790277762,1790295300,26SEP24ATLGB,KXNFLRECYDS,KXNFLRECYDS-26SEP24ATLGB-ATLKPITTS8-90,Kyle Pitts Sr.: 90+,yes_bid,improve,0.06,0.0,0.05,0.07,unfilled,0.0,,,,
T-6h|KXNFLRECYDS-26SEP24ATLGB-ATLKPITTS8-80|no_bid|join,T-6h,1790277762,1790295300,26SEP24ATLGB,KXNFLRECYDS,KXNFLRECYDS-26SEP24ATLGB-ATLKPITTS8-80,Kyle Pitts Sr.: 80+,no_bid,join,0.1,34487.24,0.09,0.1,unfilled,0.0,,,,
T-6h|KXNFLRECYDS-26SEP24ATLGB-ATLKPITTS8-80|yes_bid|join,T-6h,1790277762,1790295300,26SEP24ATLGB,KXNFLRECYDS,KXNFLRECYDS-26SEP24ATLGB-ATLKPITTS8-80,Kyle Pitts Sr.: 80+,yes_bid,join,0.09,1235.0,0.09,0.1,unfilled,0.0,,,,
T-6h|KXNFLRECYDS-26SEP24ATLGB-ATLKPITTS8-70|no_bid|join,T-6h,1790277762,1790295300,26SEP24ATLGB,KXNFLRECYDS,KXNFLRECYDS-26SEP24ATLGB-ATLKPITTS8-70,Kyle Pitts Sr.: 70+,no_bid,join,0.15,31223.59,0.14,0.15,unfilled,0.0,,,,
T-6h|KXNFLRECYDS-26SEP24ATLGB-ATLKPITTS8-70|yes_bid|join,T-6h,1790277762,1790295300,26SEP24ATLGB,KXNFLRECYDS,KXNFLRECYDS-26SEP24ATLGB-ATLKPITTS8-70,Kyle Pitts Sr.: 70+,yes_bid,join,0.14,1050.0,0.14,0.15,unfilled,0.0,,,,
T-6h|KXNFLRECYDS-26SEP24ATLGB-ATLKPITTS8-60|no_bid|join,T-6h,1790277762,1790295300,26SEP24ATLGB,KXNFLRECYDS,KXNFLRECYDS-26SEP24ATLGB-ATLKPITTS8-60,Kyle Pitts Sr.: 60+,no_bid,join,0.22,28760.26,0.21,0.22,settled,100,no,22.0,0.31,1790323064
T-6h|KXNFLRECYDS-26SEP24ATLGB-ATLKPITTS8-60|yes_bid|join,T-6h,1790277762,1790295300,26SEP24ATLGB,KXNFLRECYDS,KXNFLRECYDS-26SEP24ATLGB-ATLKPITTS8-60,Kyle Pitts Sr.: 60+,yes_bid,join,0.21,1310.0,0.21,0.22,unfilled,0.0,,,,
T-6h|KXNFLRECYDS-26SEP24ATLGB-ATLKPITTS8-50|no_bid|join,T-6h,1790277762,1790295300,26SEP24ATLGB,KXNFLRECYDS,KXNFLRECYDS-26SEP24ATLGB-ATLKPITTS8-50,Kyle Pitts Sr.: 50+,no_bid,join,0.33,31760.68,0.32,0.33,unfilled,0.0,,,,
T-6h|KXNFLRECYDS-26SEP24ATLGB-ATLKPITTS8-50|yes_bid|join,T-6h,1790277762,1790295300,26SEP24ATLGB,KXNFLRECYDS,KXNFLRECYDS-26SEP24ATLGB-ATLKPITTS8-50,Kyle Pitts Sr.: 50+,yes_bid,join,0.32,9061.07,0.32,0.33,unfilled,0.0,,,,
T-6h|KXNFLRECYDS-26SEP24ATLGB-ATLKPITTS8-40|no_bid|join,T-6h,1790277762,1790295300,26SEP24ATLGB,KXNFLRECYDS,KXNFLRECYDS-26SEP24ATLGB-ATLKPITTS8-40,Kyle Pitts Sr.: 40+,no_bid,join,0.45,6650.96,0.44,0.45,settled,100,no,45.0,0.44,1790323054
T-6h|KXNFLRECYDS-26SEP24ATLGB-ATLKPITTS8-40|yes_bid|join,T-6h,1790277762,1790295300,26SEP24ATLGB,KXNFLRECYDS,KXNFLRECYDS-26SEP24ATLGB-ATLKPITTS8-40,Kyle Pitts Sr.: 40+,yes_bid,join,0.44,12867.56,0.44,0.45,unfilled,0.0,,,,
T-6h|KXNFLRECYDS-26SEP24ATLGB-ATLKPITTS8-25|no_bid|join,T-6h,1790277762,1790295300,26SEP24ATLGB,KXNFLRECYDS,KXNFLRECYDS-26SEP24ATLGB-ATLKPITTS8-25,Kyle Pitts Sr.: 25+,no_bid,join,0.69,11485.0,0.68,0.69,unfilled,0.0,,,,
T-6h|KXNFLRECYDS-26SEP24ATLGB-ATLKPITTS8-25|yes_bid|join,T-6h,1790277762,1790295300,26SEP24ATLGB,KXNFLRECYDS,KXNFLRECYDS-26SEP24ATLGB-ATLKPITTS8-25,Kyle Pitts Sr.: 25+,yes_bid,join,0.68,470.54,0.68,0.69,settled,100,no,-68.0,0.39,1790323065
T-6h|KXNFLRECYDS-26SEP24ATLGB-ATLKPITTS8-15|no_bid|join,T-6h,1790277762,1790295300,26SEP24ATLGB,KXNFLRECYDS,KXNFLRECYDS-26SEP24ATLGB-ATLKPITTS8-15,Kyle Pitts Sr.: 15+,no_bid,join,0.82,2983.0,0.81,0.82,settled,100,no,82.0,0.26,1790323058
T-6h|KXNFLRECYDS-26SEP24ATLGB-ATLKPITTS8-15|yes_bid|join,T-6h,1790277762,1790295300,26SEP24ATLGB,KXNFLRECYDS,KXNFLRECYDS-26SEP24ATLGB-ATLKPITTS8-15,Kyle Pitts Sr.: 15+,yes_bid,join,0.81,25.0,0.81,0.82,unfilled,0.0,,,,
T-6h|KXNFLRECYDS-26SEP24ATLGB-ATLKPITTS8-100|no_bid|join,T-6h,1790277762,1790295300,26SEP24ATLGB,KXNFLRECYDS,KXNFLRECYDS-26SEP24ATLGB-ATLKPITTS8-100,Kyle Pitts Sr.: 100+,no_bid,join,0.05,21700.0,0.03,0.05,unfilled,0.0,,,,
T-6h|KXNFLRECYDS-26SEP24ATLGB-ATLKPITTS8-100|yes_bid|join,T-6h,1790277762,1790295300,26SEP24ATLGB,KXNFLRECYDS,KXNFLRECYDS-26SEP24ATLGB-ATLKPITTS8-100,Kyle Pitts Sr.: 100+,yes_bid,join,0.03,620.0,0.03,0.05,unfilled,0.0,,,,
T-6h|KXNFLRECYDS-26SEP24ATLGB-ATLKPITTS8-100|no_bid|improve,T-6h,1790277762,1790295300,26SEP24ATLGB,KXNFLRECYDS,KXNFLRECYDS-26SEP24ATLGB-ATLKPITTS8-100,Kyle Pitts Sr.: 100+,no_bid,improve,0.04,0.0,0.03,0.05,settled,100,no,4.0,0.07,1790323055
T-6h|KXNFLRECYDS-26SEP24ATLGB-ATLKPITTS8-100|yes_bid|improve,T-6h,1790277762,1790295300,26SEP24ATLGB,KXNFLRECYDS,KXNFLRECYDS-26SEP24ATLGB-ATLKPITTS8-100,Kyle Pitts Sr.: 100+,yes_bid,improve,0.04,0.0,0.03,0.05,settled,1.03,no,-0.04,0.01,1790323055
T-6h|KXNFLRECYDS-26SEP24ATLGB-ATLDLONDON5-90|no_bid|join,T-6h,1790277762,1790295300,26SEP24ATLGB,KXNFLRECYDS,KXNFLRECYDS-26SEP24ATLGB-ATLDLONDON5-90,Drake London: 90+,no_bid,join,0.29,16655.48,0.28,0.29,unfilled,0.0,,,,
T-6h|KXNFLRECYDS-26SEP24ATLGB-ATLDLONDON5-90|yes_bid|join,T-6h,1790277762,1790295300,26SEP24ATLGB,KXNFLRECYDS,KXNFLRECYDS-26SEP24ATLGB-ATLDLONDON5-90,Drake London: 90+,yes_bid,join,0.28,1179.0,0.28,0.29,unfilled,0.0,,,,
T-6h|KXNFLRECYDS-26SEP24ATLGB-ATLDLONDON5-80|no_bid|join,T-6h,1790277762,1790295300,26SEP24ATLGB,KXNFLRECYDS,KXNFLRECYDS-26SEP24ATLGB-ATLDLONDON5-80,Drake London: 80+,no_bid,join,0.37,18559.04,0.36,0.37,unfilled,0.0,,,,
T-6h|KXNFLRECYDS-26SEP24ATLGB-ATLDLONDON5-80|yes_bid|join,T-6h,1790277762,1790295300,26SEP24ATLGB,KXNFLRECYDS,KXNFLRECYDS-26SEP24ATLGB-ATLDLONDON5-80,Drake London: 80+,yes_bid,join,0.36,1.0,0.36,0.37,settled,100,yes,64.0,0.41,1790323066
T-6h|KXNFLRECYDS-26SEP24ATLGB-ATLDLONDON5-70|no_bid|join,T-6h,1790277762,1790295300,26SEP24ATLGB,KXNFLRECYDS,KXNFLRECYDS-26SEP24ATLGB-ATLDLONDON5-70,Drake London: 70+,no_bid,join,0.47,23809.96,0.46,0.47,unfilled,0.0,,,,
T-6h|KXNFLRECYDS-26SEP24ATLGB-ATLDLONDON5-70|yes_bid|join,T-6h,1790277762,1790295300,26SEP24ATLGB,KXNFLRECYDS,KXNFLRECYDS-26SEP24ATLGB-ATLDLONDON5-70,Drake London: 70+,yes_bid,join,0.46,10854.98,0.46,0.47,settled,100,yes,54.0,0.44,1790323072
T-6h|KXNFLRECYDS-26SEP24ATLGB-ATLDLONDON5-60|no_bid|join,T-6h,1790277762,1790295300,26SEP24ATLGB,KXNFLRECYDS,KXNFLRECYDS-26SEP24ATLGB-ATLDLONDON5-60,Drake London: 60+,no_bid,join,0.57,16487.34,0.56,0.57,settled,100,yes,-43.0,0.43,1790323055
T-6h|KXNFLRECYDS-26SEP24ATLGB-ATLDLONDON5-60|yes_bid|join,T-6h,1790277762,1790295300,26SEP24ATLGB,KXNFLRECYDS,KXNFLRECYDS-26SEP24ATLGB-ATLDLONDON5-60,Drake London: 60+,yes_bid,join,0.56,20328.28,0.56,0.57,unfilled,0.0,,,,
T-6h|KXNFLRECYDS-26SEP24ATLGB-ATLDLONDON5-50|no_bid|join,T-6h,1790277762,1790295300,26SEP24ATLGB,KXNFLRECYDS,KXNFLRECYDS-26SEP24ATLGB-ATLDLONDON5-50,Drake London: 50+,no_bid,join,0.67,13773.14,0.66,0.67,unfilled,0.0,,,,
T-6h|KXNFLRECYDS-26SEP24ATLGB-ATLDLONDON5-50|yes_bid|join,T-6h,1790277762,1790295300,26SEP24ATLGB,KXNFLRECYDS,KXNFLRECYDS-26SEP24ATLGB-ATLDLONDON5-50,Drake London: 50+,yes_bid,join,0.66,6000.0,0.66,0.67,unfilled,0.0,,,,
T-6h|KXNFLRECYDS-26SEP24ATLGB-ATLDLONDON5-40|no_bid|join,T-6h,1790277762,1790295300,26SEP24ATLGB,KXNFLRECYDS,KXNFLRECYDS-26SEP24ATLGB-ATLDLONDON5-40,Drake London: 40+,no_bid,join,0.76,2330.37,0.75,0.76,settled,100,yes,-24.0,0.32,1790323068
T-6h|KXNFLRECYDS-26SEP24ATLGB-ATLDLONDON5-40|yes_bid|join,T-6h,1790277762,1790295300,26SEP24ATLGB,KXNFLRECYDS,KXNFLRECYDS-26SEP24ATLGB-ATLDLONDON5-40,Drake London: 40+,yes_bid,join,0.75,600.0,0.75,0.76,unfilled,0.0,,,,
T-6h|KXNFLRECYDS-26SEP24ATLGB-ATLDLONDON5-25|no_bid|join,T-6h,1790277762,1790295300,26SEP24ATLGB,KXNFLRECYDS,KXNFLRECYDS-26SEP24ATLGB-ATLDLONDON5-25,Drake London: 25+,no_bid,join,0.88,11619.17,0.87,0.88,unfilled,0.0,,,,
T-6h|KXNFLRECYDS-26SEP24ATLGB-ATLDLONDON5-25|yes_bid|join,T-6h,1790277762,1790295300,26SEP24ATLGB,KXNFLRECYDS,KXNFLRECYDS-26SEP24ATLGB-ATLDLONDON5-25,Drake London: 25+,yes_bid,join,0.87,354.25,0.87,0.88,unfilled,0.0,,,,
T-6h|KXNFLRECYDS-26SEP24ATLGB-ATLDLONDON5-140|no_bid|join,T-6h,1790277762,1790295300,26SEP24ATLGB,KXNFLRECYDS,KXNFLRECYDS-26SEP24ATLGB-ATLDLONDON5-140,Drake London: 140+,no_bid,join,0.09,2420.13,0.07,0.09,unfilled,0.0,,,,
T-6h|KXNFLRECYDS-26SEP24ATLGB-ATLDLONDON5-140|yes_bid|join,T-6h,1790277762,1790295300,26SEP24ATLGB,KXNFLRECYDS,KXNFLRECYDS-26SEP24ATLGB-ATLDLONDON5-140,Drake London: 140+,yes_bid,join,0.07,220.0,0.07,0.09,unfilled,0.0,,,,
T-6h|KXNFLRECYDS-26SEP24ATLGB-ATLDLONDON5-140|no_bid|improve,T-6h,1790277762,1790295300,26SEP24ATLGB,KXNFLRECYDS,KXNFLRECYDS-26SEP24ATLGB-ATLDLONDON5-140,Drake London: 140+,no_bid,improve,0.08,0.0,0.07,0.09,settled,100,yes,-92.0,0.13,1790323058
T-6h|KXNFLRECYDS-26SEP24ATLGB-ATLDLONDON5-140|yes_bid|improve,T-6h,1790277762,1790295300,26SEP24ATLGB,KXNFLRECYDS,KXNFLRECYDS-26SEP24ATLGB-ATLDLONDON5-140,Drake London: 140+,yes_bid,improve,0.08,0.0,0.07,0.09,unfilled,0.0,,,,
T-6h|KXNFLRECYDS-26SEP24ATLGB-ATLDLONDON5-130|no_bid|join,T-6h,1790277762,1790295300,26SEP24ATLGB,KXNFLRECYDS,KXNFLRECYDS-26SEP24ATLGB-ATLDLONDON5-130,Drake London: 130+,no_bid,join,0.12,2478.38,0.1,0.12,unfilled,0.0,,,,
T-6h|KXNFLRECYDS-26SEP24ATLGB-ATLDLONDON5-130|yes_bid|join,T-6h,1790277762,1790295300,26SEP24ATLGB,KXNFLRECYDS,KXNFLRECYDS-26SEP24ATLGB-ATLDLONDON5-130,Drake London: 130+,yes_bid,join,0.1,225.0,0.1,0.12,unfilled,0.0,,,,
T-6h|KXNFLRECYDS-26SEP24ATLGB-ATLDLONDON5-130|no_bid|improve,T-6h,1790277762,1790295300,26SEP24ATLGB,KXNFLRECYDS,KXNFLRECYDS-26SEP24ATLGB-ATLDLONDON5-130,Drake London: 130+,no_bid,improve,0.11,0.0,0.1,0.12,settled,65.1,yes,-57.94,0.12,1790323068
T-6h|KXNFLRECYDS-26SEP24ATLGB-ATLDLONDON5-130|yes_bid|improve,T-6h,1790277762,1790295300,26SEP24ATLGB,KXNFLRECYDS,KXNFLRECYDS-26SEP24ATLGB-ATLDLONDON5-130,Drake London: 130+,yes_bid,improve,0.11,0.0,0.1,0.12,unfilled,0.0,,,,
T-6h|KXNFLRECYDS-26SEP24ATLGB-ATLDLONDON5-120|no_bid|join,T-6h,1790277762,1790295300,26SEP24ATLGB,KXNFLRECYDS,KXNFLRECYDS-26SEP24ATLGB-ATLDLONDON5-120,Drake London: 120+,no_bid,join,0.14,1109.0,0.13,0.14,unfilled,0.0,,,,
T-6h|KXNFLRECYDS-26SEP24ATLGB-ATLDLONDON5-120|yes_bid|join,T-6h,1790277762,1790295300,26SEP24ATLGB,KXNFLRECYDS,KXNFLRECYDS-26SEP24ATLGB-ATLDLONDON5-120,Drake London: 120+,yes_bid,join,0.13,5.0,0.13,0.14,settled,100,yes,87.0,0.2,1790323063
T-6h|KXNFLRECYDS-26SEP24ATLGB-ATLDLONDON5-110|no_bid|join,T-6h,1790277762,1790295300,26SEP24ATLGB,KXNFLRECYDS,KXNFLRECYDS-26SEP24ATLGB-ATLDLONDON5-110,Drake London: 110+,no_bid,join,0.16,2174.9,0.15,0.16,settled,100,yes,-84.0,0.24,1790323066
T-6h|KXNFLRECYDS-26SEP24ATLGB-ATLDLONDON5-110|yes_bid|join,T-6h,1790277762,1790295300,26SEP24ATLGB,KXNFLRECYDS,KXNFLRECYDS-26SEP24ATLGB-ATLDLONDON5-110,Drake London: 110+,yes_bid,join,0.15,1538.0,0.15,0.16,unfilled,0.0,,,,
T-6h|KXNFLRECYDS-26SEP24ATLGB-ATLDLONDON5-100|no_bid|join,T-6h,1790277762,1790295300,26SEP24ATLGB,KXNFLRECYDS,KXNFLRECYDS-26SEP24ATLGB-ATLDLONDON5-100,Drake London: 100+,no_bid,join,0.23,24430.23,0.22,0.23,unfilled,0.0,,,,
T-6h|KXNFLRECYDS-26SEP24ATLGB-ATLDLONDON5-100|yes_bid|join,T-6h,1790277762,1790295300,26SEP24ATLGB,KXNFLRECYDS,KXNFLRECYDS-26SEP24ATLGB-ATLDLONDON5-100,Drake London: 100+,yes_bid,join,0.22,42.53,0.22,0.23,unfilled,0.0,,,,
T-6h|KXNFLRECYDS-26SEP24ATLGB-ATLBROBINSON7-90|no_bid|join,T-6h,1790277762,1790295300,26SEP24ATLGB,KXNFLRECYDS,KXNFLRECYDS-26SEP24ATLGB-ATLBROBINSON7-90,Bijan Robinson: 90+,no_bid,join,0.09,9854.88,0.08,0.09,unfilled,0.0,,,,
T-6h|KXNFLRECYDS-26SEP24ATLGB-ATLBROBINSON7-90|yes_bid|join,T-6h,1790277762,1790295300,26SEP24ATLGB,KXNFLRECYDS,KXNFLRECYDS-26SEP24ATLGB-ATLBROBINSON7-90,Bijan Robinson: 90+,yes_bid,join,0.08,222.86,0.08,0.09,unfilled,0.0,,,,
T-6h|KXNFLRECYDS-26SEP24ATLGB-ATLBROBINSON7-80|no_bid|join,T-6h,1790277762,1790295300,26SEP24ATLGB,KXNFLRECYDS,KXNFLRECYDS-26SEP24ATLGB-ATLBROBINSON7-80,Bijan Robinson: 80+,no_bid,join,0.12,2236.78,0.1,0.12,settled,100,no,12.0,0.19,1790323067
T-6h|KXNFLRECYDS-26SEP24ATLGB-ATLBROBINSON7-80|yes_bid|join,T-6h,1790277762,1790295300,26SEP24ATLGB,KXNFLRECYDS,KXNFLRECYDS-26SEP24ATLGB-ATLBROBINSON7-80,Bijan Robinson: 80+,yes_bid,join,0.1,787.39,0.1,0.12,unfilled,0.0,,,,
T-6h|KXNFLRECYDS-26SEP24ATLGB-ATLBROBINSON7-80|no_bid|improve,T-6h,1790277762,1790295300,26SEP24ATLGB,KXNFLRECYDS,KXNFLRECYDS-26SEP24ATLGB-ATLBROBINSON7-80,Bijan Robinson: 80+,no_bid,improve,0.11,0.0,0.1,0.12,settled,100,no,11.0,0.18,1790323067
T-6h|KXNFLRECYDS-26SEP24ATLGB-ATLBROBINSON7-80|yes_bid|improve,T-6h,1790277762,1790295300,26SEP24ATLGB,KXNFLRECYDS,KXNFLRECYDS-26SEP24ATLGB-ATLBROBINSON7-80,Bijan Robinson: 80+,yes_bid,improve,0.11,0.0,0.1,0.12,settled,100,no,-11.0,0.18,1790323067
T-6h|KXNFLRECYDS-26SEP24ATLGB-ATLBROBINSON7-70|no_bid|join,T-6h,1790277762,1790295300,26SEP24ATLGB,KXNFLRECYDS,KXNFLRECYDS-26SEP24ATLGB-ATLBROBINSON7-70,Bijan Robinson: 70+,no_bid,join,0.19,17817.63,0.18,0.19,unfilled,0.0,,,,
T-6h|KXNFLRECYDS-26SEP24ATLGB-ATLBROBINSON7-70|yes_bid|join,T-6h,1790277762,1790295300,26SEP24ATLGB,KXNFLRECYDS,KXNFLRECYDS-26SEP24ATLGB-ATLBROBINSON7-70,Bijan Robinson: 70+,yes_bid,join,0.18,818.05,0.18,0.19,settled,100,no,-18.0,0.26,1790323061
T-6h|KXNFLRECYDS-26SEP24ATLGB-ATLBROBINSON7-60|no_bid|join,T-6h,1790277762,1790295300,26SEP24ATLGB,KXNFLRECYDS,KXNFLRECYDS-26SEP24ATLGB-ATLBROBINSON7-60,Bijan Robinson: 60+,no_bid,join,0.27,20426.77,0.26,0.27,unfilled,0.0,,,,
T-6h|KXNFLRECYDS-26SEP24ATLGB-ATLBROBINSON7-60|yes_bid|join,T-6h,1790277762,1790295300,26SEP24ATLGB,KXNFLRECYDS,KXNFLRECYDS-26SEP24ATLGB-ATLBROBINSON7-60,Bijan Robinson: 60+,yes_bid,join,0.26,2022.0,0.26,0.27,settled,100,no,-26.0,0.34,1790323065
T-6h|KXNFLRECYDS-26SEP24ATLGB-ATLBROBINSON7-50|no_bid|join,T-6h,1790277762,1790295300,26SEP24ATLGB,KXNFLRECYDS,KXNFLRECYDS-26SEP24ATLGB-ATLBROBINSON7-50,Bijan Robinson: 50+,no_bid,join,0.36,11183.16,0.35,0.36,unfilled,0.0,,,,
T-6h|KXNFLRECYDS-26SEP24ATLGB-ATLBROBINSON7-50|yes_bid|join,T-6h,1790277762,1790295300,26SEP24ATLGB,KXNFLRECYDS,KXNFLRECYDS-26SEP24ATLGB-ATLBROBINSON7-50,Bijan Robinson: 50+,yes_bid,join,0.35,1439.3,0.35,0.36,settled,100,no,-35.0,0.4,1790323059
T-6h|KXNFLRECYDS-26SEP24ATLGB-ATLBROBINSON7-40|no_bid|join,T-6h,1790277762,1790295300,26SEP24ATLGB,KXNFLRECYDS,KXNFLRECYDS-26SEP24ATLGB-ATLBROBINSON7-40,Bijan Robinson: 40+,no_bid,join,0.51,17275.61,0.5,0.51,unfilled,0.0,,,,
T-6h|KXNFLRECYDS-26SEP24ATLGB-ATLBROBINSON7-40|yes_bid|join,T-6h,1790277762,1790295300,26SEP24ATLGB,KXNFLRECYDS,KXNFLRECYDS-26SEP24ATLGB-ATLBROBINSON7-40,Bijan Robinson: 40+,yes_bid,join,0.5,10358.62,0.5,0.51,settled,100,no,-50.0,0.44,1790323061
T-6h|KXNFLRECYDS-26SEP24ATLGB-ATLBROBINSON7-25|no_bid|join,T-6h,1790277762,1790295300,26SEP24ATLGB,KXNFLRECYDS,KXNFLRECYDS-26SEP24ATLGB-ATLBROBINSON7-25,Bijan Robinson: 25+,no_bid,join,0.74,14108.21,0.73,0.74,unfilled,0.0,,,,
T-6h|KXNFLRECYDS-26SEP24ATLGB-ATLBROBINSON7-25|yes_bid|join,T-6h,1790277762,1790295300,26SEP24ATLGB,KXNFLRECYDS,KXNFLRECYDS-26SEP24ATLGB-ATLBROBINSON7-25,Bijan Robinson: 25+,yes_bid,join,0.73,1988.83,0.73,0.74,settled,100,no,-73.0,0.35,1790323055
T-6h|KXNFLRECYDS-26SEP24ATLGB-ATLBROBINSON7-15|no_bid|join,T-6h,1790277762,1790295300,26SEP24ATLGB,KXNFLRECYDS,KXNFLRECYDS-26SEP24ATLGB-ATLBROBINSON7-15,Bijan Robinson: 15+,no_bid,join,0.86,3493.28,0.85,0.86,unfilled,0.0,,,,
T-6h|KXNFLRECYDS-26SEP24ATLGB-ATLBROBINSON7-15|yes_bid|join,T-6h,1790277762,1790295300,26SEP24ATLGB,KXNFLRECYDS,KXNFLRECYDS-26SEP24ATLGB-ATLBROBINSON7-15,Bijan Robinson: 15+,yes_bid,join,0.85,930.0,0.85,0.86,settled,100,yes,15.0,0.23,1790323058
T-6h|KXNFLRECYDS-26SEP24ATLGB-ATLBROBINSON7-100|no_bid|join,T-6h,1790277762,1790295300,26SEP24ATLGB,KXNFLRECYDS,KXNFLRECYDS-26SEP24ATLGB-ATLBROBINSON7-100,Bijan Robinson: 100+,no_bid,join,0.06,1178.91,0.04,0.06,settled,100,no,6.0,0.1,1790323066
T-6h|KXNFLRECYDS-26SEP24ATLGB-ATLBROBINSON7-100|yes_bid|join,T-6h,1790277762,1790295300,26SEP24ATLGB,KXNFLRECYDS,KXNFLRECYDS-26SEP24ATLGB-ATLBROBINSON7-100,Bijan Robinson: 100+,yes_bid,join,0.04,223.21,0.04,0.06,settled,100,no,-4.0,0.07,1790323066
T-6h|KXNFLRECYDS-26SEP24ATLGB-ATLBROBINSON7-100|no_bid|improve,T-6h,1790277762,1790295300,26SEP24ATLGB,KXNFLRECYDS,KXNFLRECYDS-26SEP24ATLGB-ATLBROBINSON7-100,Bijan Robinson: 100+,no_bid,improve,0.05,0.0,0.04,0.06,settled,100,no,5.0,0.09,1790323066
T-6h|KXNFLRECYDS-26SEP24ATLGB-ATLBROBINSON7-100|yes_bid|improve,T-6h,1790277762,1790295300,26SEP24ATLGB,KXNFLRECYDS,KXNFLRECYDS-26SEP24ATLGB-ATLBROBINSON7-100,Bijan Robinson: 100+,yes_bid,improve,0.05,0.0,0.04,0.06,settled,100,no,-5.0,0.09,1790323066
T-6h|KXNFLREC-26SEP24ATLGB-ATLAHOOPER81-2|no_bid|join,T-6h,1790277762,1790295300,26SEP24ATLGB,KXNFLREC,KXNFLREC-26SEP24ATLGB-ATLAHOOPER81-2,Austin Hooper: 2+,no_bid,join,0.24,39232.0,0.23,0.24,unfilled,0.0,,,,
T-6h|KXNFLREC-26SEP24ATLGB-ATLAHOOPER81-2|yes_bid|join,T-6h,1790277762,1790295300,26SEP24ATLGB,KXNFLREC,KXNFLREC-26SEP24ATLGB-ATLAHOOPER81-2,Austin Hooper: 2+,yes_bid,join,0.23,3620.13,0.23,0.24,settled,100,yes,77.0,0.31,1790323056
T-6h|KXNFLREC-26SEP24ATLGB-ATLAHOOPER81-1|no_bid|join,T-6h,1790277762,1790295300,26SEP24ATLGB,KXNFLREC,KXNFLREC-26SEP24ATLGB-ATLAHOOPER81-1,Austin Hooper: 1+,no_bid,join,0.53,115.0,0.52,0.53,unfilled,0.0,,,,
T-6h|KXNFLREC-26SEP24ATLGB-ATLAHOOPER81-1|yes_bid|join,T-6h,1790277762,1790295300,26SEP24ATLGB,KXNFLREC,KXNFLREC-26SEP24ATLGB-ATLAHOOPER81-1,Austin Hooper: 1+,yes_bid,join,0.52,7.0,0.52,0.53,settled,100,yes,48.0,0.44,1790302784
T-6h|KXNFLREC-26SEP24ATLGB-ATLOZACCHEAUS14-4|no_bid|join,T-6h,1790277762,1790295300,26SEP24ATLGB,KXNFLREC,KXNFLREC-26SEP24ATLGB-ATLOZACCHEAUS14-4,Olamide Zaccheaus: 4+,no_bid,join,0.06,70.0,0.04,0.06,settled,100,no,6.0,0.1,1790323055
T-6h|KXNFLREC-26SEP24ATLGB-ATLOZACCHEAUS14-4|yes_bid|join,T-6h,1790277762,1790295300,26SEP24ATLGB,KXNFLREC,KXNFLREC-26SEP24ATLGB-ATLOZACCHEAUS14-4,Olamide Zaccheaus: 4+,yes_bid,join,0.04,2249.0,0.04,0.06,unfilled,0.0,,,,
T-6h|KXNFLREC-26SEP24ATLGB-ATLOZACCHEAUS14-4|no_bid|improve,T-6h,1790277762,1790295300,26SEP24ATLGB,KXNFLREC,KXNFLREC-26SEP24ATLGB-ATLOZACCHEAUS14-4,Olamide Zaccheaus: 4+,no_bid,improve,0.05,0.0,0.04,0.06,settled,100,no,5.0,0.09,1790323055
T-6h|KXNFLREC-26SEP24ATLGB-ATLOZACCHEAUS14-4|yes_bid|improve,T-6h,1790277762,1790295300,26SEP24ATLGB,KXNFLREC,KXNFLREC-26SEP24ATLGB-ATLOZACCHEAUS14-4,Olamide Zaccheaus: 4+,yes_bid,improve,0.05,0.0,0.04,0.06,unfilled,0.0,,,,
T-6h|KXNFLREC-26SEP24ATLGB-ATLOZACCHEAUS14-3|no_bid|join,T-6h,1790277762,1790295300,26SEP24ATLGB,KXNFLREC,KXNFLREC-26SEP24ATLGB-ATLOZACCHEAUS14-3,Olamide Zaccheaus: 3+,no_bid,join,0.17,497.0,0.15,0.17,settled,100,no,17.0,0.25,1790323056
T-6h|KXNFLREC-26SEP24ATLGB-ATLOZACCHEAUS14-3|yes_bid|join,T-6h,1790277762,1790295300,26SEP24ATLGB,KXNFLREC,KXNFLREC-26SEP24ATLGB-ATLOZACCHEAUS14-3,Olamide Zaccheaus: 3+,yes_bid,join,0.15,1004.0,0.15,0.17,unfilled,0.0,,,,
T-6h|KXNFLREC-26SEP24ATLGB-ATLOZACCHEAUS14-3|no_bid|improve,T-6h,1790277762,1790295300,26SEP24ATLGB,KXNFLREC,KXNFLREC-26SEP24ATLGB-ATLOZACCHEAUS14-3,Olamide Zaccheaus: 3+,no_bid,improve,0.16,0.0,0.15,0.17,settled,100,no,16.0,0.24,1790323056
T-6h|KXNFLREC-26SEP24ATLGB-ATLOZACCHEAUS14-3|yes_bid|improve,T-6h,1790277762,1790295300,26SEP24ATLGB,KXNFLREC,KXNFLREC-26SEP24ATLGB-ATLOZACCHEAUS14-3,Olamide Zaccheaus: 3+,yes_bid,improve,0.16,0.0,0.15,0.17,settled,100,no,-16.0,0.24,1790323056
T-6h|KXNFLREC-26SEP24ATLGB-ATLOZACCHEAUS14-2|no_bid|join,T-6h,1790277762,1790295300,26SEP24ATLGB,KXNFLREC,KXNFLREC-26SEP24ATLGB-ATLOZACCHEAUS14-2,Olamide Zaccheaus: 2+,no_bid,join,0.41,102123.73,0.4,0.41,unfilled,0.0,,,,
T-6h|KXNFLREC-26SEP24ATLGB-ATLOZACCHEAUS14-2|yes_bid|join,T-6h,1790277762,1790295300,26SEP24ATLGB,KXNFLREC,KXNFLREC-26SEP24ATLGB-ATLOZACCHEAUS14-2,Olamide Zaccheaus: 2+,yes_bid,join,0.4,6281.95,0.4,0.41,settled,100,yes,60.0,0.43,1790323064
T-6h|KXNFLREC-26SEP24ATLGB-GBJSMITH18-4|no_bid|join,T-6h,1790277762,1790295300,26SEP24ATLGB,KXNFLREC,KXNFLREC-26SEP24ATLGB-GBJSMITH18-4,Jonnu Smith: 4+,no_bid,join,0.08,21419.28,0.06,0.08,unfilled,0.0,,,,
T-6h|KXNFLREC-26SEP24ATLGB-GBJSMITH18-4|yes_bid|join,T-6h,1790277762,1790295300,26SEP24ATLGB,KXNFLREC,KXNFLREC-26SEP24ATLGB-GBJSMITH18-4,Jonnu Smith: 4+,yes_bid,join,0.06,1.78,0.06,0.08,unfilled,0.0,,,,
T-6h|KXNFLREC-26SEP24ATLGB-GBJSMITH18-4|no_bid|improve,T-6h,1790277762,1790295300,26SEP24ATLGB,KXNFLREC,KXNFLREC-26SEP24ATLGB-GBJSMITH18-4,Jonnu Smith: 4+,no_bid,improve,0.07,0.0,0.06,0.08,settled,100,no,7.0,0.12,1790323064
T-6h|KXNFLREC-26SEP24ATLGB-GBJSMITH18-4|yes_bid|improve,T-6h,1790277762,1790295300,26SEP24ATLGB,KXNFLREC,KXNFLREC-26SEP24ATLGB-GBJSMITH18-4,Jonnu Smith: 4+,yes_bid,improve,0.07,0.0,0.06,0.08,unfilled,0.0,,,,
T-6h|KXNFLREC-26SEP24ATLGB-GBJSMITH18-3|no_bid|join,T-6h,1790277762,1790295300,26SEP24ATLGB,KXNFLREC,KXNFLREC-26SEP24ATLGB-GBJSMITH18-3,Jonnu Smith: 3+,no_bid,join,0.17,14122.11,0.16,0.17,unfilled,0.0,,,,
T-6h|KXNFLREC-26SEP24ATLGB-GBJSMITH18-3|yes_bid|join,T-6h,1790277762,1790295300,26SEP24ATLGB,KXNFLREC,KXNFLREC-26SEP24ATLGB-GBJSMITH18-3,Jonnu Smith: 3+,yes_bid,join,0.16,99.0,0.16,0.17,unfilled,0.0,,,,
T-6h|KXNFLREC-26SEP24ATLGB-GBJSMITH18-2|no_bid|join,T-6h,1790277762,1790295300,26SEP24ATLGB,KXNFLREC,KXNFLREC-26SEP24ATLGB-GBJSMITH18-2,Jonnu Smith: 2+,no_bid,join,0.37,10056.86,0.36,0.37,unfilled,0.0,,,,
T-6h|KXNFLREC-26SEP24ATLGB-GBJSMITH18-2|yes_bid|join,T-6h,1790277762,1790295300,26SEP24ATLGB,KXNFLREC,KXNFLREC-26SEP24ATLGB-GBJSMITH18-2,Jonnu Smith: 2+,yes_bid,join,0.36,2484.76,0.36,0.37,settled,100,yes,64.0,0.41,1790323064
T-6h|KXNFLREC-26SEP24ATLGB-GBCBROOKS30-4|no_bid|join,T-6h,1790277762,1790295300,26SEP24ATLGB,KXNFLREC,KXNFLREC-26SEP24ATLGB-GBCBROOKS30-4,Chris Brooks: 4+,no_bid,join,0.06,10663.0,0.02,0.06,settled,100,no,6.0,0.1,1790323070
T-6h|KXNFLREC-26SEP24ATLGB-GBCBROOKS30-4|yes_bid|join,T-6h,1790277762,1790295300,26SEP24ATLGB,KXNFLREC,KXNFLREC-26SEP24ATLGB-GBCBROOKS30-4,Chris Brooks: 4+,yes_bid,join,0.02,50.0,0.02,0.06,unfilled,0.0,,,,
T-6h|KXNFLREC-26SEP24ATLGB-GBCBROOKS30-4|no_bid|improve,T-6h,1790277762,1790295300,26SEP24ATLGB,KXNFLREC,KXNFLREC-26SEP24ATLGB-GBCBROOKS30-4,Chris Brooks: 4+,no_bid,improve,0.05,0.0,0.02,0.06,settled,100,no,5.0,0.09,1790323070
T-6h|KXNFLREC-26SEP24ATLGB-GBCBROOKS30-4|yes_bid|improve,T-6h,1790277762,1790295300,26SEP24ATLGB,KXNFLREC,KXNFLREC-26SEP24ATLGB-GBCBROOKS30-4,Chris Brooks: 4+,yes_bid,improve,0.03,0.0,0.02,0.06,unfilled,0.0,,,,
T-6h|KXNFLREC-26SEP24ATLGB-GBCBROOKS30-3|no_bid|join,T-6h,1790277762,1790295300,26SEP24ATLGB,KXNFLREC,KXNFLREC-26SEP24ATLGB-GBCBROOKS30-3,Chris Brooks: 3+,no_bid,join,0.17,58.0,0.12,0.17,settled,100,no,17.0,0.25,1790323060
T-6h|KXNFLREC-26SEP24ATLGB-GBCBROOKS30-3|yes_bid|join,T-6h,1790277762,1790295300,26SEP24ATLGB,KXNFLREC,KXNFLREC-26SEP24ATLGB-GBCBROOKS30-3,Chris Brooks: 3+,yes_bid,join,0.12,54.0,0.12,0.17,unfilled,0.0,,,,
T-6h|KXNFLREC-26SEP24ATLGB-GBCBROOKS30-3|no_bid|improve,T-6h,1790277762,1790295300,26SEP24ATLGB,KXNFLREC,KXNFLREC-26SEP24ATLGB-GBCBROOKS30-3,Chris Brooks: 3+,no_bid,improve,0.16,0.0,0.12,0.17,settled,100,no,16.0,0.24,1790323060
T-6h|KXNFLREC-26SEP24ATLGB-GBCBROOKS30-3|yes_bid|improve,T-6h,1790277762,1790295300,26SEP24ATLGB,KXNFLREC,KXNFLREC-26SEP24ATLGB-GBCBROOKS30-3,Chris Brooks: 3+,yes_bid,improve,0.13,0.0,0.12,0.17,settled,100,no,-13.0,0.2,1790323060
T-6h|KXNFLREC-26SEP24ATLGB-GBCBROOKS30-2|no_bid|join,T-6h,1790277762,1790295300,26SEP24ATLGB,KXNFLREC,KXNFLREC-26SEP24ATLGB-GBCBROOKS30-2,Chris Brooks: 2+,no_bid,join,0.38,1055.39,0.37,0.38,settled,100,no,38.0,0.42,1790323054
T-6h|KXNFLREC-26SEP24ATLGB-GBCBROOKS30-2|yes_bid|join,T-6h,1790277762,1790295300,26SEP24ATLGB,KXNFLREC,KXNFLREC-26SEP24ATLGB-GBCBROOKS30-2,Chris Brooks: 2+,yes_bid,join,0.37,3460.65,0.37,0.38,settled,100,no,-37.0,0.41,1790323054
T-6h|KXNFLREC-26SEP24ATLGB-GBSMOORE23-5|no_bid|join,T-6h,1790277762,1790295300,26SEP24ATLGB,KXNFLREC,KXNFLREC-26SEP24ATLGB-GBSMOORE23-5,Skyy Moore: 5+,no_bid,join,0.04,14400.0,0.01,0.04,unfilled,0.0,,,,
T-6h|KXNFLREC-26SEP24ATLGB-GBSMOORE23-5|yes_bid|join,T-6h,1790277762,1790295300,26SEP24ATLGB,KXNFLREC,KXNFLREC-26SEP24ATLGB-GBSMOORE23-5,Skyy Moore: 5+,yes_bid,join,0.01,1040.0,0.01,0.04,unfilled,0.0,,,,
T-6h|KXNFLREC-26SEP24ATLGB-GBSMOORE23-5|no_bid|improve,T-6h,1790277762,1790295300,26SEP24ATLGB,KXNFLREC,KXNFLREC-26SEP24ATLGB-GBSMOORE23-5,Skyy Moore: 5+,no_bid,improve,0.03,0.0,0.01,0.04,settled,100,no,3.0,0.06,1790323059
T-6h|KXNFLREC-26SEP24ATLGB-GBSMOORE23-5|yes_bid|improve,T-6h,1790277762,1790295300,26SEP24ATLGB,KXNFLREC,KXNFLREC-26SEP24ATLGB-GBSMOORE23-5,Skyy Moore: 5+,yes_bid,improve,0.02,0.0,0.01,0.04,settled,2.0,no,-0.04,0.01,1790323059
T-6h|KXNFLREC-26SEP24ATLGB-GBSMOORE23-4|no_bid|join,T-6h,1790277762,1790295300,26SEP24ATLGB,KXNFLREC,KXNFLREC-26SEP24ATLGB-GBSMOORE23-4,Skyy Moore: 4+,no_bid,join,0.08,11687.0,0.06,0.08,unfilled,0.0,,,,
T-6h|KXNFLREC-26SEP24ATLGB-GBSMOORE23-4|yes_bid|join,T-6h,1790277762,1790295300,26SEP24ATLGB,KXNFLREC,KXNFLREC-26SEP24ATLGB-GBSMOORE23-4,Skyy Moore: 4+,yes_bid,join,0.06,1693.0,0.06,0.08,unfilled,0.0,,,,
T-6h|KXNFLREC-26SEP24ATLGB-GBSMOORE23-4|no_bid|improve,T-6h,1790277762,1790295300,26SEP24ATLGB,KXNFLREC,KXNFLREC-26SEP24ATLGB-GBSMOORE23-4,Skyy Moore: 4+,no_bid,improve,0.07,0.0,0.06,0.08,settled,100,no,7.0,0.12,1790323071
T-6h|KXNFLREC-26SEP24ATLGB-GBSMOORE23-4|yes_bid|improve,T-6h,1790277762,1790295300,26SEP24ATLGB,KXNFLREC,KXNFLREC-26SEP24ATLGB-GBSMOORE23-4,Skyy Moore: 4+,yes_bid,improve,0.07,0.0,0.06,0.08,settled,1.0,no,-0.07,0.01,1790323071
T-6h|KXNFLREC-26SEP24ATLGB-GBSMOORE23-3|no_bid|join,T-6h,1790277762,1790295300,26SEP24ATLGB,KXNFLREC,KXNFLREC-26SEP24ATLGB-GBSMOORE23-3,Skyy Moore: 3+,no_bid,join,0.2,11579.0,0.17,0.2,unfilled,0.0,,,,
T-6h|KXNFLREC-26SEP24ATLGB-GBSMOORE23-3|yes_bid|join,T-6h,1790277762,1790295300,26SEP24ATLGB,KXNFLREC,KXNFLREC-26SEP24ATLGB-GBSMOORE23-3,Skyy Moore: 3+,yes_bid,join,0.17,500.0,0.17,0.2,unfilled,0.0,,,,
T-6h|KXNFLREC-26SEP24ATLGB-GBSMOORE23-3|no_bid|improve,T-6h,1790277762,1790295300,26SEP24ATLGB,KXNFLREC,KXNFLREC-26SEP24ATLGB-GBSMOORE23-3,Skyy Moore: 3+,no_bid,improve,0.19,0.0,0.17,0.2,settled,100,yes,-81.0,0.27,1790323056
T-6h|KXNFLREC-26SEP24ATLGB-GBSMOORE23-3|yes_bid|improve,T-6h,1790277762,1790295300,26SEP24ATLGB,KXNFLREC,KXNFLREC-26SEP24ATLGB-GBSMOORE23-3,Skyy Moore: 3+,yes_bid,improve,0.18,0.0,0.17,0.2,unfilled,0.0,,,,
T-6h|KXNFLREC-26SEP24ATLGB-GBSMOORE23-2|no_bid|join,T-6h,1790277762,1790295300,26SEP24ATLGB,KXNFLREC,KXNFLREC-26SEP24ATLGB-GBSMOORE23-2,Skyy Moore: 2+,no_bid,join,0.41,16115.6,0.4,0.41,unfilled,0.0,,,,
T-6h|KXNFLREC-26SEP24ATLGB-GBSMOORE23-2|yes_bid|join,T-6h,1790277762,1790295300,26SEP24ATLGB,KXNFLREC,KXNFLREC-26SEP24ATLGB-GBSMOORE23-2,Skyy Moore: 2+,yes_bid,join,0.4,5071.41,0.4,0.41,unfilled,0.0,,,,
T-6h|KXNFLREC-26SEP24ATLGB-GBTKRAFT85-9|no_bid|join,T-6h,1790277762,1790295300,26SEP24ATLGB,KXNFLREC,KXNFLREC-26SEP24ATLGB-GBTKRAFT85-9,Tucker Kraft: 9+,no_bid,join,0.05,27413.0,0.01,0.05,unfilled,0.0,,,,
T-6h|KXNFLREC-26SEP24ATLGB-GBTKRAFT85-9|yes_bid|join,T-6h,1790277762,1790295300,26SEP24ATLGB,KXNFLREC,KXNFLREC-26SEP24ATLGB-GBTKRAFT85-9,Tucker Kraft: 9+,yes_bid,join,0.01,5833.0,0.01,0.05,unfilled,0.0,,,,
T-6h|KXNFLREC-26SEP24ATLGB-GBTKRAFT85-9|no_bid|improve,T-6h,1790277762,1790295300,26SEP24ATLGB,KXNFLREC,KXNFLREC-26SEP24ATLGB-GBTKRAFT85-9,Tucker Kraft: 9+,no_bid,improve,0.04,0.0,0.01,0.05,settled,100,no,4.0,0.07,1790323066
T-6h|KXNFLREC-26SEP24ATLGB-GBTKRAFT85-9|yes_bid|improve,T-6h,1790277762,1790295300,26SEP24ATLGB,KXNFLREC,KXNFLREC-26SEP24ATLGB-GBTKRAFT85-9,Tucker Kraft: 9+,yes_bid,improve,0.02,0.0,0.01,0.05,unfilled,0.0,,,,
T-6h|KXNFLREC-26SEP24ATLGB-GBTKRAFT85-8|no_bid|join,T-6h,1790277762,1790295300,26SEP24ATLGB,KXNFLREC,KXNFLREC-26SEP24ATLGB-GBTKRAFT85-8,Tucker Kraft: 8+,no_bid,join,0.07,14390.0,0.04,0.07,unfilled,0.0,,,,
T-6h|KXNFLREC-26SEP24ATLGB-GBTKRAFT85-8|yes_bid|join,T-6h,1790277762,1790295300,26SEP24ATLGB,KXNFLREC,KXNFLREC-26SEP24ATLGB-GBTKRAFT85-8,Tucker Kraft: 8+,yes_bid,join,0.04,2000.0,0.04,0.07,unfilled,0.0,,,,
T-6h|KXNFLREC-26SEP24ATLGB-GBTKRAFT85-8|no_bid|improve,T-6h,1790277762,1790295300,26SEP24ATLGB,KXNFLREC,KXNFLREC-26SEP24ATLGB-GBTKRAFT85-8,Tucker Kraft: 8+,no_bid,improve,0.06,0.0,0.04,0.07,settled,100,no,6.0,0.1,1790323069
T-6h|KXNFLREC-26SEP24ATLGB-GBTKRAFT85-8|yes_bid|improve,T-6h,1790277762,1790295300,26SEP24ATLGB,KXNFLREC,KXNFLREC-26SEP24ATLGB-GBTKRAFT85-8,Tucker Kraft: 8+,yes_bid,improve,0.05,0.0,0.04,0.07,unfilled,0.0,,,,
T-6h|KXNFLREC-26SEP24ATLGB-GBTKRAFT85-7|no_bid|join,T-6h,1790277762,1790295300,26SEP24ATLGB,KXNFLREC,KXNFLREC-26SEP24ATLGB-GBTKRAFT85-7,Tucker Kraft: 7+,no_bid,join,0.12,70.0,0.1,0.12,settled,100,no,12.0,0.19,1790323061
T-6h|KXNFLREC-26SEP24ATLGB-GBTKRAFT85-7|yes_bid|join,T-6h,1790277762,1790295300,26SEP24ATLGB,KXNFLREC,KXNFLREC-26SEP24ATLGB-GBTKRAFT85-7,Tucker Kraft: 7+,yes_bid,join,0.1,1780.0,0.1,0.12,unfilled,0.0,,,,
T-6h|KXNFLREC-26SEP24ATLGB-GBTKRAFT85-7|no_bid|improve,T-6h,1790277762,1790295300,26SEP24ATLGB,KXNFLREC,KXNFLREC-26SEP24ATLGB-GBTKRAFT85-7,Tucker Kraft: 7+,no_bid,improve,0.11,0.0,0.1,0.12,settled,100,no,11.0,0.18,1790323061
T-6h|KXNFLREC-26SEP24ATLGB-GBTKRAFT85-7|yes_bid|improve,T-6h,1790277762,1790295300,26SEP24ATLGB,KXNFLREC,KXNFLREC-26SEP24ATLGB-GBTKRAFT85-7,Tucker Kraft: 7+,yes_bid,improve,0.11,0.0,0.1,0.12,unfilled,0.0,,,,
T-6h|KXNFLREC-26SEP24ATLGB-GBTKRAFT85-6|no_bid|join,T-6h,1790277762,1790295300,26SEP24ATLGB,KXNFLREC,KXNFLREC-26SEP24ATLGB-GBTKRAFT85-6,Tucker Kraft: 6+,no_bid,join,0.24,21226.49,0.22,0.24,unfilled,0.0,,,,
T-6h|KXNFLREC-26SEP24ATLGB-GBTKRAFT85-6|yes_bid|join,T-6h,1790277762,1790295300,26SEP24ATLGB,KXNFLREC,KXNFLREC-26SEP24ATLGB-GBTKRAFT85-6,Tucker Kraft: 6+,yes_bid,join,0.22,5.0,0.22,0.24,settled,2.57,no,-0.57,0.01,1790323071
T-6h|KXNFLREC-26SEP24ATLGB-GBTKRAFT85-6|no_bid|improve,T-6h,1790277762,1790295300,26SEP24ATLGB,KXNFLREC,KXNFLREC-26SEP24ATLGB-GBTKRAFT85-6,Tucker Kraft: 6+,no_bid,improve,0.23,0.0,0.22,0.24,settled,100,no,23.0,0.31,1790323071
T-6h|KXNFLREC-26SEP24ATLGB-GBTKRAFT85-6|yes_bid|improve,T-6h,1790277762,1790295300,26SEP24ATLGB,KXNFLREC,KXNFLREC-26SEP24ATLGB-GBTKRAFT85-6,Tucker Kraft: 6+,yes_bid,improve,0.23,0.0,0.22,0.24,settled,100,no,-23.0,0.31,1790323071
T-6h|KXNFLREC-26SEP24ATLGB-GBTKRAFT85-5|no_bid|join,T-6h,1790277762,1790295300,26SEP24ATLGB,KXNFLREC,KXNFLREC-26SEP24ATLGB-GBTKRAFT85-5,Tucker Kraft: 5+,no_bid,join,0.38,756.44,0.35,0.38,settled,100,no,38.0,0.42,1790323066
T-6h|KXNFLREC-26SEP24ATLGB-GBTKRAFT85-5|yes_bid|join,T-6h,1790277762,1790295300,26SEP24ATLGB,KXNFLREC,KXNFLREC-26SEP24ATLGB-GBTKRAFT85-5,Tucker Kraft: 5+,yes_bid,join,0.35,491.0,0.35,0.38,unfilled,0.0,,,,
T-6h|KXNFLREC-26SEP24ATLGB-GBTKRAFT85-5|no_bid|improve,T-6h,1790277762,1790295300,26SEP24ATLGB,KXNFLREC,KXNFLREC-26SEP24ATLGB-GBTKRAFT85-5,Tucker Kraft: 5+,no_bid,improve,0.37,0.0,0.35,0.38,settled,100,no,37.0,0.41,1790323066
T-6h|KXNFLREC-26SEP24ATLGB-GBTKRAFT85-5|yes_bid|improve,T-6h,1790277762,1790295300,26SEP24ATLGB,KXNFLREC,KXNFLREC-26SEP24ATLGB-GBTKRAFT85-5,Tucker Kraft: 5+,yes_bid,improve,0.36,0.0,0.35,0.38,settled,100,no,-36.0,0.41,1790323066
T-6h|KXNFLREC-26SEP24ATLGB-GBTKRAFT85-4|no_bid|join,T-6h,1790277762,1790295300,26SEP24ATLGB,KXNFLREC,KXNFLREC-26SEP24ATLGB-GBTKRAFT85-4,Tucker Kraft: 4+,no_bid,join,0.58,18708.5,0.56,0.58,unfilled,0.0,,,,
T-6h|KXNFLREC-26SEP24ATLGB-GBTKRAFT85-4|yes_bid|join,T-6h,1790277762,1790295300,26SEP24ATLGB,KXNFLREC,KXNFLREC-26SEP24ATLGB-GBTKRAFT85-4,Tucker Kraft: 4+,yes_bid,join,0.56,268.44,0.56,0.58,settled,100,yes,44.0,0.44,1790323067
T-6h|KXNFLREC-26SEP24ATLGB-GBTKRAFT85-4|no_bid|improve,T-6h,1790277762,1790295300,26SEP24ATLGB,KXNFLREC,KXNFLREC-26SEP24ATLGB-GBTKRAFT85-4,Tucker Kraft: 4+,no_bid,improve,0.57,0.0,0.56,0.58,settled,100,yes,-43.0,0.43,1790323067
T-6h|KXNFLREC-26SEP24ATLGB-GBTKRAFT85-4|yes_bid|improve,T-6h,1790277762,1790295300,26SEP24ATLGB,KXNFLREC,KXNFLREC-26SEP24ATLGB-GBTKRAFT85-4,Tucker Kraft: 4+,yes_bid,improve,0.57,0.0,0.56,0.58,settled,100,yes,43.0,0.43,1790323067
T-6h|KXNFLREC-26SEP24ATLGB-GBTKRAFT85-3|no_bid|join,T-6h,1790277762,1790295300,26SEP24ATLGB,KXNFLREC,KXNFLREC-26SEP24ATLGB-GBTKRAFT85-3,Tucker Kraft: 3+,no_bid,join,0.75,108.0,0.74,0.75,settled,100,yes,-25.0,0.33,1790323069
T-6h|KXNFLREC-26SEP24ATLGB-GBTKRAFT85-3|yes_bid|join,T-6h,1790277762,1790295300,26SEP24ATLGB,KXNFLREC,KXNFLREC-26SEP24ATLGB-GBTKRAFT85-3,Tucker Kraft: 3+,yes_bid,join,0.74,220.0,0.74,0.75,settled,100,yes,26.0,0.34,1790323069
T-6h|KXNFLREC-26SEP24ATLGB-GBTKRAFT85-2|no_bid|join,T-6h,1790277762,1790295300,26SEP24ATLGB,KXNFLREC,KXNFLREC-26SEP24ATLGB-GBTKRAFT85-2,Tucker Kraft: 2+,no_bid,join,0.89,566.03,0.87,0.89,settled,100,yes,-11.0,0.18,1790299090
T-6h|KXNFLREC-26SEP24ATLGB-GBTKRAFT85-2|yes_bid|join,T-6h,1790277762,1790295300,26SEP24ATLGB,KXNFLREC,KXNFLREC-26SEP24ATLGB-GBTKRAFT85-2,Tucker Kraft: 2+,yes_bid,join,0.87,501.0,0.87,0.89,unfilled,0.0,,,,
T-6h|KXNFLREC-26SEP24ATLGB-GBTKRAFT85-2|no_bid|improve,T-6h,1790277762,1790295300,26SEP24ATLGB,KXNFLREC,KXNFLREC-26SEP24ATLGB-GBTKRAFT85-2,Tucker Kraft: 2+,no_bid,improve,0.88,0.0,0.87,0.89,settled,100,yes,-12.0,0.19,1790299090
T-6h|KXNFLREC-26SEP24ATLGB-GBTKRAFT85-2|yes_bid|improve,T-6h,1790277762,1790295300,26SEP24ATLGB,KXNFLREC,KXNFLREC-26SEP24ATLGB-GBTKRAFT85-2,Tucker Kraft: 2+,yes_bid,improve,0.88,0.0,0.87,0.89,settled,100,yes,12.0,0.19,1790299090
T-6h|KXNFLREC-26SEP24ATLGB-GBTKRAFT85-10|no_bid|join,T-6h,1790277762,1790295300,26SEP24ATLGB,KXNFLREC,KXNFLREC-26SEP24ATLGB-GBTKRAFT85-10,Tucker Kraft: 10+,no_bid,join,0.03,12059.0,0.01,0.03,unfilled,0.0,,,,
T-6h|KXNFLREC-26SEP24ATLGB-GBTKRAFT85-10|yes_bid|join,T-6h,1790277762,1790295300,26SEP24ATLGB,KXNFLREC,KXNFLREC-26SEP24ATLGB-GBTKRAFT85-10,Tucker Kraft: 10+,yes_bid,join,0.01,3333.0,0.01,0.03,unfilled,0.0,,,,
T-6h|KXNFLREC-26SEP24ATLGB-GBTKRAFT85-10|no_bid|improve,T-6h,1790277762,1790295300,26SEP24ATLGB,KXNFLREC,KXNFLREC-26SEP24ATLGB-GBTKRAFT85-10,Tucker Kraft: 10+,no_bid,improve,0.02,0.0,0.01,0.03,settled,100,no,2.0,0.04,1790323070
T-6h|KXNFLREC-26SEP24ATLGB-GBTKRAFT85-10|yes_bid|improve,T-6h,1790277762,1790295300,26SEP24ATLGB,KXNFLREC,KXNFLREC-26SEP24ATLGB-GBTKRAFT85-10,Tucker Kraft: 10+,yes_bid,improve,0.02,0.0,0.01,0.03,unfilled,0.0,,,,
T-6h|KXNFLREC-26SEP24ATLGB-GBMLLOYD32-4|no_bid|join,T-6h,1790277762,1790295300,26SEP24ATLGB,KXNFLREC,KXNFLREC-26SEP24ATLGB-GBMLLOYD32-4,MarShawn Lloyd: 4+,no_bid,join,0.05,11420.0,0.02,0.05,unfilled,0.0,,,,
T-6h|KXNFLREC-26SEP24ATLGB-GBMLLOYD32-4|yes_bid|join,T-6h,1790277762,1790295300,26SEP24ATLGB,KXNFLREC,KXNFLREC-26SEP24ATLGB-GBMLLOYD32-4,MarShawn Lloyd: 4+,yes_bid,join,0.02,2000.0,0.02,0.05,unfilled,0.0,,,,
T-6h|KXNFLREC-26SEP24ATLGB-GBMLLOYD32-4|no_bid|improve,T-6h,1790277762,1790295300,26SEP24ATLGB,KXNFLREC,KXNFLREC-26SEP24ATLGB-GBMLLOYD32-4,MarShawn Lloyd: 4+,no_bid,improve,0.04,0.0,0.02,0.05,settled,100,no,4.0,0.07,1790323067
T-6h|KXNFLREC-26SEP24ATLGB-GBMLLOYD32-4|yes_bid|improve,T-6h,1790277762,1790295300,26SEP24ATLGB,KXNFLREC,KXNFLREC-26SEP24ATLGB-GBMLLOYD32-4,MarShawn Lloyd: 4+,yes_bid,improve,0.03,0.0,0.02,0.05,unfilled,0.0,,,,
T-6h|KXNFLREC-26SEP24ATLGB-GBMLLOYD32-3|no_bid|join,T-6h,1790277762,1790295300,26SEP24ATLGB,KXNFLREC,KXNFLREC-26SEP24ATLGB-GBMLLOYD32-3,MarShawn Lloyd: 3+,no_bid,join,0.13,12090.0,0.12,0.13,unfilled,0.0,,,,
T-6h|KXNFLREC-26SEP24ATLGB-GBMLLOYD32-3|yes_bid|join,T-6h,1790277762,1790295300,26SEP24ATLGB,KXNFLREC,KXNFLREC-26SEP24ATLGB-GBMLLOYD32-3,MarShawn Lloyd: 3+,yes_bid,join,0.12,1303.0,0.12,0.13,settled,52.0,no,-6.24,0.1,1790323072
T-6h|KXNFLREC-26SEP24ATLGB-GBMLLOYD32-2|no_bid|join,T-6h,1790277762,1790295300,26SEP24ATLGB,KXNFLREC,KXNFLREC-26SEP24ATLGB-GBMLLOYD32-2,MarShawn Lloyd: 2+,no_bid,join,0.33,19764.0,0.32,0.33,unfilled,0.0,,,,
T-6h|KXNFLREC-26SEP24ATLGB-GBMLLOYD32-2|yes_bid|join,T-6h,1790277762,1790295300,26SEP24ATLGB,KXNFLREC,KXNFLREC-26SEP24ATLGB-GBMLLOYD32-2,MarShawn Lloyd: 2+,yes_bid,join,0.32,2438.99,0.32,0.33,settled,100,yes,68.0,0.39,1790323055
T-6h|KXNFLREC-26SEP24ATLGB-GBMLLOYD32-1|no_bid|join,T-6h,1790277762,1790295300,26SEP24ATLGB,KXNFLREC,KXNFLREC-26SEP24ATLGB-GBMLLOYD32-1,MarShawn Lloyd: 1+,no_bid,join,0.65,500.0,0.64,0.65,settled,100,yes,-35.0,0.4,1790299089
T-6h|KXNFLREC-26SEP24ATLGB-GBMLLOYD32-1|yes_bid|join,T-6h,1790277762,1790295300,26SEP24ATLGB,KXNFLREC,KXNFLREC-26SEP24ATLGB-GBMLLOYD32-1,MarShawn Lloyd: 1+,yes_bid,join,0.64,1324.0,0.64,0.65,unfilled,0.0,,,,
T-6h|KXNFLREC-26SEP24ATLGB-GBMGOLDEN0-9|no_bid|join,T-6h,1790277762,1790295300,26SEP24ATLGB,KXNFLREC,KXNFLREC-26SEP24ATLGB-GBMGOLDEN0-9,Matthew Golden: 9+,no_bid,join,0.05,70.0,0.03,0.05,settled,100,no,5.0,0.09,1790323064
T-6h|KXNFLREC-26SEP24ATLGB-GBMGOLDEN0-9|yes_bid|join,T-6h,1790277762,1790295300,26SEP24ATLGB,KXNFLREC,KXNFLREC-26SEP24ATLGB-GBMGOLDEN0-9,Matthew Golden: 9+,yes_bid,join,0.03,117.76,0.03,0.05,unfilled,0.0,,,,
T-6h|KXNFLREC-26SEP24ATLGB-GBMGOLDEN0-9|no_bid|improve,T-6h,1790277762,1790295300,26SEP24ATLGB,KXNFLREC,KXNFLREC-26SEP24ATLGB-GBMGOLDEN0-9,Matthew Golden: 9+,no_bid,improve,0.04,0.0,0.03,0.05,settled,100,no,4.0,0.07,1790323064
T-6h|KXNFLREC-26SEP24ATLGB-GBMGOLDEN0-9|yes_bid|improve,T-6h,1790277762,1790295300,26SEP24ATLGB,KXNFLREC,KXNFLREC-26SEP24ATLGB-GBMGOLDEN0-9,Matthew Golden: 9+,yes_bid,improve,0.04,0.0,0.03,0.05,unfilled,0.0,,,,
T-6h|KXNFLREC-26SEP24ATLGB-GBMGOLDEN0-8|no_bid|join,T-6h,1790277762,1790295300,26SEP24ATLGB,KXNFLREC,KXNFLREC-26SEP24ATLGB-GBMGOLDEN0-8,Matthew Golden: 8+,no_bid,join,0.11,14818.0,0.1,0.11,unfilled,0.0,,,,
T-6h|KXNFLREC-26SEP24ATLGB-GBMGOLDEN0-8|yes_bid|join,T-6h,1790277762,1790295300,26SEP24ATLGB,KXNFLREC,KXNFLREC-26SEP24ATLGB-GBMGOLDEN0-8,Matthew Golden: 8+,yes_bid,join,0.1,100.0,0.1,0.11,unfilled,0.0,,,,
T-6h|KXNFLREC-26SEP24ATLGB-GBMGOLDEN0-7|no_bid|join,T-6h,1790277762,1790295300,26SEP24ATLGB,KXNFLREC,KXNFLREC-26SEP24ATLGB-GBMGOLDEN0-7,Matthew Golden: 7+,no_bid,join,0.18,12160.0,0.17,0.18,unfilled,0.0,,,,
T-6h|KXNFLREC-26SEP24ATLGB-GBMGOLDEN0-7|yes_bid|join,T-6h,1790277762,1790295300,26SEP24ATLGB,KXNFLREC,KXNFLREC-26SEP24ATLGB-GBMGOLDEN0-7,Matthew Golden: 7+,yes_bid,join,0.17,40.47,0.17,0.18,unfilled,0.0,,,,
T-6h|KXNFLREC-26SEP24ATLGB-GBMGOLDEN0-6|no_bid|join,T-6h,1790277762,1790295300,26SEP24ATLGB,KXNFLREC,KXNFLREC-26SEP24ATLGB-GBMGOLDEN0-6,Matthew Golden: 6+,no_bid,join,0.29,1.0,0.28,0.29,settled,100,no,29.0,0.37,1790323058
T-6h|KXNFLREC-26SEP24ATLGB-GBMGOLDEN0-6|yes_bid|join,T-6h,1790277762,1790295300,26SEP24ATLGB,KXNFLREC,KXNFLREC-26SEP24ATLGB-GBMGOLDEN0-6,Matthew Golden: 6+,yes_bid,join,0.28,100.0,0.28,0.29,unfilled,0.0,,,,
T-6h|KXNFLREC-26SEP24ATLGB-GBMGOLDEN0-5|no_bid|join,T-6h,1790277762,1790295300,26SEP24ATLGB,KXNFLREC,KXNFLREC-26SEP24ATLGB-GBMGOLDEN0-5,Matthew Golden: 5+,no_bid,join,0.46,23408.06,0.45,0.46,unfilled,0.0,,,,
T-6h|KXNFLREC-26SEP24ATLGB-GBMGOLDEN0-5|yes_bid|join,T-6h,1790277762,1790295300,26SEP24ATLGB,KXNFLREC,KXNFLREC-26SEP24ATLGB-GBMGOLDEN0-5,Matthew Golden: 5+,yes_bid,join,0.45,7023.86,0.45,0.46,unfilled,0.0,,,,
T-6h|KXNFLREC-26SEP24ATLGB-GBMGOLDEN0-4|no_bid|join,T-6h,1790277762,1790295300,26SEP24ATLGB,KXNFLREC,KXNFLREC-26SEP24ATLGB-GBMGOLDEN0-4,Matthew Golden: 4+,no_bid,join,0.64,449.87,0.61,0.64,settled,100,yes,-36.0,0.41,1790323058
T-6h|KXNFLREC-26SEP24ATLGB-GBMGOLDEN0-4|yes_bid|join,T-6h,1790277762,1790295300,26SEP24ATLGB,KXNFLREC,KXNFLREC-26SEP24ATLGB-GBMGOLDEN0-4,Matthew Golden: 4+,yes_bid,join,0.61,281.83,0.61,0.64,unfilled,0.0,,,,
T-6h|KXNFLREC-26SEP24ATLGB-GBMGOLDEN0-4|no_bid|improve,T-6h,1790277762,1790295300,26SEP24ATLGB,KXNFLREC,KXNFLREC-26SEP24ATLGB-GBMGOLDEN0-4,Matthew Golden: 4+,no_bid,improve,0.63,0.0,0.61,0.64,settled,100,yes,-37.0,0.41,1790323058
T-6h|KXNFLREC-26SEP24ATLGB-GBMGOLDEN0-4|yes_bid|improve,T-6h,1790277762,1790295300,26SEP24ATLGB,KXNFLREC,KXNFLREC-26SEP24ATLGB-GBMGOLDEN0-4,Matthew Golden: 4+,yes_bid,improve,0.62,0.0,0.61,0.64,unfilled,0.0,,,,
T-6h|KXNFLREC-26SEP24ATLGB-GBMGOLDEN0-3|no_bid|join,T-6h,1790277762,1790295300,26SEP24ATLGB,KXNFLREC,KXNFLREC-26SEP24ATLGB-GBMGOLDEN0-3,Matthew Golden: 3+,no_bid,join,0.8,476.0,0.78,0.8,settled,100,yes,-20.0,0.29,1790323057
T-6h|KXNFLREC-26SEP24ATLGB-GBMGOLDEN0-3|yes_bid|join,T-6h,1790277762,1790295300,26SEP24ATLGB,KXNFLREC,KXNFLREC-26SEP24ATLGB-GBMGOLDEN0-3,Matthew Golden: 3+,yes_bid,join,0.78,38.47,0.78,0.8,unfilled,0.0,,,,
T-6h|KXNFLREC-26SEP24ATLGB-GBMGOLDEN0-3|no_bid|improve,T-6h,1790277762,1790295300,26SEP24ATLGB,KXNFLREC,KXNFLREC-26SEP24ATLGB-GBMGOLDEN0-3,Matthew Golden: 3+,no_bid,improve,0.79,0.0,0.78,0.8,settled,100,yes,-21.0,0.3,1790323057
T-6h|KXNFLREC-26SEP24ATLGB-GBMGOLDEN0-3|yes_bid|improve,T-6h,1790277762,1790295300,26SEP24ATLGB,KXNFLREC,KXNFLREC-26SEP24ATLGB-GBMGOLDEN0-3,Matthew Golden: 3+,yes_bid,improve,0.79,0.0,0.78,0.8,settled,100,yes,21.0,0.3,1790323057
T-6h|KXNFLREC-26SEP24ATLGB-GBMGOLDEN0-2|no_bid|join,T-6h,1790277762,1790295300,26SEP24ATLGB,KXNFLREC,KXNFLREC-26SEP24ATLGB-GBMGOLDEN0-2,Matthew Golden: 2+,no_bid,join,0.9,470.0,0.89,0.9,unfilled,0.0,,,,
T-6h|KXNFLREC-26SEP24ATLGB-GBMGOLDEN0-2|yes_bid|join,T-6h,1790277762,1790295300,26SEP24ATLGB,KXNFLREC,KXNFLREC-26SEP24ATLGB-GBMGOLDEN0-2,Matthew Golden: 2+,yes_bid,join,0.89,75.0,0.89,0.9,unfilled,0.0,,,,
T-6h|KXNFLREC-26SEP24ATLGB-GBMGOLDEN0-10|no_bid|join,T-6h,1790277762,1790295300,26SEP24ATLGB,KXNFLREC,KXNFLREC-26SEP24ATLGB-GBMGOLDEN0-10,Matthew Golden: 10+,no_bid,join,0.04,27250.0,0.01,0.04,unfilled,0.0,,,,
T-6h|KXNFLREC-26SEP24ATLGB-GBMGOLDEN0-10|yes_bid|join,T-6h,1790277762,1790295300,26SEP24ATLGB,KXNFLREC,KXNFLREC-26SEP24ATLGB-GBMGOLDEN0-10,Matthew Golden: 10+,yes_bid,join,0.01,3333.0,0.01,0.04,unfilled,0.0,,,,
T-6h|KXNFLREC-26SEP24ATLGB-GBMGOLDEN0-10|no_bid|improve,T-6h,1790277762,1790295300,26SEP24ATLGB,KXNFLREC,KXNFLREC-26SEP24ATLGB-GBMGOLDEN0-10,Matthew Golden: 10+,no_bid,improve,0.03,0.0,0.01,0.04,unfilled,0.0,,,,
T-6h|KXNFLREC-26SEP24ATLGB-GBMGOLDEN0-10|yes_bid|improve,T-6h,1790277762,1790295300,26SEP24ATLGB,KXNFLREC,KXNFLREC-26SEP24ATLGB-GBMGOLDEN0-10,Matthew Golden: 10+,yes_bid,improve,0.02,0.0,0.01,0.04,unfilled,0.0,,,,
T-6h|KXNFLREC-26SEP24ATLGB-GBCWATSON9-9|no_bid|join,T-6h,1790277762,1790295300,26SEP24ATLGB,KXNFLREC,KXNFLREC-26SEP24ATLGB-GBCWATSON9-9,Christian Watson: 9+,no_bid,join,0.09,11241.35,0.06,0.09,unfilled,0.0,,,,
T-6h|KXNFLREC-26SEP24ATLGB-GBCWATSON9-9|yes_bid|join,T-6h,1790277762,1790295300,26SEP24ATLGB,KXNFLREC,KXNFLREC-26SEP24ATLGB-GBCWATSON9-9,Christian Watson: 9+,yes_bid,join,0.06,620.0,0.06,0.09,unfilled,0.0,,,,
T-6h|KXNFLREC-26SEP24ATLGB-GBCWATSON9-9|no_bid|improve,T-6h,1790277762,1790295300,26SEP24ATLGB,KXNFLREC,KXNFLREC-26SEP24ATLGB-GBCWATSON9-9,Christian Watson: 9+,no_bid,improve,0.08,0.0,0.06,0.09,settled,100,no,8.0,0.13,1790323066
T-6h|KXNFLREC-26SEP24ATLGB-GBCWATSON9-9|yes_bid|improve,T-6h,1790277762,1790295300,26SEP24ATLGB,KXNFLREC,KXNFLREC-26SEP24ATLGB-GBCWATSON9-9,Christian Watson: 9+,yes_bid,improve,0.07,0.0,0.06,0.09,unfilled,0.0,,,,
T-6h|KXNFLREC-26SEP24ATLGB-GBCWATSON9-8|no_bid|join,T-6h,1790277762,1790295300,26SEP24ATLGB,KXNFLREC,KXNFLREC-26SEP24ATLGB-GBCWATSON9-8,Christian Watson: 8+,no_bid,join,0.16,12127.09,0.14,0.16,unfilled,0.0,,,,
T-6h|KXNFLREC-26SEP24ATLGB-GBCWATSON9-8|yes_bid|join,T-6h,1790277762,1790295300,26SEP24ATLGB,KXNFLREC,KXNFLREC-26SEP24ATLGB-GBCWATSON9-8,Christian Watson: 8+,yes_bid,join,0.14,1000.0,0.14,0.16,unfilled,0.0,,,,
T-6h|KXNFLREC-26SEP24ATLGB-GBCWATSON9-8|no_bid|improve,T-6h,1790277762,1790295300,26SEP24ATLGB,KXNFLREC,KXNFLREC-26SEP24ATLGB-GBCWATSON9-8,Christian Watson: 8+,no_bid,improve,0.15,0.0,0.14,0.16,settled,100,no,15.0,0.23,1790323064
T-6h|KXNFLREC-26SEP24ATLGB-GBCWATSON9-8|yes_bid|improve,T-6h,1790277762,1790295300,26SEP24ATLGB,KXNFLREC,KXNFLREC-26SEP24ATLGB-GBCWATSON9-8,Christian Watson: 8+,yes_bid,improve,0.15,0.0,0.14,0.16,settled,100,no,-15.0,0.23,1790323064
T-6h|KXNFLREC-26SEP24ATLGB-GBCWATSON9-7|no_bid|join,T-6h,1790277762,1790295300,26SEP24ATLGB,KXNFLREC,KXNFLREC-26SEP24ATLGB-GBCWATSON9-7,Christian Watson: 7+,no_bid,join,0.26,13023.72,0.25,0.26,unfilled,0.0,,,,
T-6h|KXNFLREC-26SEP24ATLGB-GBCWATSON9-7|yes_bid|join,T-6h,1790277762,1790295300,26SEP24ATLGB,KXNFLREC,KXNFLREC-26SEP24ATLGB-GBCWATSON9-7,Christian Watson: 7+,yes_bid,join,0.25,15.0,0.25,0.26,settled,100,yes,75.0,0.33,1790323062
T-6h|KXNFLREC-26SEP24ATLGB-GBCWATSON9-6|no_bid|join,T-6h,1790277762,1790295300,26SEP24ATLGB,KXNFLREC,KXNFLREC-26SEP24ATLGB-GBCWATSON9-6,Christian Watson: 6+,no_bid,join,0.4,15001.77,0.39,0.4,unfilled,0.0,,,,
T-6h|KXNFLREC-26SEP24ATLGB-GBCWATSON9-6|yes_bid|join,T-6h,1790277762,1790295300,26SEP24ATLGB,KXNFLREC,KXNFLREC-26SEP24ATLGB-GBCWATSON9-6,Christian Watson: 6+,yes_bid,join,0.39,1798.0,0.39,0.4,settled,100,yes,61.0,0.42,1790323054
T-6h|KXNFLREC-26SEP24ATLGB-GBCWATSON9-5|no_bid|join,T-6h,1790277762,1790295300,26SEP24ATLGB,KXNFLREC,KXNFLREC-26SEP24ATLGB-GBCWATSON9-5,Christian Watson: 5+,no_bid,join,0.57,114945.5,0.56,0.57,unfilled,0.0,,,,
T-6h|KXNFLREC-26SEP24ATLGB-GBCWATSON9-5|yes_bid|join,T-6h,1790277762,1790295300,26SEP24ATLGB,KXNFLREC,KXNFLREC-26SEP24ATLGB-GBCWATSON9-5,Christian Watson: 5+,yes_bid,join,0.56,941.48,0.56,0.57,settled,100,yes,44.0,0.44,1790323067
T-6h|KXNFLREC-26SEP24ATLGB-GBCWATSON9-4|no_bid|join,T-6h,1790277762,1790295300,26SEP24ATLGB,KXNFLREC,KXNFLREC-26SEP24ATLGB-GBCWATSON9-4,Christian Watson: 4+,no_bid,join,0.73,526.35,0.7,0.73,settled,100,yes,-27.0,0.35,1790323059
T-6h|KXNFLREC-26SEP24ATLGB-GBCWATSON9-4|yes_bid|join,T-6h,1790277762,1790295300,26SEP24ATLGB,KXNFLREC,KXNFLREC-26SEP24ATLGB-GBCWATSON9-4,Christian Watson: 4+,yes_bid,join,0.7,6.0,0.7,0.73,settled,59.0,yes,17.7,0.22,1790323059
T-6h|KXNFLREC-26SEP24ATLGB-GBCWATSON9-4|no_bid|improve,T-6h,1790277762,1790295300,26SEP24ATLGB,KXNFLREC,KXNFLREC-26SEP24ATLGB-GBCWATSON9-4,Christian Watson: 4+,no_bid,improve,0.72,0.0,0.7,0.73,settled,100,yes,-28.0,0.36,1790323059
T-6h|KXNFLREC-26SEP24ATLGB-GBCWATSON9-4|yes_bid|improve,T-6h,1790277762,1790295300,26SEP24ATLGB,KXNFLREC,KXNFLREC-26SEP24ATLGB-GBCWATSON9-4,Christian Watson: 4+,yes_bid,improve,0.71,0.0,0.7,0.73,settled,100,yes,29.0,0.37,1790323059
T-6h|KXNFLREC-26SEP24ATLGB-GBCWATSON9-3|no_bid|join,T-6h,1790277762,1790295300,26SEP24ATLGB,KXNFLREC,KXNFLREC-26SEP24ATLGB-GBCWATSON9-3,Christian Watson: 3+,no_bid,join,0.86,624.28,0.85,0.86,unfilled,0.0,,,,
T-6h|KXNFLREC-26SEP24ATLGB-GBCWATSON9-3|yes_bid|join,T-6h,1790277762,1790295300,26SEP24ATLGB,KXNFLREC,KXNFLREC-26SEP24ATLGB-GBCWATSON9-3,Christian Watson: 3+,yes_bid,join,0.85,10.0,0.85,0.86,settled,100,yes,15.0,0.23,1790323071
T-6h|KXNFLREC-26SEP24ATLGB-GBCWATSON9-11|no_bid|join,T-6h,1790277762,1790295300,26SEP24ATLGB,KXNFLREC,KXNFLREC-26SEP24ATLGB-GBCWATSON9-11,Christian Watson: 11+,no_bid,join,0.03,11200.0,0.01,0.03,unfilled,0.0,,,,
T-6h|KXNFLREC-26SEP24ATLGB-GBCWATSON9-11|yes_bid|join,T-6h,1790277762,1790295300,26SEP24ATLGB,KXNFLREC,KXNFLREC-26SEP24ATLGB-GBCWATSON9-11,Christian Watson: 11+,yes_bid,join,0.01,3333.0,0.01,0.03,unfilled,0.0,,,,
T-6h|KXNFLREC-26SEP24ATLGB-GBCWATSON9-11|no_bid|improve,T-6h,1790277762,1790295300,26SEP24ATLGB,KXNFLREC,KXNFLREC-26SEP24ATLGB-GBCWATSON9-11,Christian Watson: 11+,no_bid,improve,0.02,0.0,0.01,0.03,settled,100,no,2.0,0.04,1790323071
T-6h|KXNFLREC-26SEP24ATLGB-GBCWATSON9-11|yes_bid|improve,T-6h,1790277762,1790295300,26SEP24ATLGB,KXNFLREC,KXNFLREC-26SEP24ATLGB-GBCWATSON9-11,Christian Watson: 11+,yes_bid,improve,0.02,0.0,0.01,0.03,unfilled,0.0,,,,
T-6h|KXNFLREC-26SEP24ATLGB-GBCWATSON9-10|no_bid|join,T-6h,1790277762,1790295300,26SEP24ATLGB,KXNFLREC,KXNFLREC-26SEP24ATLGB-GBCWATSON9-10,Christian Watson: 10+,no_bid,join,0.04,70.0,0.02,0.04,settled,100,no,4.0,0.07,1790323055
T-6h|KXNFLREC-26SEP24ATLGB-GBCWATSON9-10|yes_bid|join,T-6h,1790277762,1790295300,26SEP24ATLGB,KXNFLREC,KXNFLREC-26SEP24ATLGB-GBCWATSON9-10,Christian Watson: 10+,yes_bid,join,0.02,3182.0,0.02,0.04,unfilled,0.0,,,,
T-6h|KXNFLREC-26SEP24ATLGB-GBCWATSON9-10|no_bid|improve,T-6h,1790277762,1790295300,26SEP24ATLGB,KXNFLREC,KXNFLREC-26SEP24ATLGB-GBCWATSON9-10,Christian Watson: 10+,no_bid,improve,0.03,0.0,0.02,0.04,settled,100,no,3.0,0.06,1790323055
T-6h|KXNFLREC-26SEP24ATLGB-GBCWATSON9-10|yes_bid|improve,T-6h,1790277762,1790295300,26SEP24ATLGB,KXNFLREC,KXNFLREC-26SEP24ATLGB-GBCWATSON9-10,Christian Watson: 10+,yes_bid,improve,0.03,0.0,0.02,0.04,unfilled,0.0,,,,
T-6h|KXNFLREC-26SEP24ATLGB-ATLKPITTS8-9|no_bid|join,T-6h,1790277762,1790295300,26SEP24ATLGB,KXNFLREC,KXNFLREC-26SEP24ATLGB-ATLKPITTS8-9,Kyle Pitts Sr.: 9+,no_bid,join,0.04,14962.44,0.01,0.04,unfilled,0.0,,,,
T-6h|KXNFLREC-26SEP24ATLGB-ATLKPITTS8-9|yes_bid|join,T-6h,1790277762,1790295300,26SEP24ATLGB,KXNFLREC,KXNFLREC-26SEP24ATLGB-ATLKPITTS8-9,Kyle Pitts Sr.: 9+,yes_bid,join,0.01,3333.0,0.01,0.04,unfilled,0.0,,,,
T-6h|KXNFLREC-26SEP24ATLGB-ATLKPITTS8-9|no_bid|improve,T-6h,1790277762,1790295300,26SEP24ATLGB,KXNFLREC,KXNFLREC-26SEP24ATLGB-ATLKPITTS8-9,Kyle Pitts Sr.: 9+,no_bid,improve,0.03,0.0,0.01,0.04,unfilled,0.0,,,,
T-6h|KXNFLREC-26SEP24ATLGB-ATLKPITTS8-9|yes_bid|improve,T-6h,1790277762,1790295300,26SEP24ATLGB,KXNFLREC,KXNFLREC-26SEP24ATLGB-ATLKPITTS8-9,Kyle Pitts Sr.: 9+,yes_bid,improve,0.02,0.0,0.01,0.04,unfilled,0.0,,,,
T-6h|KXNFLREC-26SEP24ATLGB-ATLKPITTS8-8|no_bid|join,T-6h,1790277762,1790295300,26SEP24ATLGB,KXNFLREC,KXNFLREC-26SEP24ATLGB-ATLKPITTS8-8,Kyle Pitts Sr.: 8+,no_bid,join,0.05,276.0,0.03,0.05,settled,100,no,5.0,0.09,1790323068
T-6h|KXNFLREC-26SEP24ATLGB-ATLKPITTS8-8|yes_bid|join,T-6h,1790277762,1790295300,26SEP24ATLGB,KXNFLREC,KXNFLREC-26SEP24ATLGB-ATLKPITTS8-8,Kyle Pitts Sr.: 8+,yes_bid,join,0.03,1120.0,0.03,0.05,unfilled,0.0,,,,
T-6h|KXNFLREC-26SEP24ATLGB-ATLKPITTS8-8|no_bid|improve,T-6h,1790277762,1790295300,26SEP24ATLGB,KXNFLREC,KXNFLREC-26SEP24ATLGB-ATLKPITTS8-8,Kyle Pitts Sr.: 8+,no_bid,improve,0.04,0.0,0.03,0.05,settled,100,no,4.0,0.07,1790323068
T-6h|KXNFLREC-26SEP24ATLGB-ATLKPITTS8-8|yes_bid|improve,T-6h,1790277762,1790295300,26SEP24ATLGB,KXNFLREC,KXNFLREC-26SEP24ATLGB-ATLKPITTS8-8,Kyle Pitts Sr.: 8+,yes_bid,improve,0.04,0.0,0.03,0.05,unfilled,0.0,,,,
T-6h|KXNFLREC-26SEP24ATLGB-ATLKPITTS8-7|no_bid|join,T-6h,1790277762,1790295300,26SEP24ATLGB,KXNFLREC,KXNFLREC-26SEP24ATLGB-ATLKPITTS8-7,Kyle Pitts Sr.: 7+,no_bid,join,0.11,19960.0,0.09,0.11,unfilled,0.0,,,,
T-6h|KXNFLREC-26SEP24ATLGB-ATLKPITTS8-7|yes_bid|join,T-6h,1790277762,1790295300,26SEP24ATLGB,KXNFLREC,KXNFLREC-26SEP24ATLGB-ATLKPITTS8-7,Kyle Pitts Sr.: 7+,yes_bid,join,0.09,620.0,0.09,0.11,unfilled,0.0,,,,
T-6h|KXNFLREC-26SEP24ATLGB-ATLKPITTS8-7|no_bid|improve,T-6h,1790277762,1790295300,26SEP24ATLGB,KXNFLREC,KXNFLREC-26SEP24ATLGB-ATLKPITTS8-7,Kyle Pitts Sr.: 7+,no_bid,improve,0.1,0.0,0.09,0.11,settled,100,no,10.0,0.16,1790323057
T-6h|KXNFLREC-26SEP24ATLGB-ATLKPITTS8-7|yes_bid|improve,T-6h,1790277762,1790295300,26SEP24ATLGB,KXNFLREC,KXNFLREC-26SEP24ATLGB-ATLKPITTS8-7,Kyle Pitts Sr.: 7+,yes_bid,improve,0.1,0.0,0.09,0.11,unfilled,0.0,,,,
T-6h|KXNFLREC-26SEP24ATLGB-ATLKPITTS8-6|no_bid|join,T-6h,1790277762,1790295300,26SEP24ATLGB,KXNFLREC,KXNFLREC-26SEP24ATLGB-ATLKPITTS8-6,Kyle Pitts Sr.: 6+,no_bid,join,0.2,28156.12,0.17,0.2,unfilled,0.0,,,,
T-6h|KXNFLREC-26SEP24ATLGB-ATLKPITTS8-6|yes_bid|join,T-6h,1790277762,1790295300,26SEP24ATLGB,KXNFLREC,KXNFLREC-26SEP24ATLGB-ATLKPITTS8-6,Kyle Pitts Sr.: 6+,yes_bid,join,0.17,2.0,0.17,0.2,unfilled,0.0,,,,
T-6h|KXNFLREC-26SEP24ATLGB-ATLKPITTS8-6|no_bid|improve,T-6h,1790277762,1790295300,26SEP24ATLGB,KXNFLREC,KXNFLREC-26SEP24ATLGB-ATLKPITTS8-6,Kyle Pitts Sr.: 6+,no_bid,improve,0.19,0.0,0.17,0.2,settled,100,no,19.0,0.27,1790323069
T-6h|KXNFLREC-26SEP24ATLGB-ATLKPITTS8-6|yes_bid|improve,T-6h,1790277762,1790295300,26SEP24ATLGB,KXNFLREC,KXNFLREC-26SEP24ATLGB-ATLKPITTS8-6,Kyle Pitts Sr.: 6+,yes_bid,improve,0.18,0.0,0.17,0.2,unfilled,0.0,,,,
T-6h|KXNFLREC-26SEP24ATLGB-ATLKPITTS8-5|no_bid|join,T-6h,1790277762,1790295300,26SEP24ATLGB,KXNFLREC,KXNFLREC-26SEP24ATLGB-ATLKPITTS8-5,Kyle Pitts Sr.: 5+,no_bid,join,0.33,9609.0,0.32,0.33,unfilled,0.0,,,,
T-6h|KXNFLREC-26SEP24ATLGB-ATLKPITTS8-5|yes_bid|join,T-6h,1790277762,1790295300,26SEP24ATLGB,KXNFLREC,KXNFLREC-26SEP24ATLGB-ATLKPITTS8-5,Kyle Pitts Sr.: 5+,yes_bid,join,0.32,10510.0,0.32,0.33,unfilled,0.0,,,,
T-6h|KXNFLREC-26SEP24ATLGB-ATLKPITTS8-4|no_bid|join,T-6h,1790277762,1790295300,26SEP24ATLGB,KXNFLREC,KXNFLREC-26SEP24ATLGB-ATLKPITTS8-4,Kyle Pitts Sr.: 4+,no_bid,join,0.51,152.05,0.5,0.51,settled,100,no,51.0,0.44,1790323060
T-6h|KXNFLREC-26SEP24ATLGB-ATLKPITTS8-4|yes_bid|join,T-6h,1790277762,1790295300,26SEP24ATLGB,KXNFLREC,KXNFLREC-26SEP24ATLGB-ATLKPITTS8-4,Kyle Pitts Sr.: 4+,yes_bid,join,0.5,4914.13,0.5,0.51,settled,100,no,-50.0,0.44,1790323060
T-6h|KXNFLREC-26SEP24ATLGB-ATLKPITTS8-3|no_bid|join,T-6h,1790277762,1790295300,26SEP24ATLGB,KXNFLREC,KXNFLREC-26SEP24ATLGB-ATLKPITTS8-3,Kyle Pitts Sr.: 3+,no_bid,join,0.71,11885.86,0.68,0.71,unfilled,0.0,,,,
T-6h|KXNFLREC-26SEP24ATLGB-ATLKPITTS8-3|yes_bid|join,T-6h,1790277762,1790295300,26SEP24ATLGB,KXNFLREC,KXNFLREC-26SEP24ATLGB-ATLKPITTS8-3,Kyle Pitts Sr.: 3+,yes_bid,join,0.68,294.06,0.68,0.71,settled,100,no,-68.0,0.39,1790323055
T-6h|KXNFLREC-26SEP24ATLGB-ATLKPITTS8-3|no_bid|improve,T-6h,1790277762,1790295300,26SEP24ATLGB,KXNFLREC,KXNFLREC-26SEP24ATLGB-ATLKPITTS8-3,Kyle Pitts Sr.: 3+,no_bid,improve,0.7,0.0,0.68,0.71,settled,100,no,70.0,0.37,1790323055
T-6h|KXNFLREC-26SEP24ATLGB-ATLKPITTS8-3|yes_bid|improve,T-6h,1790277762,1790295300,26SEP24ATLGB,KXNFLREC,KXNFLREC-26SEP24ATLGB-ATLKPITTS8-3,Kyle Pitts Sr.: 3+,yes_bid,improve,0.69,0.0,0.68,0.71,settled,100,no,-69.0,0.38,1790323055
T-6h|KXNFLREC-26SEP24ATLGB-ATLKPITTS8-2|no_bid|join,T-6h,1790277762,1790295300,26SEP24ATLGB,KXNFLREC,KXNFLREC-26SEP24ATLGB-ATLKPITTS8-2,Kyle Pitts Sr.: 2+,no_bid,join,0.86,3149.0,0.84,0.86,unfilled,0.0,,,,
T-6h|KXNFLREC-26SEP24ATLGB-ATLKPITTS8-2|yes_bid|join,T-6h,1790277762,1790295300,26SEP24ATLGB,KXNFLREC,KXNFLREC-26SEP24ATLGB-ATLKPITTS8-2,Kyle Pitts Sr.: 2+,yes_bid,join,0.84,200.0,0.84,0.86,settled,100,no,-84.0,0.24,1790323060
T-6h|KXNFLREC-26SEP24ATLGB-ATLKPITTS8-2|no_bid|improve,T-6h,1790277762,1790295300,26SEP24ATLGB,KXNFLREC,KXNFLREC-26SEP24ATLGB-ATLKPITTS8-2,Kyle Pitts Sr.: 2+,no_bid,improve,0.85,0.0,0.84,0.86,settled,100,no,85.0,0.23,1790323060
T-6h|KXNFLREC-26SEP24ATLGB-ATLKPITTS8-2|yes_bid|improve,T-6h,1790277762,1790295300,26SEP24ATLGB,KXNFLREC,KXNFLREC-26SEP24ATLGB-ATLKPITTS8-2,Kyle Pitts Sr.: 2+,yes_bid,improve,0.85,0.0,0.84,0.86,settled,100,no,-85.0,0.23,1790323060
T-6h|KXNFLREC-26SEP24ATLGB-ATLJDOTSON4-6|no_bid|join,T-6h,1790277762,1790295300,26SEP24ATLGB,KXNFLREC,KXNFLREC-26SEP24ATLGB-ATLJDOTSON4-6,Jahan Dotson: 6+,no_bid,join,0.04,11203.0,0.01,0.04,unfilled,0.0,,,,
T-6h|KXNFLREC-26SEP24ATLGB-ATLJDOTSON4-6|yes_bid|join,T-6h,1790277762,1790295300,26SEP24ATLGB,KXNFLREC,KXNFLREC-26SEP24ATLGB-ATLJDOTSON4-6,Jahan Dotson: 6+,yes_bid,join,0.01,3333.0,0.01,0.04,unfilled,0.0,,,,
T-6h|KXNFLREC-26SEP24ATLGB-ATLJDOTSON4-6|no_bid|improve,T-6h,1790277762,1790295300,26SEP24ATLGB,KXNFLREC,KXNFLREC-26SEP24ATLGB-ATLJDOTSON4-6,Jahan Dotson: 6+,no_bid,improve,0.03,0.0,0.01,0.04,settled,100,no,3.0,0.06,1790323057
T-6h|KXNFLREC-26SEP24ATLGB-ATLJDOTSON4-6|yes_bid|improve,T-6h,1790277762,1790295300,26SEP24ATLGB,KXNFLREC,KXNFLREC-26SEP24ATLGB-ATLJDOTSON4-6,Jahan Dotson: 6+,yes_bid,improve,0.02,0.0,0.01,0.04,unfilled,0.0,,,,
T-6h|KXNFLREC-26SEP24ATLGB-ATLJDOTSON4-5|no_bid|join,T-6h,1790277762,1790295300,26SEP24ATLGB,KXNFLREC,KXNFLREC-26SEP24ATLGB-ATLJDOTSON4-5,Jahan Dotson: 5+,no_bid,join,0.06,14400.0,0.03,0.06,unfilled,0.0,,,,
T-6h|KXNFLREC-26SEP24ATLGB-ATLJDOTSON4-5|yes_bid|join,T-6h,1790277762,1790295300,26SEP24ATLGB,KXNFLREC,KXNFLREC-26SEP24ATLGB-ATLJDOTSON4-5,Jahan Dotson: 5+,yes_bid,join,0.03,1.0,0.03,0.06,unfilled,0.0,,,,
T-6h|KXNFLREC-26SEP24ATLGB-ATLJDOTSON4-5|no_bid|improve,T-6h,1790277762,1790295300,26SEP24ATLGB,KXNFLREC,KXNFLREC-26SEP24ATLGB-ATLJDOTSON4-5,Jahan Dotson: 5+,no_bid,improve,0.05,0.0,0.03,0.06,settled,100,no,5.0,0.09,1790323069
T-6h|KXNFLREC-26SEP24ATLGB-ATLJDOTSON4-5|yes_bid|improve,T-6h,1790277762,1790295300,26SEP24ATLGB,KXNFLREC,KXNFLREC-26SEP24ATLGB-ATLJDOTSON4-5,Jahan Dotson: 5+,yes_bid,improve,0.04,0.0,0.03,0.06,unfilled,0.0,,,,
T-6h|KXNFLREC-26SEP24ATLGB-ATLJDOTSON4-4|no_bid|join,T-6h,1790277762,1790295300,26SEP24ATLGB,KXNFLREC,KXNFLREC-26SEP24ATLGB-ATLJDOTSON4-4,Jahan Dotson: 4+,no_bid,join,0.14,26175.0,0.11,0.14,unfilled,0.0,,,,
T-6h|KXNFLREC-26SEP24ATLGB-ATLJDOTSON4-4|yes_bid|join,T-6h,1790277762,1790295300,26SEP24ATLGB,KXNFLREC,KXNFLREC-26SEP24ATLGB-ATLJDOTSON4-4,Jahan Dotson: 4+,yes_bid,join,0.11,4.0,0.11,0.14,unfilled,0.0,,,,
T-6h|KXNFLREC-26SEP24ATLGB-ATLJDOTSON4-4|no_bid|improve,T-6h,1790277762,1790295300,26SEP24ATLGB,KXNFLREC,KXNFLREC-26SEP24ATLGB-ATLJDOTSON4-4,Jahan Dotson: 4+,no_bid,improve,0.13,0.0,0.11,0.14,settled,100,no,13.0,0.2,1790323065
T-6h|KXNFLREC-26SEP24ATLGB-ATLJDOTSON4-4|yes_bid|improve,T-6h,1790277762,1790295300,26SEP24ATLGB,KXNFLREC,KXNFLREC-26SEP24ATLGB-ATLJDOTSON4-4,Jahan Dotson: 4+,yes_bid,improve,0.12,0.0,0.11,0.14,unfilled,0.0,,,,
T-6h|KXNFLREC-26SEP24ATLGB-ATLJDOTSON4-3|no_bid|join,T-6h,1790277762,1790295300,26SEP24ATLGB,KXNFLREC,KXNFLREC-26SEP24ATLGB-ATLJDOTSON4-3,Jahan Dotson: 3+,no_bid,join,0.29,25439.0,0.28,0.29,unfilled,0.0,,,,
T-6h|KXNFLREC-26SEP24ATLGB-ATLJDOTSON4-3|yes_bid|join,T-6h,1790277762,1790295300,26SEP24ATLGB,KXNFLREC,KXNFLREC-26SEP24ATLGB-ATLJDOTSON4-3,Jahan Dotson: 3+,yes_bid,join,0.28,59.73,0.28,0.29,unfilled,0.0,,,,
T-6h|KXNFLREC-26SEP24ATLGB-ATLJDOTSON4-2|no_bid|join,T-6h,1790277762,1790295300,26SEP24ATLGB,KXNFLREC,KXNFLREC-26SEP24ATLGB-ATLJDOTSON4-2,Jahan Dotson: 2+,no_bid,join,0.54,12316.0,0.53,0.54,unfilled,0.0,,,,
T-6h|KXNFLREC-26SEP24ATLGB-ATLJDOTSON4-2|yes_bid|join,T-6h,1790277762,1790295300,26SEP24ATLGB,KXNFLREC,KXNFLREC-26SEP24ATLGB-ATLJDOTSON4-2,Jahan Dotson: 2+,yes_bid,join,0.53,1739.9,0.53,0.54,settled,100,no,-53.0,0.44,1790323060
T-6h|KXNFLREC-26SEP24ATLGB-ATLDLONDON5-9|no_bid|join,T-6h,1790277762,1790295300,26SEP24ATLGB,KXNFLREC,KXNFLREC-26SEP24ATLGB-ATLDLONDON5-9,Drake London: 9+,no_bid,join,0.13,18119.02,0.12,0.13,unfilled,0.0,,,,
T-6h|KXNFLREC-26SEP24ATLGB-ATLDLONDON5-9|yes_bid|join,T-6h,1790277762,1790295300,26SEP24ATLGB,KXNFLREC,KXNFLREC-26SEP24ATLGB-ATLDLONDON5-9,Drake London: 9+,yes_bid,join,0.12,720.0,0.12,0.13,unfilled,0.0,,,,
T-6h|KXNFLREC-26SEP24ATLGB-ATLDLONDON5-8|no_bid|join,T-6h,1790277762,1790295300,26SEP24ATLGB,KXNFLREC,KXNFLREC-26SEP24ATLGB-ATLDLONDON5-8,Drake London: 8+,no_bid,join,0.22,18862.11,0.21,0.22,unfilled,0.0,,,,
T-6h|KXNFLREC-26SEP24ATLGB-ATLDLONDON5-8|yes_bid|join,T-6h,1790277762,1790295300,26SEP24ATLGB,KXNFLREC,KXNFLREC-26SEP24ATLGB-ATLDLONDON5-8,Drake London: 8+,yes_bid,join,0.21,275.0,0.21,0.22,unfilled,0.0,,,,
T-6h|KXNFLREC-26SEP24ATLGB-ATLDLONDON5-7|no_bid|join,T-6h,1790277762,1790295300,26SEP24ATLGB,KXNFLREC,KXNFLREC-26SEP24ATLGB-ATLDLONDON5-7,Drake London: 7+,no_bid,join,0.33,24907.14,0.32,0.33,unfilled,0.0,,,,
T-6h|KXNFLREC-26SEP24ATLGB-ATLDLONDON5-7|yes_bid|join,T-6h,1790277762,1790295300,26SEP24ATLGB,KXNFLREC,KXNFLREC-26SEP24ATLGB-ATLDLONDON5-7,Drake London: 7+,yes_bid,join,0.32,495.0,0.32,0.33,settled,100,yes,68.0,0.39,1790323059
T-6h|KXNFLREC-26SEP24ATLGB-ATLDLONDON5-6|no_bid|join,T-6h,1790277762,1790295300,26SEP24ATLGB,KXNFLREC,KXNFLREC-26SEP24ATLGB-ATLDLONDON5-6,Drake London: 6+,no_bid,join,0.47,27912.24,0.46,0.47,settled,100,yes,-53.0,0.44,1790323063
T-6h|KXNFLREC-26SEP24ATLGB-ATLDLONDON5-6|yes_bid|join,T-6h,1790277762,1790295300,26SEP24ATLGB,KXNFLREC,KXNFLREC-26SEP24ATLGB-ATLDLONDON5-6,Drake London: 6+,yes_bid,join,0.46,13566.9,0.46,0.47,unfilled,0.0,,,,
T-6h|KXNFLREC-26SEP24ATLGB-ATLDLONDON5-5|no_bid|join,T-6h,1790277762,1790295300,26SEP24ATLGB,KXNFLREC,KXNFLREC-26SEP24ATLGB-ATLDLONDON5-5,Drake London: 5+,no_bid,join,0.63,1001.0,0.62,0.63,settled,100,yes,-37.0,0.41,1790302783
T-6h|KXNFLREC-26SEP24ATLGB-ATLDLONDON5-5|yes_bid|join,T-6h,1790277762,1790295300,26SEP24ATLGB,KXNFLREC,KXNFLREC-26SEP24ATLGB-ATLDLONDON5-5,Drake London: 5+,yes_bid,join,0.62,1026.39,0.62,0.63,settled,100,yes,38.0,0.42,1790302783
T-6h|KXNFLREC-26SEP24ATLGB-ATLDLONDON5-4|no_bid|join,T-6h,1790277762,1790295300,26SEP24ATLGB,KXNFLREC,KXNFLREC-26SEP24ATLGB-ATLDLONDON5-4,Drake London: 4+,no_bid,join,0.77,2431.2,0.76,0.77,settled,100,yes,-23.0,0.31,1790302780
T-6h|KXNFLREC-26SEP24ATLGB-ATLDLONDON5-4|yes_bid|join,T-6h,1790277762,1790295300,26SEP24ATLGB,KXNFLREC,KXNFLREC-26SEP24ATLGB-ATLDLONDON5-4,Drake London: 4+,yes_bid,join,0.76,15.0,0.76,0.77,settled,100,yes,24.0,0.32,1790302780
T-6h|KXNFLREC-26SEP24ATLGB-ATLDLONDON5-3|no_bid|join,T-6h,1790277762,1790295300,26SEP24ATLGB,KXNFLREC,KXNFLREC-26SEP24ATLGB-ATLDLONDON5-3,Drake London: 3+,no_bid,join,0.88,2232.17,0.87,0.88,unfilled,0.0,,,,
T-6h|KXNFLREC-26SEP24ATLGB-ATLDLONDON5-3|yes_bid|join,T-6h,1790277762,1790295300,26SEP24ATLGB,KXNFLREC,KXNFLREC-26SEP24ATLGB-ATLDLONDON5-3,Drake London: 3+,yes_bid,join,0.87,50.01,0.87,0.88,settled,58.99,yes,7.67,0.12,1790302776
T-6h|KXNFLREC-26SEP24ATLGB-ATLDLONDON5-11|no_bid|join,T-6h,1790277762,1790295300,26SEP24ATLGB,KXNFLREC,KXNFLREC-26SEP24ATLGB-ATLDLONDON5-11,Drake London: 11+,no_bid,join,0.05,140.0,0.03,0.05,settled,100,no,5.0,0.09,1790323060
T-6h|KXNFLREC-26SEP24ATLGB-ATLDLONDON5-11|yes_bid|join,T-6h,1790277762,1790295300,26SEP24ATLGB,KXNFLREC,KXNFLREC-26SEP24ATLGB-ATLDLONDON5-11,Drake London: 11+,yes_bid,join,0.03,73.22,0.03,0.05,unfilled,0.0,,,,
T-6h|KXNFLREC-26SEP24ATLGB-ATLDLONDON5-11|no_bid|improve,T-6h,1790277762,1790295300,26SEP24ATLGB,KXNFLREC,KXNFLREC-26SEP24ATLGB-ATLDLONDON5-11,Drake London: 11+,no_bid,improve,0.04,0.0,0.03,0.05,settled,100,no,4.0,0.07,1790323060
T-6h|KXNFLREC-26SEP24ATLGB-ATLDLONDON5-11|yes_bid|improve,T-6h,1790277762,1790295300,26SEP24ATLGB,KXNFLREC,KXNFLREC-26SEP24ATLGB-ATLDLONDON5-11,Drake London: 11+,yes_bid,improve,0.04,0.0,0.03,0.05,unfilled,0.0,,,,
T-6h|KXNFLREC-26SEP24ATLGB-ATLDLONDON5-10|no_bid|join,T-6h,1790277762,1790295300,26SEP24ATLGB,KXNFLREC,KXNFLREC-26SEP24ATLGB-ATLDLONDON5-10,Drake London: 10+,no_bid,join,0.08,18192.52,0.07,0.08,unfilled,0.0,,,,
T-6h|KXNFLREC-26SEP24ATLGB-ATLDLONDON5-10|yes_bid|join,T-6h,1790277762,1790295300,26SEP24ATLGB,KXNFLREC,KXNFLREC-26SEP24ATLGB-ATLDLONDON5-10,Drake London: 10+,yes_bid,join,0.07,220.0,0.07,0.08,unfilled,0.0,,,,
T-6h|KXNFLREC-26SEP24ATLGB-ATLBROBINSON7-9|no_bid|join,T-6h,1790277762,1790295300,26SEP24ATLGB,KXNFLREC,KXNFLREC-26SEP24ATLGB-ATLBROBINSON7-9,Bijan Robinson: 9+,no_bid,join,0.1,450.18,0.08,0.1,unfilled,0.0,,,,
T-6h|KXNFLREC-26SEP24ATLGB-ATLBROBINSON7-9|yes_bid|join,T-6h,1790277762,1790295300,26SEP24ATLGB,KXNFLREC,KXNFLREC-26SEP24ATLGB-ATLBROBINSON7-9,Bijan Robinson: 9+,yes_bid,join,0.08,15.0,0.08,0.1,unfilled,0.0,,,,
T-6h|KXNFLREC-26SEP24ATLGB-ATLBROBINSON7-9|no_bid|improve,T-6h,1790277762,1790295300,26SEP24ATLGB,KXNFLREC,KXNFLREC-26SEP24ATLGB-ATLBROBINSON7-9,Bijan Robinson: 9+,no_bid,improve,0.09,0.0,0.08,0.1,settled,100,no,9.0,0.15,1790323054
T-6h|KXNFLREC-26SEP24ATLGB-ATLBROBINSON7-9|yes_bid|improve,T-6h,1790277762,1790295300,26SEP24ATLGB,KXNFLREC,KXNFLREC-26SEP24ATLGB-ATLBROBINSON7-9,Bijan Robinson: 9+,yes_bid,improve,0.09,0.0,0.08,0.1,unfilled,0.0,,,,
T-6h|KXNFLREC-26SEP24ATLGB-ATLBROBINSON7-8|no_bid|join,T-6h,1790277762,1790295300,26SEP24ATLGB,KXNFLREC,KXNFLREC-26SEP24ATLGB-ATLBROBINSON7-8,Bijan Robinson: 8+,no_bid,join,0.16,470.0,0.13,0.16,unfilled,0.0,,,,
T-6h|KXNFLREC-26SEP24ATLGB-ATLBROBINSON7-8|yes_bid|join,T-6h,1790277762,1790295300,26SEP24ATLGB,KXNFLREC,KXNFLREC-26SEP24ATLGB-ATLBROBINSON7-8,Bijan Robinson: 8+,yes_bid,join,0.13,1420.0,0.13,0.16,unfilled,0.0,,,,
T-6h|KXNFLREC-26SEP24ATLGB-ATLBROBINSON7-8|no_bid|improve,T-6h,1790277762,1790295300,26SEP24ATLGB,KXNFLREC,KXNFLREC-26SEP24ATLGB-ATLBROBINSON7-8,Bijan Robinson: 8+,no_bid,improve,0.15,0.0,0.13,0.16,settled,100,no,15.0,0.23,1790323060
T-6h|KXNFLREC-26SEP24ATLGB-ATLBROBINSON7-8|yes_bid|improve,T-6h,1790277762,1790295300,26SEP24ATLGB,KXNFLREC,KXNFLREC-26SEP24ATLGB-ATLBROBINSON7-8,Bijan Robinson: 8+,yes_bid,improve,0.14,0.0,0.13,0.16,settled,4.0,no,-0.56,0.01,1790323060
T-6h|KXNFLREC-26SEP24ATLGB-ATLBROBINSON7-7|no_bid|join,T-6h,1790277762,1790295300,26SEP24ATLGB,KXNFLREC,KXNFLREC-26SEP24ATLGB-ATLBROBINSON7-7,Bijan Robinson: 7+,no_bid,join,0.25,71.0,0.24,0.25,settled,100,no,25.0,0.33,1790323057
T-6h|KXNFLREC-26SEP24ATLGB-ATLBROBINSON7-7|yes_bid|join,T-6h,1790277762,1790295300,26SEP24ATLGB,KXNFLREC,KXNFLREC-26SEP24ATLGB-ATLBROBINSON7-7,Bijan Robinson: 7+,yes_bid,join,0.24,2182.0,0.24,0.25,unfilled,0.0,,,,
T-6h|KXNFLREC-26SEP24ATLGB-ATLBROBINSON7-6|no_bid|join,T-6h,1790277762,1790295300,26SEP24ATLGB,KXNFLREC,KXNFLREC-26SEP24ATLGB-ATLBROBINSON7-6,Bijan Robinson: 6+,no_bid,join,0.39,23997.05,0.38,0.39,settled,100,no,39.0,0.42,1790323067
T-6h|KXNFLREC-26SEP24ATLGB-ATLBROBINSON7-6|yes_bid|join,T-6h,1790277762,1790295300,26SEP24ATLGB,KXNFLREC,KXNFLREC-26SEP24ATLGB-ATLBROBINSON7-6,Bijan Robinson: 6+,yes_bid,join,0.38,2022.0,0.38,0.39,settled,100,no,-38.0,0.42,1790323067
T-6h|KXNFLREC-26SEP24ATLGB-ATLBROBINSON7-5|no_bid|join,T-6h,1790277762,1790295300,26SEP24ATLGB,KXNFLREC,KXNFLREC-26SEP24ATLGB-ATLBROBINSON7-5,Bijan Robinson: 5+,no_bid,join,0.53,15399.43,0.52,0.53,unfilled,0.0,,,,
T-6h|KXNFLREC-26SEP24ATLGB-ATLBROBINSON7-5|yes_bid|join,T-6h,1790277762,1790295300,26SEP24ATLGB,KXNFLREC,KXNFLREC-26SEP24ATLGB-ATLBROBINSON7-5,Bijan Robinson: 5+,yes_bid,join,0.52,2836.98,0.52,0.53,settled,100,no,-52.0,0.44,1790323057
T-6h|KXNFLREC-26SEP24ATLGB-ATLBROBINSON7-4|no_bid|join,T-6h,1790277762,1790295300,26SEP24ATLGB,KXNFLREC,KXNFLREC-26SEP24ATLGB-ATLBROBINSON7-4,Bijan Robinson: 4+,no_bid,join,0.69,210.63,0.68,0.69,settled,100,no,69.0,0.38,1790323068
T-6h|KXNFLREC-26SEP24ATLGB-ATLBROBINSON7-4|yes_bid|join,T-6h,1790277762,1790295300,26SEP24ATLGB,KXNFLREC,KXNFLREC-26SEP24ATLGB-ATLBROBINSON7-4,Bijan Robinson: 4+,yes_bid,join,0.68,450.0,0.68,0.69,settled,100,no,-68.0,0.39,1790323068
T-6h|KXNFLREC-26SEP24ATLGB-ATLBROBINSON7-3|no_bid|join,T-6h,1790277762,1790295300,26SEP24ATLGB,KXNFLREC,KXNFLREC-26SEP24ATLGB-ATLBROBINSON7-3,Bijan Robinson: 3+,no_bid,join,0.84,1126.59,0.83,0.84,unfilled,0.0,,,,
T-6h|KXNFLREC-26SEP24ATLGB-ATLBROBINSON7-3|yes_bid|join,T-6h,1790277762,1790295300,26SEP24ATLGB,KXNFLREC,KXNFLREC-26SEP24ATLGB-ATLBROBINSON7-3,Bijan Robinson: 3+,yes_bid,join,0.83,304.0,0.83,0.84,settled,100,no,-83.0,0.25,1790323067
T-6h|KXNFLREC-26SEP24ATLGB-ATLBROBINSON7-11|no_bid|join,T-6h,1790277762,1790295300,26SEP24ATLGB,KXNFLREC,KXNFLREC-26SEP24ATLGB-ATLBROBINSON7-11,Bijan Robinson: 11+,no_bid,join,0.04,11500.0,0.01,0.04,unfilled,0.0,,,,
T-6h|KXNFLREC-26SEP24ATLGB-ATLBROBINSON7-11|yes_bid|join,T-6h,1790277762,1790295300,26SEP24ATLGB,KXNFLREC,KXNFLREC-26SEP24ATLGB-ATLBROBINSON7-11,Bijan Robinson: 11+,yes_bid,join,0.01,5833.0,0.01,0.04,unfilled,0.0,,,,
T-6h|KXNFLREC-26SEP24ATLGB-ATLBROBINSON7-11|no_bid|improve,T-6h,1790277762,1790295300,26SEP24ATLGB,KXNFLREC,KXNFLREC-26SEP24ATLGB-ATLBROBINSON7-11,Bijan Robinson: 11+,no_bid,improve,0.03,0.0,0.01,0.04,settled,100,no,3.0,0.06,1790323067
T-6h|KXNFLREC-26SEP24ATLGB-ATLBROBINSON7-11|yes_bid|improve,T-6h,1790277762,1790295300,26SEP24ATLGB,KXNFLREC,KXNFLREC-26SEP24ATLGB-ATLBROBINSON7-11,Bijan Robinson: 11+,yes_bid,improve,0.02,0.0,0.01,0.04,unfilled,0.0,,,,
T-6h|KXNFLREC-26SEP24ATLGB-ATLBROBINSON7-10|no_bid|join,T-6h,1790277762,1790295300,26SEP24ATLGB,KXNFLREC,KXNFLREC-26SEP24ATLGB-ATLBROBINSON7-10,Bijan Robinson: 10+,no_bid,join,0.06,296.0,0.04,0.06,unfilled,0.0,,,,
T-6h|KXNFLREC-26SEP24ATLGB-ATLBROBINSON7-10|yes_bid|join,T-6h,1790277762,1790295300,26SEP24ATLGB,KXNFLREC,KXNFLREC-26SEP24ATLGB-ATLBROBINSON7-10,Bijan Robinson: 10+,yes_bid,join,0.04,169.11,0.04,0.06,unfilled,0.0,,,,
T-6h|KXNFLREC-26SEP24ATLGB-ATLBROBINSON7-10|no_bid|improve,T-6h,1790277762,1790295300,26SEP24ATLGB,KXNFLREC,KXNFLREC-26SEP24ATLGB-ATLBROBINSON7-10,Bijan Robinson: 10+,no_bid,improve,0.05,0.0,0.04,0.06,unfilled,0.0,,,,
T-6h|KXNFLREC-26SEP24ATLGB-ATLBROBINSON7-10|yes_bid|improve,T-6h,1790277762,1790295300,26SEP24ATLGB,KXNFLREC,KXNFLREC-26SEP24ATLGB-ATLBROBINSON7-10,Bijan Robinson: 10+,yes_bid,improve,0.05,0.0,0.04,0.06,unfilled,0.0,,,,
T-6h|KXNFLRSHYDS-26SEP24ATLGB-ATLMPENIX9-30|no_bid|join,T-6h,1790277762,1790295300,26SEP24ATLGB,KXNFLRSHYDS,KXNFLRSHYDS-26SEP24ATLGB-ATLMPENIX9-30,Michael Penix Jr.: 30+,no_bid,join,0.05,11000.0,0.04,0.05,settled,100,no,5.0,0.09,1790323056
T-6h|KXNFLRSHYDS-26SEP24ATLGB-ATLMPENIX9-30|yes_bid|join,T-6h,1790277762,1790295300,26SEP24ATLGB,KXNFLRSHYDS,KXNFLRSHYDS-26SEP24ATLGB-ATLMPENIX9-30,Michael Penix Jr.: 30+,yes_bid,join,0.04,1004.0,0.04,0.05,settled,100,no,-4.0,0.07,1790323056
T-6h|KXNFLRSHYDS-26SEP24ATLGB-ATLMPENIX9-25|no_bid|join,T-6h,1790277762,1790295300,26SEP24ATLGB,KXNFLRSHYDS,KXNFLRSHYDS-26SEP24ATLGB-ATLMPENIX9-25,Michael Penix Jr.: 25+,no_bid,join,0.08,21350.0,0.06,0.08,settled,100,no,8.0,0.13,1790323071
T-6h|KXNFLRSHYDS-26SEP24ATLGB-ATLMPENIX9-25|yes_bid|join,T-6h,1790277762,1790295300,26SEP24ATLGB,KXNFLRSHYDS,KXNFLRSHYDS-26SEP24ATLGB-ATLMPENIX9-25,Michael Penix Jr.: 25+,yes_bid,join,0.06,1004.0,0.06,0.08,unfilled,0.0,,,,
T-6h|KXNFLRSHYDS-26SEP24ATLGB-ATLMPENIX9-25|no_bid|improve,T-6h,1790277762,1790295300,26SEP24ATLGB,KXNFLRSHYDS,KXNFLRSHYDS-26SEP24ATLGB-ATLMPENIX9-25,Michael Penix Jr.: 25+,no_bid,improve,0.07,0.0,0.06,0.08,settled,100,no,7.0,0.12,1790323071
T-6h|KXNFLRSHYDS-26SEP24ATLGB-ATLMPENIX9-25|yes_bid|improve,T-6h,1790277762,1790295300,26SEP24ATLGB,KXNFLRSHYDS,KXNFLRSHYDS-26SEP24ATLGB-ATLMPENIX9-25,Michael Penix Jr.: 25+,yes_bid,improve,0.07,0.0,0.06,0.08,unfilled,0.0,,,,
T-6h|KXNFLRSHYDS-26SEP24ATLGB-ATLMPENIX9-20|no_bid|join,T-6h,1790277762,1790295300,26SEP24ATLGB,KXNFLRSHYDS,KXNFLRSHYDS-26SEP24ATLGB-ATLMPENIX9-20,Michael Penix Jr.: 20+,no_bid,join,0.13,25762.47,0.11,0.13,settled,100,no,13.0,0.2,1790323060
T-6h|KXNFLRSHYDS-26SEP24ATLGB-ATLMPENIX9-20|yes_bid|join,T-6h,1790277762,1790295300,26SEP24ATLGB,KXNFLRSHYDS,KXNFLRSHYDS-26SEP24ATLGB-ATLMPENIX9-20,Michael Penix Jr.: 20+,yes_bid,join,0.11,8.0,0.11,0.13,settled,100,no,-11.0,0.18,1790323060
T-6h|KXNFLRSHYDS-26SEP24ATLGB-ATLMPENIX9-20|no_bid|improve,T-6h,1790277762,1790295300,26SEP24ATLGB,KXNFLRSHYDS,KXNFLRSHYDS-26SEP24ATLGB-ATLMPENIX9-20,Michael Penix Jr.: 20+,no_bid,improve,0.12,0.0,0.11,0.13,settled,100,no,12.0,0.19,1790323060
T-6h|KXNFLRSHYDS-26SEP24ATLGB-ATLMPENIX9-20|yes_bid|improve,T-6h,1790277762,1790295300,26SEP24ATLGB,KXNFLRSHYDS,KXNFLRSHYDS-26SEP24ATLGB-ATLMPENIX9-20,Michael Penix Jr.: 20+,yes_bid,improve,0.12,0.0,0.11,0.13,settled,100,no,-12.0,0.19,1790323060
T-6h|KXNFLRSHYDS-26SEP24ATLGB-ATLMPENIX9-15|no_bid|join,T-6h,1790277762,1790295300,26SEP24ATLGB,KXNFLRSHYDS,KXNFLRSHYDS-26SEP24ATLGB-ATLMPENIX9-15,Michael Penix Jr.: 15+,no_bid,join,0.19,13436.12,0.18,0.19,unfilled,0.0,,,,
T-6h|KXNFLRSHYDS-26SEP24ATLGB-ATLMPENIX9-15|yes_bid|join,T-6h,1790277762,1790295300,26SEP24ATLGB,KXNFLRSHYDS,KXNFLRSHYDS-26SEP24ATLGB-ATLMPENIX9-15,Michael Penix Jr.: 15+,yes_bid,join,0.18,4070.6,0.18,0.19,unfilled,0.0,,,,
T-6h|KXNFLRSHYDS-26SEP24ATLGB-ATLMPENIX9-10|no_bid|join,T-6h,1790277762,1790295300,26SEP24ATLGB,KXNFLRSHYDS,KXNFLRSHYDS-26SEP24ATLGB-ATLMPENIX9-10,Michael Penix Jr.: 10+,no_bid,join,0.31,13264.23,0.3,0.31,settled,100,no,31.0,0.38,1790323060
T-6h|KXNFLRSHYDS-26SEP24ATLGB-ATLMPENIX9-10|yes_bid|join,T-6h,1790277762,1790295300,26SEP24ATLGB,KXNFLRSHYDS,KXNFLRSHYDS-26SEP24ATLGB-ATLMPENIX9-10,Michael Penix Jr.: 10+,yes_bid,join,0.3,9200.0,0.3,0.31,unfilled,0.0,,,,
T-6h|KXNFLRSHYDS-26SEP24ATLGB-GBKJOHNSON26-90|no_bid|join,T-6h,1790277762,1790295300,26SEP24ATLGB,KXNFLRSHYDS,KXNFLRSHYDS-26SEP24ATLGB-GBKJOHNSON26-90,Kaleb Johnson: 90+,no_bid,join,0.08,9980.0,0.07,0.08,settled,100,no,8.0,0.13,1790323060
T-6h|KXNFLRSHYDS-26SEP24ATLGB-GBKJOHNSON26-90|yes_bid|join,T-6h,1790277762,1790295300,26SEP24ATLGB,KXNFLRSHYDS,KXNFLRSHYDS-26SEP24ATLGB-GBKJOHNSON26-90,Kaleb Johnson: 90+,yes_bid,join,0.07,720.0,0.07,0.08,unfilled,0.0,,,,
T-6h|KXNFLRSHYDS-26SEP24ATLGB-GBKJOHNSON26-80|no_bid|join,T-6h,1790277762,1790295300,26SEP24ATLGB,KXNFLRSHYDS,KXNFLRSHYDS-26SEP24ATLGB-GBKJOHNSON26-80,Kaleb Johnson: 80+,no_bid,join,0.1,49.4,0.09,0.1,settled,100,no,10.0,0.16,1790323058
T-6h|KXNFLRSHYDS-26SEP24ATLGB-GBKJOHNSON26-80|yes_bid|join,T-6h,1790277762,1790295300,26SEP24ATLGB,KXNFLRSHYDS,KXNFLRSHYDS-26SEP24ATLGB-GBKJOHNSON26-80,Kaleb Johnson: 80+,yes_bid,join,0.09,230.0,0.09,0.1,settled,100,no,-9.0,0.15,1790323058
T-6h|KXNFLRSHYDS-26SEP24ATLGB-GBKJOHNSON26-70|no_bid|join,T-6h,1790277762,1790295300,26SEP24ATLGB,KXNFLRSHYDS,KXNFLRSHYDS-26SEP24ATLGB-GBKJOHNSON26-70,Kaleb Johnson: 70+,no_bid,join,0.16,951.19,0.14,0.16,settled,100,no,16.0,0.24,1790323062
T-6h|KXNFLRSHYDS-26SEP24ATLGB-GBKJOHNSON26-70|yes_bid|join,T-6h,1790277762,1790295300,26SEP24ATLGB,KXNFLRSHYDS,KXNFLRSHYDS-26SEP24ATLGB-GBKJOHNSON26-70,Kaleb Johnson: 70+,yes_bid,join,0.14,55.0,0.14,0.16,unfilled,0.0,,,,
T-6h|KXNFLRSHYDS-26SEP24ATLGB-GBKJOHNSON26-70|no_bid|improve,T-6h,1790277762,1790295300,26SEP24ATLGB,KXNFLRSHYDS,KXNFLRSHYDS-26SEP24ATLGB-GBKJOHNSON26-70,Kaleb Johnson: 70+,no_bid,improve,0.15,0.0,0.14,0.16,settled,100,no,15.0,0.23,1790323062
T-6h|KXNFLRSHYDS-26SEP24ATLGB-GBKJOHNSON26-70|yes_bid|improve,T-6h,1790277762,1790295300,26SEP24ATLGB,KXNFLRSHYDS,KXNFLRSHYDS-26SEP24ATLGB-GBKJOHNSON26-70,Kaleb Johnson: 70+,yes_bid,improve,0.15,0.0,0.14,0.16,unfilled,0.0,,,,
T-6h|KXNFLRSHYDS-26SEP24ATLGB-GBKJOHNSON26-60|no_bid|join,T-6h,1790277762,1790295300,26SEP24ATLGB,KXNFLRSHYDS,KXNFLRSHYDS-26SEP24ATLGB-GBKJOHNSON26-60,Kaleb Johnson: 60+,no_bid,join,0.22,2.0,0.21,0.22,settled,100,no,22.0,0.31,1790323070
T-6h|KXNFLRSHYDS-26SEP24ATLGB-GBKJOHNSON26-60|yes_bid|join,T-6h,1790277762,1790295300,26SEP24ATLGB,KXNFLRSHYDS,KXNFLRSHYDS-26SEP24ATLGB-GBKJOHNSON26-60,Kaleb Johnson: 60+,yes_bid,join,0.21,13.0,0.21,0.22,settled,100,no,-21.0,0.3,1790323070
T-6h|KXNFLRSHYDS-26SEP24ATLGB-GBKJOHNSON26-50|no_bid|join,T-6h,1790277762,1790295300,26SEP24ATLGB,KXNFLRSHYDS,KXNFLRSHYDS-26SEP24ATLGB-GBKJOHNSON26-50,Kaleb Johnson: 50+,no_bid,join,0.34,13192.33,0.33,0.34,unfilled,0.0,,,,
T-6h|KXNFLRSHYDS-26SEP24ATLGB-GBKJOHNSON26-50|yes_bid|join,T-6h,1790277762,1790295300,26SEP24ATLGB,KXNFLRSHYDS,KXNFLRSHYDS-26SEP24ATLGB-GBKJOHNSON26-50,Kaleb Johnson: 50+,yes_bid,join,0.33,4618.6,0.33,0.34,unfilled,0.0,,,,
T-6h|KXNFLRSHYDS-26SEP24ATLGB-GBKJOHNSON26-40|no_bid|join,T-6h,1790277762,1790295300,26SEP24ATLGB,KXNFLRSHYDS,KXNFLRSHYDS-26SEP24ATLGB-GBKJOHNSON26-40,Kaleb Johnson: 40+,no_bid,join,0.49,25911.56,0.48,0.49,settled,100,no,49.0,0.44,1790323062
T-6h|KXNFLRSHYDS-26SEP24ATLGB-GBKJOHNSON26-40|yes_bid|join,T-6h,1790277762,1790295300,26SEP24ATLGB,KXNFLRSHYDS,KXNFLRSHYDS-26SEP24ATLGB-GBKJOHNSON26-40,Kaleb Johnson: 40+,yes_bid,join,0.48,5794.41,0.48,0.49,unfilled,0.0,,,,
T-6h|KXNFLRSHYDS-26SEP24ATLGB-GBKJOHNSON26-30|no_bid|join,T-6h,1790277762,1790295300,26SEP24ATLGB,KXNFLRSHYDS,KXNFLRSHYDS-26SEP24ATLGB-GBKJOHNSON26-30,Kaleb Johnson: 30+,no_bid,join,0.64,15041.93,0.63,0.64,unfilled,0.0,,,,
T-6h|KXNFLRSHYDS-26SEP24ATLGB-GBKJOHNSON26-30|yes_bid|join,T-6h,1790277762,1790295300,26SEP24ATLGB,KXNFLRSHYDS,KXNFLRSHYDS-26SEP24ATLGB-GBKJOHNSON26-30,Kaleb Johnson: 30+,yes_bid,join,0.63,6924.64,0.63,0.64,unfilled,0.0,,,,
T-6h|KXNFLRSHYDS-26SEP24ATLGB-GBKJOHNSON26-25|no_bid|join,T-6h,1790277762,1790295300,26SEP24ATLGB,KXNFLRSHYDS,KXNFLRSHYDS-26SEP24ATLGB-GBKJOHNSON26-25,Kaleb Johnson: 25+,no_bid,join,0.72,15485.0,0.71,0.72,unfilled,0.0,,,,
T-6h|KXNFLRSHYDS-26SEP24ATLGB-GBKJOHNSON26-25|yes_bid|join,T-6h,1790277762,1790295300,26SEP24ATLGB,KXNFLRSHYDS,KXNFLRSHYDS-26SEP24ATLGB-GBKJOHNSON26-25,Kaleb Johnson: 25+,yes_bid,join,0.71,667.15,0.71,0.72,settled,100,no,-71.0,0.37,1790323066
T-6h|KXNFLRSHYDS-26SEP24ATLGB-GBKJOHNSON26-20|no_bid|join,T-6h,1790277762,1790295300,26SEP24ATLGB,KXNFLRSHYDS,KXNFLRSHYDS-26SEP24ATLGB-GBKJOHNSON26-20,Kaleb Johnson: 20+,no_bid,join,0.79,14066.0,0.78,0.79,unfilled,0.0,,,,
T-6h|KXNFLRSHYDS-26SEP24ATLGB-GBKJOHNSON26-20|yes_bid|join,T-6h,1790277762,1790295300,26SEP24ATLGB,KXNFLRSHYDS,KXNFLRSHYDS-26SEP24ATLGB-GBKJOHNSON26-20,Kaleb Johnson: 20+,yes_bid,join,0.78,678.0,0.78,0.79,settled,100,no,-78.0,0.31,1790323071
T-6h|KXNFLRSHYDS-26SEP24ATLGB-GBKJOHNSON26-15|no_bid|join,T-6h,1790277762,1790295300,26SEP24ATLGB,KXNFLRSHYDS,KXNFLRSHYDS-26SEP24ATLGB-GBKJOHNSON26-15,Kaleb Johnson: 15+,no_bid,join,0.86,14892.0,0.85,0.86,unfilled,0.0,,,,
T-6h|KXNFLRSHYDS-26SEP24ATLGB-GBKJOHNSON26-15|yes_bid|join,T-6h,1790277762,1790295300,26SEP24ATLGB,KXNFLRSHYDS,KXNFLRSHYDS-26SEP24ATLGB-GBKJOHNSON26-15,Kaleb Johnson: 15+,yes_bid,join,0.85,1700.0,0.85,0.86,settled,100,no,-85.0,0.23,1790323066
T-6h|KXNFLRSHYDS-26SEP24ATLGB-GBCBROOKS30-60|no_bid|join,T-6h,1790277762,1790295300,26SEP24ATLGB,KXNFLRSHYDS,KXNFLRSHYDS-26SEP24ATLGB-GBCBROOKS30-60,Chris Brooks: 60+,no_bid,join,0.04,11014.02,0.03,0.04,unfilled,0.0,,,,
T-6h|KXNFLRSHYDS-26SEP24ATLGB-GBCBROOKS30-60|yes_bid|join,T-6h,1790277762,1790295300,26SEP24ATLGB,KXNFLRSHYDS,KXNFLRSHYDS-26SEP24ATLGB-GBCBROOKS30-60,Chris Brooks: 60+,yes_bid,join,0.03,6.96,0.03,0.04,settled,100,no,-3.0,0.06,1790323067
T-6h|KXNFLRSHYDS-26SEP24ATLGB-GBCBROOKS30-50|no_bid|join,T-6h,1790277762,1790295300,26SEP24ATLGB,KXNFLRSHYDS,KXNFLRSHYDS-26SEP24ATLGB-GBCBROOKS30-50,Chris Brooks: 50+,no_bid,join,0.08,14414.26,0.07,0.08,unfilled,0.0,,,,
T-6h|KXNFLRSHYDS-26SEP24ATLGB-GBCBROOKS30-50|yes_bid|join,T-6h,1790277762,1790295300,26SEP24ATLGB,KXNFLRSHYDS,KXNFLRSHYDS-26SEP24ATLGB-GBCBROOKS30-50,Chris Brooks: 50+,yes_bid,join,0.07,69.0,0.07,0.08,settled,100,no,-7.0,0.12,1790323067
T-6h|KXNFLRSHYDS-26SEP24ATLGB-GBCBROOKS30-40|no_bid|join,T-6h,1790277762,1790295300,26SEP24ATLGB,KXNFLRSHYDS,KXNFLRSHYDS-26SEP24ATLGB-GBCBROOKS30-40,Chris Brooks: 40+,no_bid,join,0.1,7430.22,0.09,0.1,settled,100,no,10.0,0.16,1790323065
T-6h|KXNFLRSHYDS-26SEP24ATLGB-GBCBROOKS30-40|yes_bid|join,T-6h,1790277762,1790295300,26SEP24ATLGB,KXNFLRSHYDS,KXNFLRSHYDS-26SEP24ATLGB-GBCBROOKS30-40,Chris Brooks: 40+,yes_bid,join,0.09,72.53,0.09,0.1,unfilled,0.0,,,,
T-6h|KXNFLRSHYDS-26SEP24ATLGB-GBCBROOKS30-30|no_bid|join,T-6h,1790277762,1790295300,26SEP24ATLGB,KXNFLRSHYDS,KXNFLRSHYDS-26SEP24ATLGB-GBCBROOKS30-30,Chris Brooks: 30+,no_bid,join,0.21,13545.0,0.2,0.21,unfilled,0.0,,,,
T-6h|KXNFLRSHYDS-26SEP24ATLGB-GBCBROOKS30-30|yes_bid|join,T-6h,1790277762,1790295300,26SEP24ATLGB,KXNFLRSHYDS,KXNFLRSHYDS-26SEP24ATLGB-GBCBROOKS30-30,Chris Brooks: 30+,yes_bid,join,0.2,5.0,0.2,0.21,settled,100,no,-20.0,0.29,1790323059
T-6h|KXNFLRSHYDS-26SEP24ATLGB-GBCBROOKS30-25|no_bid|join,T-6h,1790277762,1790295300,26SEP24ATLGB,KXNFLRSHYDS,KXNFLRSHYDS-26SEP24ATLGB-GBCBROOKS30-25,Chris Brooks: 25+,no_bid,join,0.27,14138.72,0.26,0.27,unfilled,0.0,,,,
T-6h|KXNFLRSHYDS-26SEP24ATLGB-GBCBROOKS30-25|yes_bid|join,T-6h,1790277762,1790295300,26SEP24ATLGB,KXNFLRSHYDS,KXNFLRSHYDS-26SEP24ATLGB-GBCBROOKS30-25,Chris Brooks: 25+,yes_bid,join,0.26,757.0,0.26,0.27,unfilled,0.0,,,,
T-6h|KXNFLRSHYDS-26SEP24ATLGB-GBCBROOKS30-20|no_bid|join,T-6h,1790277762,1790295300,26SEP24ATLGB,KXNFLRSHYDS,KXNFLRSHYDS-26SEP24ATLGB-GBCBROOKS30-20,Chris Brooks: 20+,no_bid,join,0.37,9780.0,0.36,0.37,unfilled,0.0,,,,
T-6h|KXNFLRSHYDS-26SEP24ATLGB-GBCBROOKS30-20|yes_bid|join,T-6h,1790277762,1790295300,26SEP24ATLGB,KXNFLRSHYDS,KXNFLRSHYDS-26SEP24ATLGB-GBCBROOKS30-20,Chris Brooks: 20+,yes_bid,join,0.36,943.52,0.36,0.37,unfilled,0.0,,,,
T-6h|KXNFLRSHYDS-26SEP24ATLGB-GBCBROOKS30-15|no_bid|join,T-6h,1790277762,1790295300,26SEP24ATLGB,KXNFLRSHYDS,KXNFLRSHYDS-26SEP24ATLGB-GBCBROOKS30-15,Chris Brooks: 15+,no_bid,join,0.51,44272.87,0.5,0.51,unfilled,0.0,,,,
T-6h|KXNFLRSHYDS-26SEP24ATLGB-GBCBROOKS30-15|yes_bid|join,T-6h,1790277762,1790295300,26SEP24ATLGB,KXNFLRSHYDS,KXNFLRSHYDS-26SEP24ATLGB-GBCBROOKS30-15,Chris Brooks: 15+,yes_bid,join,0.5,8740.74,0.5,0.51,settled,100,no,-50.0,0.44,1790323069
T-6h|KXNFLRSHYDS-26SEP24ATLGB-GBCBROOKS30-10|no_bid|join,T-6h,1790277762,1790295300,26SEP24ATLGB,KXNFLRSHYDS,KXNFLRSHYDS-26SEP24ATLGB-GBCBROOKS30-10,Chris Brooks: 10+,no_bid,join,0.64,11139.0,0.63,0.64,unfilled,0.0,,,,
T-6h|KXNFLRSHYDS-26SEP24ATLGB-GBCBROOKS30-10|yes_bid|join,T-6h,1790277762,1790295300,26SEP24ATLGB,KXNFLRSHYDS,KXNFLRSHYDS-26SEP24ATLGB-GBCBROOKS30-10,Chris Brooks: 10+,yes_bid,join,0.63,900.0,0.63,0.64,settled,100,no,-63.0,0.41,1790323063
T-6h|KXNFLRSHYDS-26SEP24ATLGB-ATLBROBINSON15-70|no_bid|join,T-6h,1790277762,1790295300,26SEP24ATLGB,KXNFLRSHYDS,KXNFLRSHYDS-26SEP24ATLGB-ATLBROBINSON15-70,Brian Robinson: 70+,no_bid,join,0.05,6.0,0.03,0.05,settled,100,no,5.0,0.09,1790323070
T-6h|KXNFLRSHYDS-26SEP24ATLGB-ATLBROBINSON15-70|yes_bid|join,T-6h,1790277762,1790295300,26SEP24ATLGB,KXNFLRSHYDS,KXNFLRSHYDS-26SEP24ATLGB-ATLBROBINSON15-70,Brian Robinson: 70+,yes_bid,join,0.03,34.0,0.03,0.05,settled,100,no,-3.0,0.06,1790323070
T-6h|KXNFLRSHYDS-26SEP24ATLGB-ATLBROBINSON15-70|no_bid|improve,T-6h,1790277762,1790295300,26SEP24ATLGB,KXNFLRSHYDS,KXNFLRSHYDS-26SEP24ATLGB-ATLBROBINSON15-70,Brian Robinson: 70+,no_bid,improve,0.04,0.0,0.03,0.05,settled,100,no,4.0,0.07,1790323070
T-6h|KXNFLRSHYDS-26SEP24ATLGB-ATLBROBINSON15-70|yes_bid|improve,T-6h,1790277762,1790295300,26SEP24ATLGB,KXNFLRSHYDS,KXNFLRSHYDS-26SEP24ATLGB-ATLBROBINSON15-70,Brian Robinson: 70+,yes_bid,improve,0.04,0.0,0.03,0.05,settled,100,no,-4.0,0.07,1790323070
T-6h|KXNFLRSHYDS-26SEP24ATLGB-ATLBROBINSON15-60|no_bid|join,T-6h,1790277762,1790295300,26SEP24ATLGB,KXNFLRSHYDS,KXNFLRSHYDS-26SEP24ATLGB-ATLBROBINSON15-60,Brian Robinson: 60+,no_bid,join,0.08,74.0,0.04,0.08,settled,100,no,8.0,0.13,1790323066
T-6h|KXNFLRSHYDS-26SEP24ATLGB-ATLBROBINSON15-60|yes_bid|join,T-6h,1790277762,1790295300,26SEP24ATLGB,KXNFLRSHYDS,KXNFLRSHYDS-26SEP24ATLGB-ATLBROBINSON15-60,Brian Robinson: 60+,yes_bid,join,0.04,524.0,0.04,0.08,unfilled,0.0,,,,
T-6h|KXNFLRSHYDS-26SEP24ATLGB-ATLBROBINSON15-60|no_bid|improve,T-6h,1790277762,1790295300,26SEP24ATLGB,KXNFLRSHYDS,KXNFLRSHYDS-26SEP24ATLGB-ATLBROBINSON15-60,Brian Robinson: 60+,no_bid,improve,0.07,0.0,0.04,0.08,settled,100,no,7.0,0.12,1790323066
T-6h|KXNFLRSHYDS-26SEP24ATLGB-ATLBROBINSON15-60|yes_bid|improve,T-6h,1790277762,1790295300,26SEP24ATLGB,KXNFLRSHYDS,KXNFLRSHYDS-26SEP24ATLGB-ATLBROBINSON15-60,Brian Robinson: 60+,yes_bid,improve,0.05,0.0,0.04,0.08,settled,1.0,no,-0.05,0.01,1790323066
T-6h|KXNFLRSHYDS-26SEP24ATLGB-ATLBROBINSON15-50|no_bid|join,T-6h,1790277762,1790295300,26SEP24ATLGB,KXNFLRSHYDS,KXNFLRSHYDS-26SEP24ATLGB-ATLBROBINSON15-50,Brian Robinson: 50+,no_bid,join,0.12,1461.52,0.1,0.12,settled,100,yes,-88.0,0.19,1790323070
T-6h|KXNFLRSHYDS-26SEP24ATLGB-ATLBROBINSON15-50|yes_bid|join,T-6h,1790277762,1790295300,26SEP24ATLGB,KXNFLRSHYDS,KXNFLRSHYDS-26SEP24ATLGB-ATLBROBINSON15-50,Brian Robinson: 50+,yes_bid,join,0.1,543.0,0.1,0.12,settled,100,yes,90.0,0.16,1790323070
T-6h|KXNFLRSHYDS-26SEP24ATLGB-ATLBROBINSON15-50|no_bid|improve,T-6h,1790277762,1790295300,26SEP24ATLGB,KXNFLRSHYDS,KXNFLRSHYDS-26SEP24ATLGB-ATLBROBINSON15-50,Brian Robinson: 50+,no_bid,improve,0.11,0.0,0.1,0.12,settled,100,yes,-89.0,0.18,1790323070
T-6h|KXNFLRSHYDS-26SEP24ATLGB-ATLBROBINSON15-50|yes_bid|improve,T-6h,1790277762,1790295300,26SEP24ATLGB,KXNFLRSHYDS,KXNFLRSHYDS-26SEP24ATLGB-ATLBROBINSON15-50,Brian Robinson: 50+,yes_bid,improve,0.11,0.0,0.1,0.12,settled,100,yes,89.0,0.18,1790323070
T-6h|KXNFLRSHYDS-26SEP24ATLGB-ATLBROBINSON15-40|no_bid|join,T-6h,1790277762,1790295300,26SEP24ATLGB,KXNFLRSHYDS,KXNFLRSHYDS-26SEP24ATLGB-ATLBROBINSON15-40,Brian Robinson: 40+,no_bid,join,0.21,339.08,0.19,0.21,settled,100,yes,-79.0,0.3,1790323069
T-6h|KXNFLRSHYDS-26SEP24ATLGB-ATLBROBINSON15-40|yes_bid|join,T-6h,1790277762,1790295300,26SEP24ATLGB,KXNFLRSHYDS,KXNFLRSHYDS-26SEP24ATLGB-ATLBROBINSON15-40,Brian Robinson: 40+,yes_bid,join,0.19,1133.92,0.19,0.21,unfilled,0.0,,,,
T-6h|KXNFLRSHYDS-26SEP24ATLGB-ATLBROBINSON15-40|no_bid|improve,T-6h,1790277762,1790295300,26SEP24ATLGB,KXNFLRSHYDS,KXNFLRSHYDS-26SEP24ATLGB-ATLBROBINSON15-40,Brian Robinson: 40+,no_bid,improve,0.2,0.0,0.19,0.21,settled,100,yes,-80.0,0.29,1790323069
T-6h|KXNFLRSHYDS-26SEP24ATLGB-ATLBROBINSON15-40|yes_bid|improve,T-6h,1790277762,1790295300,26SEP24ATLGB,KXNFLRSHYDS,KXNFLRSHYDS-26SEP24ATLGB-ATLBROBINSON15-40,Brian Robinson: 40+,yes_bid,improve,0.2,0.0,0.19,0.21,settled,100,yes,80.0,0.29,1790323069
T-6h|KXNFLRSHYDS-26SEP24ATLGB-ATLBROBINSON15-30|no_bid|join,T-6h,1790277762,1790295300,26SEP24ATLGB,KXNFLRSHYDS,KXNFLRSHYDS-26SEP24ATLGB-ATLBROBINSON15-30,Brian Robinson: 30+,no_bid,join,0.35,100.0,0.34,0.35,settled,100,yes,-65.0,0.4,1790323071
T-6h|KXNFLRSHYDS-26SEP24ATLGB-ATLBROBINSON15-30|yes_bid|join,T-6h,1790277762,1790295300,26SEP24ATLGB,KXNFLRSHYDS,KXNFLRSHYDS-26SEP24ATLGB-ATLBROBINSON15-30,Brian Robinson: 30+,yes_bid,join,0.34,1849.0,0.34,0.35,unfilled,0.0,,,,
T-6h|KXNFLRSHYDS-26SEP24ATLGB-ATLBROBINSON15-25|no_bid|join,T-6h,1790277762,1790295300,26SEP24ATLGB,KXNFLRSHYDS,KXNFLRSHYDS-26SEP24ATLGB-ATLBROBINSON15-25,Brian Robinson: 25+,no_bid,join,0.48,10982.79,0.47,0.48,unfilled,0.0,,,,
T-6h|KXNFLRSHYDS-26SEP24ATLGB-ATLBROBINSON15-25|yes_bid|join,T-6h,1790277762,1790295300,26SEP24ATLGB,KXNFLRSHYDS,KXNFLRSHYDS-26SEP24ATLGB-ATLBROBINSON15-25,Brian Robinson: 25+,yes_bid,join,0.47,2825.0,0.47,0.48,unfilled,0.0,,,,
T-6h|KXNFLRSHYDS-26SEP24ATLGB-ATLBROBINSON15-20|no_bid|join,T-6h,1790277762,1790295300,26SEP24ATLGB,KXNFLRSHYDS,KXNFLRSHYDS-26SEP24ATLGB-ATLBROBINSON15-20,Brian Robinson: 20+,no_bid,join,0.57,15533.59,0.56,0.57,unfilled,0.0,,,,
T-6h|KXNFLRSHYDS-26SEP24ATLGB-ATLBROBINSON15-20|yes_bid|join,T-6h,1790277762,1790295300,26SEP24ATLGB,KXNFLRSHYDS,KXNFLRSHYDS-26SEP24ATLGB-ATLBROBINSON15-20,Brian Robinson: 20+,yes_bid,join,0.56,11680.0,0.56,0.57,unfilled,0.0,,,,
T-6h|KXNFLRSHYDS-26SEP24ATLGB-ATLBROBINSON15-15|no_bid|join,T-6h,1790277762,1790295300,26SEP24ATLGB,KXNFLRSHYDS,KXNFLRSHYDS-26SEP24ATLGB-ATLBROBINSON15-15,Brian Robinson: 15+,no_bid,join,0.69,183.64,0.68,0.69,settled,100,yes,-31.0,0.38,1790323059
T-6h|KXNFLRSHYDS-26SEP24ATLGB-ATLBROBINSON15-15|yes_bid|join,T-6h,1790277762,1790295300,26SEP24ATLGB,KXNFLRSHYDS,KXNFLRSHYDS-26SEP24ATLGB-ATLBROBINSON15-15,Brian Robinson: 15+,yes_bid,join,0.68,2093.0,0.68,0.69,unfilled,0.0,,,,
T-6h|KXNFLRSHYDS-26SEP24ATLGB-ATLBROBINSON15-10|no_bid|join,T-6h,1790277762,1790295300,26SEP24ATLGB,KXNFLRSHYDS,KXNFLRSHYDS-26SEP24ATLGB-ATLBROBINSON15-10,Brian Robinson: 10+,no_bid,join,0.81,274.0,0.8,0.81,settled,100,yes,-19.0,0.27,1790323060
T-6h|KXNFLRSHYDS-26SEP24ATLGB-ATLBROBINSON15-10|yes_bid|join,T-6h,1790277762,1790295300,26SEP24ATLGB,KXNFLRSHYDS,KXNFLRSHYDS-26SEP24ATLGB-ATLBROBINSON15-10,Brian Robinson: 10+,yes_bid,join,0.8,997.0,0.8,0.81,unfilled,0.0,,,,
T-6h|KXNFLRSHYDS-26SEP24ATLGB-GBJLOVE10-40|no_bid|join,T-6h,1790277762,1790295300,26SEP24ATLGB,KXNFLRSHYDS,KXNFLRSHYDS-26SEP24ATLGB-GBJLOVE10-40,Jordan Love: 40+,no_bid,join,0.05,553.0,0.04,0.05,settled,100,no,5.0,0.09,1790323064
T-6h|KXNFLRSHYDS-26SEP24ATLGB-GBJLOVE10-40|yes_bid|join,T-6h,1790277762,1790295300,26SEP24ATLGB,KXNFLRSHYDS,KXNFLRSHYDS-26SEP24ATLGB-GBJLOVE10-40,Jordan Love: 40+,yes_bid,join,0.04,529.0,0.04,0.05,settled,100,no,-4.0,0.07,1790323064
T-6h|KXNFLRSHYDS-26SEP24ATLGB-GBJLOVE10-30|no_bid|join,T-6h,1790277762,1790295300,26SEP24ATLGB,KXNFLRSHYDS,KXNFLRSHYDS-26SEP24ATLGB-GBJLOVE10-30,Jordan Love: 30+,no_bid,join,0.08,496.83,0.07,0.08,settled,100,no,8.0,0.13,1790323063
T-6h|KXNFLRSHYDS-26SEP24ATLGB-GBJLOVE10-30|yes_bid|join,T-6h,1790277762,1790295300,26SEP24ATLGB,KXNFLRSHYDS,KXNFLRSHYDS-26SEP24ATLGB-GBJLOVE10-30,Jordan Love: 30+,yes_bid,join,0.07,550.0,0.07,0.08,unfilled,0.0,,,,
T-6h|KXNFLRSHYDS-26SEP24ATLGB-GBJLOVE10-25|no_bid|join,T-6h,1790277762,1790295300,26SEP24ATLGB,KXNFLRSHYDS,KXNFLRSHYDS-26SEP24ATLGB-GBJLOVE10-25,Jordan Love: 25+,no_bid,join,0.14,24794.0,0.13,0.14,unfilled,0.0,,,,
T-6h|KXNFLRSHYDS-26SEP24ATLGB-GBJLOVE10-25|yes_bid|join,T-6h,1790277762,1790295300,26SEP24ATLGB,KXNFLRSHYDS,KXNFLRSHYDS-26SEP24ATLGB-GBJLOVE10-25,Jordan Love: 25+,yes_bid,join,0.13,1220.0,0.13,0.14,unfilled,0.0,,,,
T-6h|KXNFLRSHYDS-26SEP24ATLGB-GBJLOVE10-20|no_bid|join,T-6h,1790277762,1790295300,26SEP24ATLGB,KXNFLRSHYDS,KXNFLRSHYDS-26SEP24ATLGB-GBJLOVE10-20,Jordan Love: 20+,no_bid,join,0.2,22787.32,0.19,0.2,unfilled,0.0,,,,
T-6h|KXNFLRSHYDS-26SEP24ATLGB-GBJLOVE10-20|yes_bid|join,T-6h,1790277762,1790295300,26SEP24ATLGB,KXNFLRSHYDS,KXNFLRSHYDS-26SEP24ATLGB-GBJLOVE10-20,Jordan Love: 20+,yes_bid,join,0.19,556.0,0.19,0.2,settled,100,no,-19.0,0.27,1790323068
T-6h|KXNFLRSHYDS-26SEP24ATLGB-GBJLOVE10-15|no_bid|join,T-6h,1790277762,1790295300,26SEP24ATLGB,KXNFLRSHYDS,KXNFLRSHYDS-26SEP24ATLGB-GBJLOVE10-15,Jordan Love: 15+,no_bid,join,0.29,18225.0,0.28,0.29,unfilled,0.0,,,,
T-6h|KXNFLRSHYDS-26SEP24ATLGB-GBJLOVE10-15|yes_bid|join,T-6h,1790277762,1790295300,26SEP24ATLGB,KXNFLRSHYDS,KXNFLRSHYDS-26SEP24ATLGB-GBJLOVE10-15,Jordan Love: 15+,yes_bid,join,0.28,1180.0,0.28,0.29,unfilled,0.0,,,,
T-6h|KXNFLRSHYDS-26SEP24ATLGB-GBJLOVE10-10|no_bid|join,T-6h,1790277762,1790295300,26SEP24ATLGB,KXNFLRSHYDS,KXNFLRSHYDS-26SEP24ATLGB-GBJLOVE10-10,Jordan Love: 10+,no_bid,join,0.43,10313.83,0.42,0.43,settled,100,no,43.0,0.43,1790323066
T-6h|KXNFLRSHYDS-26SEP24ATLGB-GBJLOVE10-10|yes_bid|join,T-6h,1790277762,1790295300,26SEP24ATLGB,KXNFLRSHYDS,KXNFLRSHYDS-26SEP24ATLGB-GBJLOVE10-10,Jordan Love: 10+,yes_bid,join,0.42,1210.0,0.42,0.43,unfilled,0.0,,,,
T-6h|KXNFLRSHYDS-26SEP24ATLGB-GBMLLOYD32-90|no_bid|join,T-6h,1790277762,1790295300,26SEP24ATLGB,KXNFLRSHYDS,KXNFLRSHYDS-26SEP24ATLGB-GBMLLOYD32-90,MarShawn Lloyd: 90+,no_bid,join,0.04,11741.0,0.03,0.04,unfilled,0.0,,,,
T-6h|KXNFLRSHYDS-26SEP24ATLGB-GBMLLOYD32-90|yes_bid|join,T-6h,1790277762,1790295300,26SEP24ATLGB,KXNFLRSHYDS,KXNFLRSHYDS-26SEP24ATLGB-GBMLLOYD32-90,MarShawn Lloyd: 90+,yes_bid,join,0.03,8717.85,0.03,0.04,unfilled,0.0,,,,
T-6h|KXNFLRSHYDS-26SEP24ATLGB-GBMLLOYD32-80|no_bid|join,T-6h,1790277762,1790295300,26SEP24ATLGB,KXNFLRSHYDS,KXNFLRSHYDS-26SEP24ATLGB-GBMLLOYD32-80,MarShawn Lloyd: 80+,no_bid,join,0.06,11570.0,0.05,0.06,unfilled,0.0,,,,
T-6h|KXNFLRSHYDS-26SEP24ATLGB-GBMLLOYD32-80|yes_bid|join,T-6h,1790277762,1790295300,26SEP24ATLGB,KXNFLRSHYDS,KXNFLRSHYDS-26SEP24ATLGB-GBMLLOYD32-80,MarShawn Lloyd: 80+,yes_bid,join,0.05,36.0,0.05,0.06,unfilled,0.0,,,,
T-6h|KXNFLRSHYDS-26SEP24ATLGB-GBMLLOYD32-70|no_bid|join,T-6h,1790277762,1790295300,26SEP24ATLGB,KXNFLRSHYDS,KXNFLRSHYDS-26SEP24ATLGB-GBMLLOYD32-70,MarShawn Lloyd: 70+,no_bid,join,0.07,115.0,0.05,0.07,settled,100,no,7.0,0.12,1790323060
T-6h|KXNFLRSHYDS-26SEP24ATLGB-GBMLLOYD32-70|yes_bid|join,T-6h,1790277762,1790295300,26SEP24ATLGB,KXNFLRSHYDS,KXNFLRSHYDS-26SEP24ATLGB-GBMLLOYD32-70,MarShawn Lloyd: 70+,yes_bid,join,0.05,430.0,0.05,0.07,unfilled,0.0,,,,
T-6h|KXNFLRSHYDS-26SEP24ATLGB-GBMLLOYD32-70|no_bid|improve,T-6h,1790277762,1790295300,26SEP24ATLGB,KXNFLRSHYDS,KXNFLRSHYDS-26SEP24ATLGB-GBMLLOYD32-70,MarShawn Lloyd: 70+,no_bid,improve,0.06,0.0,0.05,0.07,settled,100,no,6.0,0.1,1790323060
T-6h|KXNFLRSHYDS-26SEP24ATLGB-GBMLLOYD32-70|yes_bid|improve,T-6h,1790277762,1790295300,26SEP24ATLGB,KXNFLRSHYDS,KXNFLRSHYDS-26SEP24ATLGB-GBMLLOYD32-70,MarShawn Lloyd: 70+,yes_bid,improve,0.06,0.0,0.05,0.07,unfilled,0.0,,,,
T-6h|KXNFLRSHYDS-26SEP24ATLGB-GBMLLOYD32-60|no_bid|join,T-6h,1790277762,1790295300,26SEP24ATLGB,KXNFLRSHYDS,KXNFLRSHYDS-26SEP24ATLGB-GBMLLOYD32-60,MarShawn Lloyd: 60+,no_bid,join,0.11,10442.76,0.1,0.11,unfilled,0.0,,,,
T-6h|KXNFLRSHYDS-26SEP24ATLGB-GBMLLOYD32-60|yes_bid|join,T-6h,1790277762,1790295300,26SEP24ATLGB,KXNFLRSHYDS,KXNFLRSHYDS-26SEP24ATLGB-GBMLLOYD32-60,MarShawn Lloyd: 60+,yes_bid,join,0.1,201.5,0.1,0.11,unfilled,0.0,,,,
T-6h|KXNFLRSHYDS-26SEP24ATLGB-GBMLLOYD32-50|no_bid|join,T-6h,1790277762,1790295300,26SEP24ATLGB,KXNFLRSHYDS,KXNFLRSHYDS-26SEP24ATLGB-GBMLLOYD32-50,MarShawn Lloyd: 50+,no_bid,join,0.17,10004.0,0.15,0.17,settled,100,no,17.0,0.25,1790323062
T-6h|KXNFLRSHYDS-26SEP24ATLGB-GBMLLOYD32-50|yes_bid|join,T-6h,1790277762,1790295300,26SEP24ATLGB,KXNFLRSHYDS,KXNFLRSHYDS-26SEP24ATLGB-GBMLLOYD32-50,MarShawn Lloyd: 50+,yes_bid,join,0.15,27.52,0.15,0.17,unfilled,0.0,,,,
T-6h|KXNFLRSHYDS-26SEP24ATLGB-GBMLLOYD32-50|no_bid|improve,T-6h,1790277762,1790295300,26SEP24ATLGB,KXNFLRSHYDS,KXNFLRSHYDS-26SEP24ATLGB-GBMLLOYD32-50,MarShawn Lloyd: 50+,no_bid,improve,0.16,0.0,0.15,0.17,settled,100,no,16.0,0.24,1790323062
T-6h|KXNFLRSHYDS-26SEP24ATLGB-GBMLLOYD32-50|yes_bid|improve,T-6h,1790277762,1790295300,26SEP24ATLGB,KXNFLRSHYDS,KXNFLRSHYDS-26SEP24ATLGB-GBMLLOYD32-50,MarShawn Lloyd: 50+,yes_bid,improve,0.16,0.0,0.15,0.17,unfilled,0.0,,,,
T-6h|KXNFLRSHYDS-26SEP24ATLGB-GBMLLOYD32-40|no_bid|join,T-6h,1790277762,1790295300,26SEP24ATLGB,KXNFLRSHYDS,KXNFLRSHYDS-26SEP24ATLGB-GBMLLOYD32-40,MarShawn Lloyd: 40+,no_bid,join,0.27,48647.07,0.25,0.27,unfilled,0.0,,,,
T-6h|KXNFLRSHYDS-26SEP24ATLGB-GBMLLOYD32-40|yes_bid|join,T-6h,1790277762,1790295300,26SEP24ATLGB,KXNFLRSHYDS,KXNFLRSHYDS-26SEP24ATLGB-GBMLLOYD32-40,MarShawn Lloyd: 40+,yes_bid,join,0.25,34.18,0.25,0.27,settled,55.61,no,-13.9,0.19,1790323068
T-6h|KXNFLRSHYDS-26SEP24ATLGB-GBMLLOYD32-40|no_bid|improve,T-6h,1790277762,1790295300,26SEP24ATLGB,KXNFLRSHYDS,KXNFLRSHYDS-26SEP24ATLGB-GBMLLOYD32-40,MarShawn Lloyd: 40+,no_bid,improve,0.26,0.0,0.25,0.27,settled,100,no,26.0,0.34,1790323068
T-6h|KXNFLRSHYDS-26SEP24ATLGB-GBMLLOYD32-40|yes_bid|improve,T-6h,1790277762,1790295300,26SEP24ATLGB,KXNFLRSHYDS,KXNFLRSHYDS-26SEP24ATLGB-GBMLLOYD32-40,MarShawn Lloyd: 40+,yes_bid,improve,0.26,0.0,0.25,0.27,settled,100,no,-26.0,0.34,1790323068
T-6h|KXNFLRSHYDS-26SEP24ATLGB-GBMLLOYD32-30|no_bid|join,T-6h,1790277762,1790295300,26SEP24ATLGB,KXNFLRSHYDS,KXNFLRSHYDS-26SEP24ATLGB-GBMLLOYD32-30,MarShawn Lloyd: 30+,no_bid,join,0.42,124351.44,0.41,0.42,unfilled,0.0,,,,
T-6h|KXNFLRSHYDS-26SEP24ATLGB-GBMLLOYD32-30|yes_bid|join,T-6h,1790277762,1790295300,26SEP24ATLGB,KXNFLRSHYDS,KXNFLRSHYDS-26SEP24ATLGB-GBMLLOYD32-30,MarShawn Lloyd: 30+,yes_bid,join,0.41,15450.92,0.41,0.42,unfilled,0.0,,,,
T-6h|KXNFLRSHYDS-26SEP24ATLGB-GBMLLOYD32-25|no_bid|join,T-6h,1790277762,1790295300,26SEP24ATLGB,KXNFLRSHYDS,KXNFLRSHYDS-26SEP24ATLGB-GBMLLOYD32-25,MarShawn Lloyd: 25+,no_bid,join,0.52,55716.18,0.51,0.52,unfilled,0.0,,,,
T-6h|KXNFLRSHYDS-26SEP24ATLGB-GBMLLOYD32-25|yes_bid|join,T-6h,1790277762,1790295300,26SEP24ATLGB,KXNFLRSHYDS,KXNFLRSHYDS-26SEP24ATLGB-GBMLLOYD32-25,MarShawn Lloyd: 25+,yes_bid,join,0.51,34.88,0.51,0.52,settled,100,no,-51.0,0.44,1790323066
T-6h|KXNFLRSHYDS-26SEP24ATLGB-GBMLLOYD32-20|no_bid|join,T-6h,1790277762,1790295300,26SEP24ATLGB,KXNFLRSHYDS,KXNFLRSHYDS-26SEP24ATLGB-GBMLLOYD32-20,MarShawn Lloyd: 20+,no_bid,join,0.61,25911.0,0.6,0.61,unfilled,0.0,,,,
T-6h|KXNFLRSHYDS-26SEP24ATLGB-GBMLLOYD32-20|yes_bid|join,T-6h,1790277762,1790295300,26SEP24ATLGB,KXNFLRSHYDS,KXNFLRSHYDS-26SEP24ATLGB-GBMLLOYD32-20,MarShawn Lloyd: 20+,yes_bid,join,0.6,1000.0,0.6,0.61,unfilled,0.0,,,,
T-6h|KXNFLRSHYDS-26SEP24ATLGB-GBMLLOYD32-15|no_bid|join,T-6h,1790277762,1790295300,26SEP24ATLGB,KXNFLRSHYDS,KXNFLRSHYDS-26SEP24ATLGB-GBMLLOYD32-15,MarShawn Lloyd: 15+,no_bid,join,0.72,21160.21,0.71,0.72,unfilled,0.0,,,,
T-6h|KXNFLRSHYDS-26SEP24ATLGB-GBMLLOYD32-15|yes_bid|join,T-6h,1790277762,1790295300,26SEP24ATLGB,KXNFLRSHYDS,KXNFLRSHYDS-26SEP24ATLGB-GBMLLOYD32-15,MarShawn Lloyd: 15+,yes_bid,join,0.71,723.86,0.71,0.72,unfilled,0.0,,,,
T-6h|KXNFLRSHYDS-26SEP24ATLGB-ATLBROBINSON7-90|no_bid|join,T-6h,1790277762,1790295300,26SEP24ATLGB,KXNFLRSHYDS,KXNFLRSHYDS-26SEP24ATLGB-ATLBROBINSON7-90,Bijan Robinson: 90+,no_bid,join,0.37,25657.67,0.36,0.37,unfilled,0.0,,,,
T-6h|KXNFLRSHYDS-26SEP24ATLGB-ATLBROBINSON7-90|yes_bid|join,T-6h,1790277762,1790295300,26SEP24ATLGB,KXNFLRSHYDS,KXNFLRSHYDS-26SEP24ATLGB-ATLBROBINSON7-90,Bijan Robinson: 90+,yes_bid,join,0.36,8110.0,0.36,0.37,unfilled,0.0,,,,
T-6h|KXNFLRSHYDS-26SEP24ATLGB-ATLBROBINSON7-80|no_bid|join,T-6h,1790277762,1790295300,26SEP24ATLGB,KXNFLRSHYDS,KXNFLRSHYDS-26SEP24ATLGB-ATLBROBINSON7-80,Bijan Robinson: 80+,no_bid,join,0.47,13083.52,0.46,0.47,settled,100,yes,-53.0,0.44,1790323058
T-6h|KXNFLRSHYDS-26SEP24ATLGB-ATLBROBINSON7-80|yes_bid|join,T-6h,1790277762,1790295300,26SEP24ATLGB,KXNFLRSHYDS,KXNFLRSHYDS-26SEP24ATLGB-ATLBROBINSON7-80,Bijan Robinson: 80+,yes_bid,join,0.46,13068.28,0.46,0.47,unfilled,0.0,,,,
T-6h|KXNFLRSHYDS-26SEP24ATLGB-ATLBROBINSON7-70|no_bid|join,T-6h,1790277762,1790295300,26SEP24ATLGB,KXNFLRSHYDS,KXNFLRSHYDS-26SEP24ATLGB-ATLBROBINSON7-70,Bijan Robinson: 70+,no_bid,join,0.6,32408.29,0.59,0.6,unfilled,0.0,,,,
T-6h|KXNFLRSHYDS-26SEP24ATLGB-ATLBROBINSON7-70|yes_bid|join,T-6h,1790277762,1790295300,26SEP24ATLGB,KXNFLRSHYDS,KXNFLRSHYDS-26SEP24ATLGB-ATLBROBINSON7-70,Bijan Robinson: 70+,yes_bid,join,0.59,9949.29,0.59,0.6,unfilled,0.0,,,,
T-6h|KXNFLRSHYDS-26SEP24ATLGB-ATLBROBINSON7-60|no_bid|join,T-6h,1790277762,1790295300,26SEP24ATLGB,KXNFLRSHYDS,KXNFLRSHYDS-26SEP24ATLGB-ATLBROBINSON7-60,Bijan Robinson: 60+,no_bid,join,0.7,10810.66,0.69,0.7,unfilled,0.0,,,,
T-6h|KXNFLRSHYDS-26SEP24ATLGB-ATLBROBINSON7-60|yes_bid|join,T-6h,1790277762,1790295300,26SEP24ATLGB,KXNFLRSHYDS,KXNFLRSHYDS-26SEP24ATLGB-ATLBROBINSON7-60,Bijan Robinson: 60+,yes_bid,join,0.69,26.0,0.69,0.7,settled,100,yes,31.0,0.38,1790323056
T-6h|KXNFLRSHYDS-26SEP24ATLGB-ATLBROBINSON7-50|no_bid|join,T-6h,1790277762,1790295300,26SEP24ATLGB,KXNFLRSHYDS,KXNFLRSHYDS-26SEP24ATLGB-ATLBROBINSON7-50,Bijan Robinson: 50+,no_bid,join,0.81,13567.46,0.8,0.81,unfilled,0.0,,,,
T-6h|KXNFLRSHYDS-26SEP24ATLGB-ATLBROBINSON7-50|yes_bid|join,T-6h,1790277762,1790295300,26SEP24ATLGB,KXNFLRSHYDS,KXNFLRSHYDS-26SEP24ATLGB-ATLBROBINSON7-50,Bijan Robinson: 50+,yes_bid,join,0.8,9.37,0.8,0.81,settled,100,yes,20.0,0.29,1790323058
T-6h|KXNFLRSHYDS-26SEP24ATLGB-ATLBROBINSON7-160|no_bid|join,T-6h,1790277762,1790295300,26SEP24ATLGB,KXNFLRSHYDS,KXNFLRSHYDS-26SEP24ATLGB-ATLBROBINSON7-160,Bijan Robinson: 160+,no_bid,join,0.04,1207.0,0.02,0.04,settled,100,yes,-96.0,0.07,1790323061
T-6h|KXNFLRSHYDS-26SEP24ATLGB-ATLBROBINSON7-160|yes_bid|join,T-6h,1790277762,1790295300,26SEP24ATLGB,KXNFLRSHYDS,KXNFLRSHYDS-26SEP24ATLGB-ATLBROBINSON7-160,Bijan Robinson: 160+,yes_bid,join,0.02,13.0,0.02,0.04,settled,2.41,yes,2.36,0.01,1790323061
T-6h|KXNFLRSHYDS-26SEP24ATLGB-ATLBROBINSON7-160|no_bid|improve,T-6h,1790277762,1790295300,26SEP24ATLGB,KXNFLRSHYDS,KXNFLRSHYDS-26SEP24ATLGB-ATLBROBINSON7-160,Bijan Robinson: 160+,no_bid,improve,0.03,0.0,0.02,0.04,settled,100,yes,-97.0,0.06,1790323061
T-6h|KXNFLRSHYDS-26SEP24ATLGB-ATLBROBINSON7-160|yes_bid|improve,T-6h,1790277762,1790295300,26SEP24ATLGB,KXNFLRSHYDS,KXNFLRSHYDS-26SEP24ATLGB-ATLBROBINSON7-160,Bijan Robinson: 160+,yes_bid,improve,0.03,0.0,0.02,0.04,settled,100,yes,97.0,0.06,1790323061
T-6h|KXNFLRSHYDS-26SEP24ATLGB-ATLBROBINSON7-150|no_bid|join,T-6h,1790277762,1790295300,26SEP24ATLGB,KXNFLRSHYDS,KXNFLRSHYDS-26SEP24ATLGB-ATLBROBINSON7-150,Bijan Robinson: 150+,no_bid,join,0.06,13694.0,0.04,0.06,unfilled,0.0,,,,
T-6h|KXNFLRSHYDS-26SEP24ATLGB-ATLBROBINSON7-150|yes_bid|join,T-6h,1790277762,1790295300,26SEP24ATLGB,KXNFLRSHYDS,KXNFLRSHYDS-26SEP24ATLGB-ATLBROBINSON7-150,Bijan Robinson: 150+,yes_bid,join,0.04,409.5,0.04,0.06,unfilled,0.0,,,,
T-6h|KXNFLRSHYDS-26SEP24ATLGB-ATLBROBINSON7-150|no_bid|improve,T-6h,1790277762,1790295300,26SEP24ATLGB,KXNFLRSHYDS,KXNFLRSHYDS-26SEP24ATLGB-ATLBROBINSON7-150,Bijan Robinson: 150+,no_bid,improve,0.05,0.0,0.04,0.06,settled,100,yes,-95.0,0.09,1790323054
T-6h|KXNFLRSHYDS-26SEP24ATLGB-ATLBROBINSON7-150|yes_bid|improve,T-6h,1790277762,1790295300,26SEP24ATLGB,KXNFLRSHYDS,KXNFLRSHYDS-26SEP24ATLGB-ATLBROBINSON7-150,Bijan Robinson: 150+,yes_bid,improve,0.05,0.0,0.04,0.06,unfilled,0.0,,,,
T-6h|KXNFLRSHYDS-26SEP24ATLGB-ATLBROBINSON7-140|no_bid|join,T-6h,1790277762,1790295300,26SEP24ATLGB,KXNFLRSHYDS,KXNFLRSHYDS-26SEP24ATLGB-ATLBROBINSON7-140,Bijan Robinson: 140+,no_bid,join,0.08,11095.0,0.07,0.08,unfilled,0.0,,,,
T-6h|KXNFLRSHYDS-26SEP24ATLGB-ATLBROBINSON7-140|yes_bid|join,T-6h,1790277762,1790295300,26SEP24ATLGB,KXNFLRSHYDS,KXNFLRSHYDS-26SEP24ATLGB-ATLBROBINSON7-140,Bijan Robinson: 140+,yes_bid,join,0.07,4.0,0.07,0.08,unfilled,0.0,,,,
T-6h|KXNFLRSHYDS-26SEP24ATLGB-ATLBROBINSON7-130|no_bid|join,T-6h,1790277762,1790295300,26SEP24ATLGB,KXNFLRSHYDS,KXNFLRSHYDS-26SEP24ATLGB-ATLBROBINSON7-130,Bijan Robinson: 130+,no_bid,join,0.11,11085.0,0.1,0.11,unfilled,0.0,,,,
T-6h|KXNFLRSHYDS-26SEP24ATLGB-ATLBROBINSON7-130|yes_bid|join,T-6h,1790277762,1790295300,26SEP24ATLGB,KXNFLRSHYDS,KXNFLRSHYDS-26SEP24ATLGB-ATLBROBINSON7-130,Bijan Robinson: 130+,yes_bid,join,0.1,1500.0,0.1,0.11,unfilled,0.0,,,,
T-6h|KXNFLRSHYDS-26SEP24ATLGB-ATLBROBINSON7-120|no_bid|join,T-6h,1790277762,1790295300,26SEP24ATLGB,KXNFLRSHYDS,KXNFLRSHYDS-26SEP24ATLGB-ATLBROBINSON7-120,Bijan Robinson: 120+,no_bid,join,0.17,16047.0,0.16,0.17,unfilled,0.0,,,,
T-6h|KXNFLRSHYDS-26SEP24ATLGB-ATLBROBINSON7-120|yes_bid|join,T-6h,1790277762,1790295300,26SEP24ATLGB,KXNFLRSHYDS,KXNFLRSHYDS-26SEP24ATLGB-ATLBROBINSON7-120,Bijan Robinson: 120+,yes_bid,join,0.16,5.0,0.16,0.17,unfilled,0.0,,,,
T-6h|KXNFLRSHYDS-26SEP24ATLGB-ATLBROBINSON7-110|no_bid|join,T-6h,1790277762,1790295300,26SEP24ATLGB,KXNFLRSHYDS,KXNFLRSHYDS-26SEP24ATLGB-ATLBROBINSON7-110,Bijan Robinson: 110+,no_bid,join,0.22,24705.0,0.21,0.22,unfilled,0.0,,,,
T-6h|KXNFLRSHYDS-26SEP24ATLGB-ATLBROBINSON7-110|yes_bid|join,T-6h,1790277762,1790295300,26SEP24ATLGB,KXNFLRSHYDS,KXNFLRSHYDS-26SEP24ATLGB-ATLBROBINSON7-110,Bijan Robinson: 110+,yes_bid,join,0.21,1598.09,0.21,0.22,unfilled,0.0,,,,
T-6h|KXNFLRSHYDS-26SEP24ATLGB-ATLBROBINSON7-100|no_bid|join,T-6h,1790277762,1790295300,26SEP24ATLGB,KXNFLRSHYDS,KXNFLRSHYDS-26SEP24ATLGB-ATLBROBINSON7-100,Bijan Robinson: 100+,no_bid,join,0.29,31615.77,0.28,0.29,unfilled,0.0,,,,
T-6h|KXNFLRSHYDS-26SEP24ATLGB-ATLBROBINSON7-100|yes_bid|join,T-6h,1790277762,1790295300,26SEP24ATLGB,KXNFLRSHYDS,KXNFLRSHYDS-26SEP24ATLGB-ATLBROBINSON7-100,Bijan Robinson: 100+,yes_bid,join,0.28,1850.0,0.28,0.29,unfilled,0.0,,,,
T-6h|KXNFLPASSYDS-26SEP24ATLGB-ATLMPENIX9-325|no_bid|join,T-6h,1790277762,1790295300,26SEP24ATLGB,KXNFLPASSYDS,KXNFLPASSYDS-26SEP24ATLGB-ATLMPENIX9-325,Michael Penix Jr.: 325+,no_bid,join,0.05,11311.98,0.04,0.05,unfilled,0.0,,,,
T-6h|KXNFLPASSYDS-26SEP24ATLGB-ATLMPENIX9-325|yes_bid|join,T-6h,1790277762,1790295300,26SEP24ATLGB,KXNFLPASSYDS,KXNFLPASSYDS-26SEP24ATLGB-ATLMPENIX9-325,Michael Penix Jr.: 325+,yes_bid,join,0.04,7.73,0.04,0.05,settled,100,no,-4.0,0.07,1790323061
T-6h|KXNFLPASSYDS-26SEP24ATLGB-ATLMPENIX9-300|no_bid|join,T-6h,1790277762,1790295300,26SEP24ATLGB,KXNFLPASSYDS,KXNFLPASSYDS-26SEP24ATLGB-ATLMPENIX9-300,Michael Penix Jr.: 300+,no_bid,join,0.09,15284.74,0.07,0.09,unfilled,0.0,,,,
T-6h|KXNFLPASSYDS-26SEP24ATLGB-ATLMPENIX9-300|yes_bid|join,T-6h,1790277762,1790295300,26SEP24ATLGB,KXNFLPASSYDS,KXNFLPASSYDS-26SEP24ATLGB-ATLMPENIX9-300,Michael Penix Jr.: 300+,yes_bid,join,0.07,620.0,0.07,0.09,unfilled,0.0,,,,
T-6h|KXNFLPASSYDS-26SEP24ATLGB-ATLMPENIX9-300|no_bid|improve,T-6h,1790277762,1790295300,26SEP24ATLGB,KXNFLPASSYDS,KXNFLPASSYDS-26SEP24ATLGB-ATLMPENIX9-300,Michael Penix Jr.: 300+,no_bid,improve,0.08,0.0,0.07,0.09,settled,100,no,8.0,0.13,1790323068
T-6h|KXNFLPASSYDS-26SEP24ATLGB-ATLMPENIX9-300|yes_bid|improve,T-6h,1790277762,1790295300,26SEP24ATLGB,KXNFLPASSYDS,KXNFLPASSYDS-26SEP24ATLGB-ATLMPENIX9-300,Michael Penix Jr.: 300+,yes_bid,improve,0.08,0.0,0.07,0.09,settled,100,no,-8.0,0.13,1790323068
T-6h|KXNFLPASSYDS-26SEP24ATLGB-ATLMPENIX9-275|no_bid|join,T-6h,1790277762,1790295300,26SEP24ATLGB,KXNFLPASSYDS,KXNFLPASSYDS-26SEP24ATLGB-ATLMPENIX9-275,Michael Penix Jr.: 275+,no_bid,join,0.16,17431.76,0.15,0.16,unfilled,0.0,,,,
T-6h|KXNFLPASSYDS-26SEP24ATLGB-ATLMPENIX9-275|yes_bid|join,T-6h,1790277762,1790295300,26SEP24ATLGB,KXNFLPASSYDS,KXNFLPASSYDS-26SEP24ATLGB-ATLMPENIX9-275,Michael Penix Jr.: 275+,yes_bid,join,0.15,442.64,0.15,0.16,settled,100,no,-15.0,0.23,1790323056
T-6h|KXNFLPASSYDS-26SEP24ATLGB-ATLMPENIX9-250|no_bid|join,T-6h,1790277762,1790295300,26SEP24ATLGB,KXNFLPASSYDS,KXNFLPASSYDS-26SEP24ATLGB-ATLMPENIX9-250,Michael Penix Jr.: 250+,no_bid,join,0.25,210.0,0.24,0.25,settled,100,yes,-75.0,0.33,1790323066
T-6h|KXNFLPASSYDS-26SEP24ATLGB-ATLMPENIX9-250|yes_bid|join,T-6h,1790277762,1790295300,26SEP24ATLGB,KXNFLPASSYDS,KXNFLPASSYDS-26SEP24ATLGB-ATLMPENIX9-250,Michael Penix Jr.: 250+,yes_bid,join,0.24,4258.6,0.24,0.25,unfilled,0.0,,,,
T-6h|KXNFLPASSYDS-26SEP24ATLGB-ATLMPENIX9-225|no_bid|join,T-6h,1790277762,1790295300,26SEP24ATLGB,KXNFLPASSYDS,KXNFLPASSYDS-26SEP24ATLGB-ATLMPENIX9-225,Michael Penix Jr.: 225+,no_bid,join,0.39,25931.82,0.38,0.39,settled,100,yes,-61.0,0.42,1790323055
T-6h|KXNFLPASSYDS-26SEP24ATLGB-ATLMPENIX9-225|yes_bid|join,T-6h,1790277762,1790295300,26SEP24ATLGB,KXNFLPASSYDS,KXNFLPASSYDS-26SEP24ATLGB-ATLMPENIX9-225,Michael Penix Jr.: 225+,yes_bid,join,0.38,4757.05,0.38,0.39,unfilled,0.0,,,,
T-6h|KXNFLPASSYDS-26SEP24ATLGB-ATLMPENIX9-200|no_bid|join,T-6h,1790277762,1790295300,26SEP24ATLGB,KXNFLPASSYDS,KXNFLPASSYDS-26SEP24ATLGB-ATLMPENIX9-200,Michael Penix Jr.: 200+,no_bid,join,0.55,26777.9,0.54,0.55,settled,100,yes,-45.0,0.44,1790323054
T-6h|KXNFLPASSYDS-26SEP24ATLGB-ATLMPENIX9-200|yes_bid|join,T-6h,1790277762,1790295300,26SEP24ATLGB,KXNFLPASSYDS,KXNFLPASSYDS-26SEP24ATLGB-ATLMPENIX9-200,Michael Penix Jr.: 200+,yes_bid,join,0.54,6200.59,0.54,0.55,unfilled,0.0,,,,
T-6h|KXNFLPASSYDS-26SEP24ATLGB-ATLMPENIX9-175|no_bid|join,T-6h,1790277762,1790295300,26SEP24ATLGB,KXNFLPASSYDS,KXNFLPASSYDS-26SEP24ATLGB-ATLMPENIX9-175,Michael Penix Jr.: 175+,no_bid,join,0.69,14306.0,0.68,0.69,unfilled,0.0,,,,
T-6h|KXNFLPASSYDS-26SEP24ATLGB-ATLMPENIX9-175|yes_bid|join,T-6h,1790277762,1790295300,26SEP24ATLGB,KXNFLPASSYDS,KXNFLPASSYDS-26SEP24ATLGB-ATLMPENIX9-175,Michael Penix Jr.: 175+,yes_bid,join,0.68,508.0,0.68,0.69,settled,100,yes,32.0,0.39,1790323055
T-6h|KXNFLPASSYDS-26SEP24ATLGB-ATLMPENIX9-150|no_bid|join,T-6h,1790277762,1790295300,26SEP24ATLGB,KXNFLPASSYDS,KXNFLPASSYDS-26SEP24ATLGB-ATLMPENIX9-150,Michael Penix Jr.: 150+,no_bid,join,0.82,654.0,0.81,0.82,settled,55.56,yes,-10.0,0.15,1790323070
T-6h|KXNFLPASSYDS-26SEP24ATLGB-ATLMPENIX9-150|yes_bid|join,T-6h,1790277762,1790295300,26SEP24ATLGB,KXNFLPASSYDS,KXNFLPASSYDS-26SEP24ATLGB-ATLMPENIX9-150,Michael Penix Jr.: 150+,yes_bid,join,0.81,16.0,0.81,0.82,settled,100,yes,19.0,0.27,1790323070
T-6h|KXNFLPASSYDS-26SEP24ATLGB-ATLMPENIX9-125|no_bid|join,T-6h,1790277762,1790295300,26SEP24ATLGB,KXNFLPASSYDS,KXNFLPASSYDS-26SEP24ATLGB-ATLMPENIX9-125,Michael Penix Jr.: 125+,no_bid,join,0.9,445.53,0.87,0.9,settled,100,yes,-10.0,0.16,1790323070
T-6h|KXNFLPASSYDS-26SEP24ATLGB-ATLMPENIX9-125|yes_bid|join,T-6h,1790277762,1790295300,26SEP24ATLGB,KXNFLPASSYDS,KXNFLPASSYDS-26SEP24ATLGB-ATLMPENIX9-125,Michael Penix Jr.: 125+,yes_bid,join,0.87,10.0,0.87,0.9,unfilled,0.0,,,,
T-6h|KXNFLPASSYDS-26SEP24ATLGB-ATLMPENIX9-125|no_bid|improve,T-6h,1790277762,1790295300,26SEP24ATLGB,KXNFLPASSYDS,KXNFLPASSYDS-26SEP24ATLGB-ATLMPENIX9-125,Michael Penix Jr.: 125+,no_bid,improve,0.89,0.0,0.87,0.9,settled,100,yes,-11.0,0.18,1790323070
T-6h|KXNFLPASSYDS-26SEP24ATLGB-ATLMPENIX9-125|yes_bid|improve,T-6h,1790277762,1790295300,26SEP24ATLGB,KXNFLPASSYDS,KXNFLPASSYDS-26SEP24ATLGB-ATLMPENIX9-125,Michael Penix Jr.: 125+,yes_bid,improve,0.88,0.0,0.87,0.9,settled,100,yes,12.0,0.19,1790323070
T-6h|KXNFLPASSYDS-26SEP24ATLGB-GBJLOVE10-350|no_bid|join,T-6h,1790277762,1790295300,26SEP24ATLGB,KXNFLPASSYDS,KXNFLPASSYDS-26SEP24ATLGB-GBJLOVE10-350,Jordan Love: 350+,no_bid,join,0.06,14616.82,0.05,0.06,unfilled,0.0,,,,
T-6h|KXNFLPASSYDS-26SEP24ATLGB-GBJLOVE10-350|yes_bid|join,T-6h,1790277762,1790295300,26SEP24ATLGB,KXNFLPASSYDS,KXNFLPASSYDS-26SEP24ATLGB-GBJLOVE10-350,Jordan Love: 350+,yes_bid,join,0.05,1078.35,0.05,0.06,settled,100,no,-5.0,0.09,1790323060
T-6h|KXNFLPASSYDS-26SEP24ATLGB-GBJLOVE10-325|no_bid|join,T-6h,1790277762,1790295300,26SEP24ATLGB,KXNFLPASSYDS,KXNFLPASSYDS-26SEP24ATLGB-GBJLOVE10-325,Jordan Love: 325+,no_bid,join,0.11,13913.0,0.1,0.11,unfilled,0.0,,,,
T-6h|KXNFLPASSYDS-26SEP24ATLGB-GBJLOVE10-325|yes_bid|join,T-6h,1790277762,1790295300,26SEP24ATLGB,KXNFLPASSYDS,KXNFLPASSYDS-26SEP24ATLGB-GBJLOVE10-325,Jordan Love: 325+,yes_bid,join,0.1,220.0,0.1,0.11,settled,100,no,-10.0,0.16,1790323059
T-6h|KXNFLPASSYDS-26SEP24ATLGB-GBJLOVE10-300|no_bid|join,T-6h,1790277762,1790295300,26SEP24ATLGB,KXNFLPASSYDS,KXNFLPASSYDS-26SEP24ATLGB-GBJLOVE10-300,Jordan Love: 300+,no_bid,join,0.17,14256.0,0.16,0.17,unfilled,0.0,,,,
T-6h|KXNFLPASSYDS-26SEP24ATLGB-GBJLOVE10-300|yes_bid|join,T-6h,1790277762,1790295300,26SEP24ATLGB,KXNFLPASSYDS,KXNFLPASSYDS-26SEP24ATLGB-GBJLOVE10-300,Jordan Love: 300+,yes_bid,join,0.16,2025.0,0.16,0.17,unfilled,0.0,,,,
T-6h|KXNFLPASSYDS-26SEP24ATLGB-GBJLOVE10-275|no_bid|join,T-6h,1790277762,1790295300,26SEP24ATLGB,KXNFLPASSYDS,KXNFLPASSYDS-26SEP24ATLGB-GBJLOVE10-275,Jordan Love: 275+,no_bid,join,0.25,11614.0,0.24,0.25,settled,100,yes,-75.0,0.33,1790323062
T-6h|KXNFLPASSYDS-26SEP24ATLGB-GBJLOVE10-275|yes_bid|join,T-6h,1790277762,1790295300,26SEP24ATLGB,KXNFLPASSYDS,KXNFLPASSYDS-26SEP24ATLGB-GBJLOVE10-275,Jordan Love: 275+,yes_bid,join,0.24,3301.0,0.24,0.25,unfilled,0.0,,,,
T-6h|KXNFLPASSYDS-26SEP24ATLGB-GBJLOVE10-250|no_bid|join,T-6h,1790277762,1790295300,26SEP24ATLGB,KXNFLPASSYDS,KXNFLPASSYDS-26SEP24ATLGB-GBJLOVE10-250,Jordan Love: 250+,no_bid,join,0.39,1635.37,0.38,0.39,settled,100,yes,-61.0,0.42,1790323060
T-6h|KXNFLPASSYDS-26SEP24ATLGB-GBJLOVE10-250|yes_bid|join,T-6h,1790277762,1790295300,26SEP24ATLGB,KXNFLPASSYDS,KXNFLPASSYDS-26SEP24ATLGB-GBJLOVE10-250,Jordan Love: 250+,yes_bid,join,0.38,2458.44,0.38,0.39,settled,100,yes,62.0,0.42,1790323060
T-6h|KXNFLPASSYDS-26SEP24ATLGB-GBJLOVE10-225|no_bid|join,T-6h,1790277762,1790295300,26SEP24ATLGB,KXNFLPASSYDS,KXNFLPASSYDS-26SEP24ATLGB-GBJLOVE10-225,Jordan Love: 225+,no_bid,join,0.55,2182.48,0.54,0.55,settled,100,yes,-45.0,0.44,1790323063
T-6h|KXNFLPASSYDS-26SEP24ATLGB-GBJLOVE10-225|yes_bid|join,T-6h,1790277762,1790295300,26SEP24ATLGB,KXNFLPASSYDS,KXNFLPASSYDS-26SEP24ATLGB-GBJLOVE10-225,Jordan Love: 225+,yes_bid,join,0.54,8606.0,0.54,0.55,unfilled,0.0,,,,
T-6h|KXNFLPASSYDS-26SEP24ATLGB-GBJLOVE10-200|no_bid|join,T-6h,1790277762,1790295300,26SEP24ATLGB,KXNFLPASSYDS,KXNFLPASSYDS-26SEP24ATLGB-GBJLOVE10-200,Jordan Love: 200+,no_bid,join,0.68,16511.07,0.67,0.68,unfilled,0.0,,,,
T-6h|KXNFLPASSYDS-26SEP24ATLGB-GBJLOVE10-200|yes_bid|join,T-6h,1790277762,1790295300,26SEP24ATLGB,KXNFLPASSYDS,KXNFLPASSYDS-26SEP24ATLGB-GBJLOVE10-200,Jordan Love: 200+,yes_bid,join,0.67,18002.96,0.67,0.68,unfilled,0.0,,,,
T-6h|KXNFLPASSYDS-26SEP24ATLGB-GBJLOVE10-175|no_bid|join,T-6h,1790277762,1790295300,26SEP24ATLGB,KXNFLPASSYDS,KXNFLPASSYDS-26SEP24ATLGB-GBJLOVE10-175,Jordan Love: 175+,no_bid,join,0.8,1216.0,0.79,0.8,settled,100,yes,-20.0,0.29,1790323056
T-6h|KXNFLPASSYDS-26SEP24ATLGB-GBJLOVE10-175|yes_bid|join,T-6h,1790277762,1790295300,26SEP24ATLGB,KXNFLPASSYDS,KXNFLPASSYDS-26SEP24ATLGB-GBJLOVE10-175,Jordan Love: 175+,yes_bid,join,0.79,106.45,0.79,0.8,unfilled,0.0,,,,
T-6h|KXNFLPASSYDS-26SEP24ATLGB-GBJLOVE10-150|no_bid|join,T-6h,1790277762,1790295300,26SEP24ATLGB,KXNFLPASSYDS,KXNFLPASSYDS-26SEP24ATLGB-GBJLOVE10-150,Jordan Love: 150+,no_bid,join,0.89,975.78,0.88,0.89,settled,100,yes,-11.0,0.18,1790323058
T-6h|KXNFLPASSYDS-26SEP24ATLGB-GBJLOVE10-150|yes_bid|join,T-6h,1790277762,1790295300,26SEP24ATLGB,KXNFLPASSYDS,KXNFLPASSYDS-26SEP24ATLGB-GBJLOVE10-150,Jordan Love: 150+,yes_bid,join,0.88,528.17,0.88,0.89,unfilled,0.0,,,,
T-6h|KXNFLREC-26SEP24ATLGB-ATLAHOOPER81-4|no_bid|join,T-6h,1790285563,1790295300,26SEP24ATLGB,KXNFLREC,KXNFLREC-26SEP24ATLGB-ATLAHOOPER81-4,Austin Hooper: 4+,no_bid,join,0.04,16555.0,0.02,0.04,unfilled,0.0,,,,
T-6h|KXNFLREC-26SEP24ATLGB-ATLAHOOPER81-4|yes_bid|join,T-6h,1790285563,1790295300,26SEP24ATLGB,KXNFLREC,KXNFLREC-26SEP24ATLGB-ATLAHOOPER81-4,Austin Hooper: 4+,yes_bid,join,0.02,52.0,0.02,0.04,settled,100,no,-2.0,0.04,1790323066
T-6h|KXNFLREC-26SEP24ATLGB-ATLAHOOPER81-4|no_bid|improve,T-6h,1790285563,1790295300,26SEP24ATLGB,KXNFLREC,KXNFLREC-26SEP24ATLGB-ATLAHOOPER81-4,Austin Hooper: 4+,no_bid,improve,0.03,0.0,0.02,0.04,settled,100,no,3.0,0.06,1790323066
T-6h|KXNFLREC-26SEP24ATLGB-ATLAHOOPER81-4|yes_bid|improve,T-6h,1790285563,1790295300,26SEP24ATLGB,KXNFLREC,KXNFLREC-26SEP24ATLGB-ATLAHOOPER81-4,Austin Hooper: 4+,yes_bid,improve,0.03,0.0,0.02,0.04,settled,100,no,-3.0,0.06,1790323066
T-6h|KXNFLREC-26SEP24ATLGB-ATLAHOOPER81-3|no_bid|join,T-6h,1790285563,1790295300,26SEP24ATLGB,KXNFLREC,KXNFLREC-26SEP24ATLGB-ATLAHOOPER81-3,Austin Hooper: 3+,no_bid,join,0.08,2804.27,0.01,0.08,unfilled,0.0,,,,
T-6h|KXNFLREC-26SEP24ATLGB-ATLAHOOPER81-3|yes_bid|join,T-6h,1790285563,1790295300,26SEP24ATLGB,KXNFLREC,KXNFLREC-26SEP24ATLGB-ATLAHOOPER81-3,Austin Hooper: 3+,yes_bid,join,0.01,4.0,0.01,0.08,unfilled,0.0,,,,
T-6h|KXNFLREC-26SEP24ATLGB-ATLAHOOPER81-3|no_bid|improve,T-6h,1790285563,1790295300,26SEP24ATLGB,KXNFLREC,KXNFLREC-26SEP24ATLGB-ATLAHOOPER81-3,Austin Hooper: 3+,no_bid,improve,0.07,0.0,0.01,0.08,settled,100,no,7.0,0.12,1790323065
T-6h|KXNFLREC-26SEP24ATLGB-ATLAHOOPER81-3|yes_bid|improve,T-6h,1790285563,1790295300,26SEP24ATLGB,KXNFLREC,KXNFLREC-26SEP24ATLGB-ATLAHOOPER81-3,Austin Hooper: 3+,yes_bid,improve,0.02,0.0,0.01,0.08,unfilled,0.0,,,,
T-6h|KXNFLREC-26SEP24ATLGB-GBJSMITH18-5|no_bid|join,T-6h,1790285563,1790295300,26SEP24ATLGB,KXNFLREC,KXNFLREC-26SEP24ATLGB-GBJSMITH18-5,Jonnu Smith: 5+,no_bid,join,0.04,20599.15,0.02,0.04,unfilled,0.0,,,,
T-6h|KXNFLREC-26SEP24ATLGB-GBJSMITH18-5|yes_bid|join,T-6h,1790285563,1790295300,26SEP24ATLGB,KXNFLREC,KXNFLREC-26SEP24ATLGB-GBJSMITH18-5,Jonnu Smith: 5+,yes_bid,join,0.02,46.0,0.02,0.04,unfilled,0.0,,,,
T-6h|KXNFLREC-26SEP24ATLGB-GBJSMITH18-5|no_bid|improve,T-6h,1790285563,1790295300,26SEP24ATLGB,KXNFLREC,KXNFLREC-26SEP24ATLGB-GBJSMITH18-5,Jonnu Smith: 5+,no_bid,improve,0.03,0.0,0.02,0.04,settled,100,no,3.0,0.06,1790323068
T-6h|KXNFLREC-26SEP24ATLGB-GBJSMITH18-5|yes_bid|improve,T-6h,1790285563,1790295300,26SEP24ATLGB,KXNFLREC,KXNFLREC-26SEP24ATLGB-GBJSMITH18-5,Jonnu Smith: 5+,yes_bid,improve,0.03,0.0,0.02,0.04,unfilled,0.0,,,,
T-6h|KXNFLREC-26SEP24ATLGB-GBCBROOKS30-5|no_bid|join,T-6h,1790285563,1790295300,26SEP24ATLGB,KXNFLREC,KXNFLREC-26SEP24ATLGB-GBCBROOKS30-5,Chris Brooks: 5+,no_bid,join,0.03,10506.0,0.01,0.03,unfilled,0.0,,,,
T-6h|KXNFLREC-26SEP24ATLGB-GBCBROOKS30-5|yes_bid|join,T-6h,1790285563,1790295300,26SEP24ATLGB,KXNFLREC,KXNFLREC-26SEP24ATLGB-GBCBROOKS30-5,Chris Brooks: 5+,yes_bid,join,0.01,3.0,0.01,0.03,unfilled,0.0,,,,
T-6h|KXNFLREC-26SEP24ATLGB-GBCBROOKS30-5|no_bid|improve,T-6h,1790285563,1790295300,26SEP24ATLGB,KXNFLREC,KXNFLREC-26SEP24ATLGB-GBCBROOKS30-5,Chris Brooks: 5+,no_bid,improve,0.02,0.0,0.01,0.03,settled,100,no,2.0,0.04,1790323057
T-6h|KXNFLREC-26SEP24ATLGB-GBCBROOKS30-5|yes_bid|improve,T-6h,1790285563,1790295300,26SEP24ATLGB,KXNFLREC,KXNFLREC-26SEP24ATLGB-GBCBROOKS30-5,Chris Brooks: 5+,yes_bid,improve,0.02,0.0,0.01,0.03,unfilled,0.0,,,,
T-6h|KXNFL1H-26SEP24ATLGB-TIE|no_bid|join,T-6h,1790285563,1790295300,26SEP24ATLGB,KXNFL1H,KXNFL1H-26SEP24ATLGB-TIE,Tie 1st Half,no_bid,join,0.09,163329.76,0.08,0.09,unfilled,0.0,,,,
T-6h|KXNFL1H-26SEP24ATLGB-TIE|yes_bid|join,T-6h,1790285563,1790295300,26SEP24ATLGB,KXNFL1H,KXNFL1H-26SEP24ATLGB-TIE,Tie 1st Half,yes_bid,join,0.08,1896.6,0.08,0.09,unfilled,0.0,,,,
T-6h|KXNFL1H-26SEP24ATLGB-GB|no_bid|join,T-6h,1790285563,1790295300,26SEP24ATLGB,KXNFL1H,KXNFL1H-26SEP24ATLGB-GB,Green Bay wins 1st Half,no_bid,join,0.6,102020.68,0.59,0.6,settled,100,no,60.0,0.43,1790302779
T-6h|KXNFL1H-26SEP24ATLGB-GB|yes_bid|join,T-6h,1790285563,1790295300,26SEP24ATLGB,KXNFL1H,KXNFL1H-26SEP24ATLGB-GB,Green Bay wins 1st Half,yes_bid,join,0.59,1937.11,0.59,0.6,settled,100,no,-59.0,0.43,1790302779
T-6h|KXNFL1H-26SEP24ATLGB-ATL|no_bid|join,T-6h,1790285563,1790295300,26SEP24ATLGB,KXNFL1H,KXNFL1H-26SEP24ATLGB-ATL,Atlanta wins 1st Half,no_bid,join,0.33,13374.85,0.32,0.33,settled,100,yes,-67.0,0.39,1790302783
T-6h|KXNFL1H-26SEP24ATLGB-ATL|yes_bid|join,T-6h,1790285563,1790295300,26SEP24ATLGB,KXNFL1H,KXNFL1H-26SEP24ATLGB-ATL,Atlanta wins 1st Half,yes_bid,join,0.32,31171.15,0.32,0.33,unfilled,0.0,,,,
T-6h|KXNFL1HSPREAD-26SEP24ATLGB-GB8|no_bid|join,T-6h,1790285563,1790295300,26SEP24ATLGB,KXNFL1HSPREAD,KXNFL1HSPREAD-26SEP24ATLGB-GB8,GB Packers wins 1H by over 7.5 points,no_bid,join,0.29,8001.0,0.28,0.29,unfilled,0.0,,,,
T-6h|KXNFL1HSPREAD-26SEP24ATLGB-GB8|yes_bid|join,T-6h,1790285563,1790295300,26SEP24ATLGB,KXNFL1HSPREAD,KXNFL1HSPREAD-26SEP24ATLGB-GB8,GB Packers wins 1H by over 7.5 points,yes_bid,join,0.28,24611.0,0.28,0.29,settled,100,no,-28.0,0.36,1790302785
T-6h|KXNFL1HSPREAD-26SEP24ATLGB-GB7|no_bid|join,T-6h,1790285563,1790295300,26SEP24ATLGB,KXNFL1HSPREAD,KXNFL1HSPREAD-26SEP24ATLGB-GB7,GB Packers wins 1H by over 6.5 points,no_bid,join,0.38,21036.9,0.37,0.38,unfilled,0.0,,,,
T-6h|KXNFL1HSPREAD-26SEP24ATLGB-GB7|yes_bid|join,T-6h,1790285563,1790295300,26SEP24ATLGB,KXNFL1HSPREAD,KXNFL1HSPREAD-26SEP24ATLGB-GB7,GB Packers wins 1H by over 6.5 points,yes_bid,join,0.37,23544.81,0.37,0.38,settled,100,no,-37.0,0.41,1790302787
T-6h|KXNFL1HSPREAD-26SEP24ATLGB-GB5|no_bid|join,T-6h,1790285563,1790295300,26SEP24ATLGB,KXNFL1HSPREAD,KXNFL1HSPREAD-26SEP24ATLGB-GB5,GB Packers wins 1H by over 4.5 points,no_bid,join,0.43,22949.77,0.42,0.43,unfilled,0.0,,,,
T-6h|KXNFL1HSPREAD-26SEP24ATLGB-GB5|yes_bid|join,T-6h,1790285563,1790295300,26SEP24ATLGB,KXNFL1HSPREAD,KXNFL1HSPREAD-26SEP24ATLGB-GB5,GB Packers wins 1H by over 4.5 points,yes_bid,join,0.42,22781.79,0.42,0.43,settled,100,no,-42.0,0.43,1790302782
T-6h|KXNFL1HSPREAD-26SEP24ATLGB-GB4|no_bid|join,T-6h,1790285563,1790295300,26SEP24ATLGB,KXNFL1HSPREAD,KXNFL1HSPREAD-26SEP24ATLGB-GB4,GB Packers wins 1H by over 3.5 points,no_bid,join,0.48,46064.28,0.47,0.48,unfilled,0.0,,,,
T-6h|KXNFL1HSPREAD-26SEP24ATLGB-GB4|yes_bid|join,T-6h,1790285563,1790295300,26SEP24ATLGB,KXNFL1HSPREAD,KXNFL1HSPREAD-26SEP24ATLGB-GB4,GB Packers wins 1H by over 3.5 points,yes_bid,join,0.47,16487.66,0.47,0.48,settled,100,no,-47.0,0.44,1790302782
T-6h|KXNFL1HSPREAD-26SEP24ATLGB-GB3|no_bid|join,T-6h,1790285563,1790295300,26SEP24ATLGB,KXNFL1HSPREAD,KXNFL1HSPREAD-26SEP24ATLGB-GB3,GB Packers wins 1H by over 2.5 points,no_bid,join,0.56,85346.04,0.55,0.56,settled,100,no,56.0,0.44,1790302781
T-6h|KXNFL1HSPREAD-26SEP24ATLGB-GB3|yes_bid|join,T-6h,1790285563,1790295300,26SEP24ATLGB,KXNFL1HSPREAD,KXNFL1HSPREAD-26SEP24ATLGB-GB3,GB Packers wins 1H by over 2.5 points,yes_bid,join,0.55,49720.0,0.55,0.56,unfilled,0.0,,,,
T-6h|KXNFL1HSPREAD-26SEP24ATLGB-GB14|no_bid|join,T-6h,1790285563,1790295300,26SEP24ATLGB,KXNFL1HSPREAD,KXNFL1HSPREAD-26SEP24ATLGB-GB14,GB Packers wins 1H by over 13.5 points,no_bid,join,0.16,33159.66,0.15,0.16,settled,100,no,16.0,0.24,1790302782
T-6h|KXNFL1HSPREAD-26SEP24ATLGB-GB14|yes_bid|join,T-6h,1790285563,1790295300,26SEP24ATLGB,KXNFL1HSPREAD,KXNFL1HSPREAD-26SEP24ATLGB-GB14,GB Packers wins 1H by over 13.5 points,yes_bid,join,0.15,470.0,0.15,0.16,unfilled,0.0,,,,
T-6h|KXNFL1HSPREAD-26SEP24ATLGB-GB11|no_bid|join,T-6h,1790285563,1790295300,26SEP24ATLGB,KXNFL1HSPREAD,KXNFL1HSPREAD-26SEP24ATLGB-GB11,GB Packers wins 1H by over 10.5 points,no_bid,join,0.21,15584.0,0.2,0.21,unfilled,0.0,,,,
T-6h|KXNFL1HSPREAD-26SEP24ATLGB-GB11|yes_bid|join,T-6h,1790285563,1790295300,26SEP24ATLGB,KXNFL1HSPREAD,KXNFL1HSPREAD-26SEP24ATLGB-GB11,GB Packers wins 1H by over 10.5 points,yes_bid,join,0.2,1710.0,0.2,0.21,unfilled,0.0,,,,
T-6h|KXNFL1HSPREAD-26SEP24ATLGB-GB10|no_bid|join,T-6h,1790285563,1790295300,26SEP24ATLGB,KXNFL1HSPREAD,KXNFL1HSPREAD-26SEP24ATLGB-GB10,GB Packers wins 1H by over 9.5 points,no_bid,join,0.26,2963.44,0.25,0.26,unfilled,0.0,,,,
T-6h|KXNFL1HSPREAD-26SEP24ATLGB-GB10|yes_bid|join,T-6h,1790285563,1790295300,26SEP24ATLGB,KXNFL1HSPREAD,KXNFL1HSPREAD-26SEP24ATLGB-GB10,GB Packers wins 1H by over 9.5 points,yes_bid,join,0.25,24507.72,0.25,0.26,unfilled,0.0,,,,
T-6h|KXNFL1HSPREAD-26SEP24ATLGB-ATL8|no_bid|join,T-6h,1790285563,1790295300,26SEP24ATLGB,KXNFL1HSPREAD,KXNFL1HSPREAD-26SEP24ATLGB-ATL8,ATL Falcons wins 1H by over 7.5 points,no_bid,join,0.13,1274.0,0.12,0.13,unfilled,0.0,,,,
T-6h|KXNFL1HSPREAD-26SEP24ATLGB-ATL8|yes_bid|join,T-6h,1790285563,1790295300,26SEP24ATLGB,KXNFL1HSPREAD,KXNFL1HSPREAD-26SEP24ATLGB-ATL8,ATL Falcons wins 1H by over 7.5 points,yes_bid,join,0.12,21100.0,0.12,0.13,settled,100,yes,88.0,0.19,1790302776
T-6h|KXNFL1HSPREAD-26SEP24ATLGB-ATL7|no_bid|join,T-6h,1790285563,1790295300,26SEP24ATLGB,KXNFL1HSPREAD,KXNFL1HSPREAD-26SEP24ATLGB-ATL7,ATL Falcons wins 1H by over 6.5 points,no_bid,join,0.18,12697.47,0.17,0.18,settled,100,yes,-82.0,0.26,1790302786
T-6h|KXNFL1HSPREAD-26SEP24ATLGB-ATL7|yes_bid|join,T-6h,1790285563,1790295300,26SEP24ATLGB,KXNFL1HSPREAD,KXNFL1HSPREAD-26SEP24ATLGB-ATL7,ATL Falcons wins 1H by over 6.5 points,yes_bid,join,0.17,12220.0,0.17,0.18,unfilled,0.0,,,,
T-6h|KXNFL1HSPREAD-26SEP24ATLGB-ATL5|no_bid|join,T-6h,1790285563,1790295300,26SEP24ATLGB,KXNFL1HSPREAD,KXNFL1HSPREAD-26SEP24ATLGB-ATL5,ATL Falcons wins 1H by over 4.5 points,no_bid,join,0.21,12435.0,0.2,0.21,settled,100,yes,-79.0,0.3,1790302785
T-6h|KXNFL1HSPREAD-26SEP24ATLGB-ATL5|yes_bid|join,T-6h,1790285563,1790295300,26SEP24ATLGB,KXNFL1HSPREAD,KXNFL1HSPREAD-26SEP24ATLGB-ATL5,ATL Falcons wins 1H by over 4.5 points,yes_bid,join,0.2,12427.0,0.2,0.21,unfilled,0.0,,,,
T-6h|KXNFL1HSPREAD-26SEP24ATLGB-ATL4|no_bid|join,T-6h,1790285563,1790295300,26SEP24ATLGB,KXNFL1HSPREAD,KXNFL1HSPREAD-26SEP24ATLGB-ATL4,ATL Falcons wins 1H by over 3.5 points,no_bid,join,0.24,24820.88,0.23,0.24,unfilled,0.0,,,,
T-6h|KXNFL1HSPREAD-26SEP24ATLGB-ATL4|yes_bid|join,T-6h,1790285563,1790295300,26SEP24ATLGB,KXNFL1HSPREAD,KXNFL1HSPREAD-26SEP24ATLGB-ATL4,ATL Falcons wins 1H by over 3.5 points,yes_bid,join,0.23,30132.0,0.23,0.24,unfilled,0.0,,,,
T-6h|KXNFL1HSPREAD-26SEP24ATLGB-ATL3|no_bid|join,T-6h,1790285563,1790295300,26SEP24ATLGB,KXNFL1HSPREAD,KXNFL1HSPREAD-26SEP24ATLGB-ATL3,ATL Falcons wins 1H by over 2.5 points,no_bid,join,0.29,25482.97,0.28,0.29,settled,100,yes,-71.0,0.37,1790302777
T-6h|KXNFL1HSPREAD-26SEP24ATLGB-ATL3|yes_bid|join,T-6h,1790285563,1790295300,26SEP24ATLGB,KXNFL1HSPREAD,KXNFL1HSPREAD-26SEP24ATLGB-ATL3,ATL Falcons wins 1H by over 2.5 points,yes_bid,join,0.28,40302.08,0.28,0.29,unfilled,0.0,,,,
T-6h|KXNFL1HSPREAD-26SEP24ATLGB-ATL11|no_bid|join,T-6h,1790285563,1790295300,26SEP24ATLGB,KXNFL1HSPREAD,KXNFL1HSPREAD-26SEP24ATLGB-ATL11,ATL Falcons wins 1H by over 10.5 points,no_bid,join,0.08,12220.0,0.07,0.08,settled,100,no,8.0,0.13,1790302779
T-6h|KXNFL1HSPREAD-26SEP24ATLGB-ATL11|yes_bid|join,T-6h,1790285563,1790295300,26SEP24ATLGB,KXNFL1HSPREAD,KXNFL1HSPREAD-26SEP24ATLGB-ATL11,ATL Falcons wins 1H by over 10.5 points,yes_bid,join,0.07,12250.0,0.07,0.08,unfilled,0.0,,,,
T-6h|KXNFL1HSPREAD-26SEP24ATLGB-ATL10|no_bid|join,T-6h,1790285563,1790295300,26SEP24ATLGB,KXNFL1HSPREAD,KXNFL1HSPREAD-26SEP24ATLGB-ATL10,ATL Falcons wins 1H by over 9.5 points,no_bid,join,0.1,13331.0,0.08,0.1,settled,100,yes,-90.0,0.16,1790302780
T-6h|KXNFL1HSPREAD-26SEP24ATLGB-ATL10|yes_bid|join,T-6h,1790285563,1790295300,26SEP24ATLGB,KXNFL1HSPREAD,KXNFL1HSPREAD-26SEP24ATLGB-ATL10,ATL Falcons wins 1H by over 9.5 points,yes_bid,join,0.08,5046.0,0.08,0.1,unfilled,0.0,,,,
T-6h|KXNFL1HSPREAD-26SEP24ATLGB-ATL10|no_bid|improve,T-6h,1790285563,1790295300,26SEP24ATLGB,KXNFL1HSPREAD,KXNFL1HSPREAD-26SEP24ATLGB-ATL10,ATL Falcons wins 1H by over 9.5 points,no_bid,improve,0.09,0.0,0.08,0.1,settled,100,yes,-91.0,0.15,1790302780
T-6h|KXNFL1HSPREAD-26SEP24ATLGB-ATL10|yes_bid|improve,T-6h,1790285563,1790295300,26SEP24ATLGB,KXNFL1HSPREAD,KXNFL1HSPREAD-26SEP24ATLGB-ATL10,ATL Falcons wins 1H by over 9.5 points,yes_bid,improve,0.09,0.0,0.08,0.1,unfilled,0.0,,,,
T-6h|KXNFL1HTOTAL-26SEP24ATLGB-8|no_bid|join,T-6h,1790285563,1790295300,26SEP24ATLGB,KXNFL1HTOTAL,KXNFL1HTOTAL-26SEP24ATLGB-8,Over 7.5 1H points scored,no_bid,join,0.97,80001.84,0.95,0.97,unfilled,0.0,,,,
T-6h|KXNFL1HTOTAL-26SEP24ATLGB-8|yes_bid|join,T-6h,1790285563,1790295300,26SEP24ATLGB,KXNFL1HTOTAL,KXNFL1HTOTAL-26SEP24ATLGB-8,Over 7.5 1H points scored,yes_bid,join,0.95,65070.31,0.95,0.97,unfilled,0.0,,,,
T-6h|KXNFL1HTOTAL-26SEP24ATLGB-8|no_bid|improve,T-6h,1790285563,1790295300,26SEP24ATLGB,KXNFL1HTOTAL,KXNFL1HTOTAL-26SEP24ATLGB-8,Over 7.5 1H points scored,no_bid,improve,0.96,0.0,0.95,0.97,settled,100,yes,-4.0,0.07,1790302785
T-6h|KXNFL1HTOTAL-26SEP24ATLGB-8|yes_bid|improve,T-6h,1790285563,1790295300,26SEP24ATLGB,KXNFL1HTOTAL,KXNFL1HTOTAL-26SEP24ATLGB-8,Over 7.5 1H points scored,yes_bid,improve,0.96,0.0,0.95,0.97,settled,100,yes,4.0,0.07,1790302785
T-6h|KXNFL1HTOTAL-26SEP24ATLGB-43|no_bid|join,T-6h,1790285563,1790295300,26SEP24ATLGB,KXNFL1HTOTAL,KXNFL1HTOTAL-26SEP24ATLGB-43,Over 42.5 1H points scored,no_bid,join,0.02,57451.74,0.01,0.02,settled,100,no,2.0,0.04,1790302776
T-6h|KXNFL1HTOTAL-26SEP24ATLGB-43|yes_bid|join,T-6h,1790285563,1790295300,26SEP24ATLGB,KXNFL1HTOTAL,KXNFL1HTOTAL-26SEP24ATLGB-43,Over 42.5 1H points scored,yes_bid,join,0.01,7851.0,0.01,0.02,unfilled,0.0,,,,
T-6h|KXNFL1HTOTAL-26SEP24ATLGB-4|no_bid|join,T-6h,1790285563,1790295300,26SEP24ATLGB,KXNFL1HTOTAL,KXNFL1HTOTAL-26SEP24ATLGB-4,Over 3.5 1H points scored,no_bid,join,0.99,12820.77,0.98,0.99,unfilled,0.0,,,,
T-6h|KXNFL1HTOTAL-26SEP24ATLGB-4|yes_bid|join,T-6h,1790285563,1790295300,26SEP24ATLGB,KXNFL1HTOTAL,KXNFL1HTOTAL-26SEP24ATLGB-4,Over 3.5 1H points scored,yes_bid,join,0.98,61715.0,0.98,0.99,unfilled,0.0,,,,
T-6h|KXNFL1HTOTAL-26SEP24ATLGB-39|no_bid|join,T-6h,1790285563,1790295300,26SEP24ATLGB,KXNFL1HTOTAL,KXNFL1HTOTAL-26SEP24ATLGB-39,Over 38.5 1H points scored,no_bid,join,0.04,10534.7,0.03,0.04,unfilled,0.0,,,,
T-6h|KXNFL1HTOTAL-26SEP24ATLGB-39|yes_bid|join,T-6h,1790285563,1790295300,26SEP24ATLGB,KXNFL1HTOTAL,KXNFL1HTOTAL-26SEP24ATLGB-39,Over 38.5 1H points scored,yes_bid,join,0.03,13853.0,0.03,0.04,unfilled,0.0,,,,
T-6h|KXNFL1HTOTAL-26SEP24ATLGB-36|no_bid|join,T-6h,1790285563,1790295300,26SEP24ATLGB,KXNFL1HTOTAL,KXNFL1HTOTAL-26SEP24ATLGB-36,Over 35.5 1H points scored,no_bid,join,0.07,19163.57,0.06,0.07,unfilled,0.0,,,,
T-6h|KXNFL1HTOTAL-26SEP24ATLGB-36|yes_bid|join,T-6h,1790285563,1790295300,26SEP24ATLGB,KXNFL1HTOTAL,KXNFL1HTOTAL-26SEP24ATLGB-36,Over 35.5 1H points scored,yes_bid,join,0.06,12232.0,0.06,0.07,unfilled,0.0,,,,
T-6h|KXNFL1HTOTAL-26SEP24ATLGB-32|no_bid|join,T-6h,1790285563,1790295300,26SEP24ATLGB,KXNFL1HTOTAL,KXNFL1HTOTAL-26SEP24ATLGB-32,Over 31.5 1H points scored,no_bid,join,0.12,12700.03,0.11,0.12,unfilled,0.0,,,,
T-6h|KXNFL1HTOTAL-26SEP24ATLGB-32|yes_bid|join,T-6h,1790285563,1790295300,26SEP24ATLGB,KXNFL1HTOTAL,KXNFL1HTOTAL-26SEP24ATLGB-32,Over 31.5 1H points scored,yes_bid,join,0.11,25175.0,0.11,0.12,unfilled,0.0,,,,
T-6h|KXNFL1HTOTAL-26SEP24ATLGB-29|no_bid|join,T-6h,1790285563,1790295300,26SEP24ATLGB,KXNFL1HTOTAL,KXNFL1HTOTAL-26SEP24ATLGB-29,Over 28.5 1H points scored,no_bid,join,0.2,11556.04,0.19,0.2,settled,100,no,20.0,0.29,1790302780
T-6h|KXNFL1HTOTAL-26SEP24ATLGB-29|yes_bid|join,T-6h,1790285563,1790295300,26SEP24ATLGB,KXNFL1HTOTAL,KXNFL1HTOTAL-26SEP24ATLGB-29,Over 28.5 1H points scored,yes_bid,join,0.19,26009.03,0.19,0.2,unfilled,0.0,,,,
T-6h|KXNFL1HTOTAL-26SEP24ATLGB-25|no_bid|join,T-6h,1790285563,1790295300,26SEP24ATLGB,KXNFL1HTOTAL,KXNFL1HTOTAL-26SEP24ATLGB-25,Over 24.5 1H points scored,no_bid,join,0.33,36312.55,0.32,0.33,settled,100,no,33.0,0.39,1790302776
T-6h|KXNFL1HTOTAL-26SEP24ATLGB-25|yes_bid|join,T-6h,1790285563,1790295300,26SEP24ATLGB,KXNFL1HTOTAL,KXNFL1HTOTAL-26SEP24ATLGB-25,Over 24.5 1H points scored,yes_bid,join,0.32,14397.41,0.32,0.33,unfilled,0.0,,,,
T-6h|KXNFL1HTOTAL-26SEP24ATLGB-22|no_bid|join,T-6h,1790285563,1790295300,26SEP24ATLGB,KXNFL1HTOTAL,KXNFL1HTOTAL-26SEP24ATLGB-22,Over 21.5 1H points scored,no_bid,join,0.48,36364.03,0.47,0.48,settled,100,yes,-52.0,0.44,1790302778
T-6h|KXNFL1HTOTAL-26SEP24ATLGB-22|yes_bid|join,T-6h,1790285563,1790295300,26SEP24ATLGB,KXNFL1HTOTAL,KXNFL1HTOTAL-26SEP24ATLGB-22,Over 21.5 1H points scored,yes_bid,join,0.47,28721.5,0.47,0.48,settled,100,yes,53.0,0.44,1790302778
T-6h|KXNFL1HTOTAL-26SEP24ATLGB-21|no_bid|join,T-6h,1790285563,1790295300,26SEP24ATLGB,KXNFL1HTOTAL,KXNFL1HTOTAL-26SEP24ATLGB-21,Over 20.5 1H points scored,no_bid,join,0.53,81264.62,0.52,0.53,settled,100,yes,-47.0,0.44,1790302777
T-6h|KXNFL1HTOTAL-26SEP24ATLGB-21|yes_bid|join,T-6h,1790285563,1790295300,26SEP24ATLGB,KXNFL1HTOTAL,KXNFL1HTOTAL-26SEP24ATLGB-21,Over 20.5 1H points scored,yes_bid,join,0.52,1421.0,0.52,0.53,settled,100,yes,48.0,0.44,1790302777
T-6h|KXNFL1HTOTAL-26SEP24ATLGB-18|no_bid|join,T-6h,1790285563,1790295300,26SEP24ATLGB,KXNFL1HTOTAL,KXNFL1HTOTAL-26SEP24ATLGB-18,Over 17.5 1H points scored,no_bid,join,0.65,45207.0,0.64,0.65,settled,100,yes,-35.0,0.4,1790302776
T-6h|KXNFL1HTOTAL-26SEP24ATLGB-18|yes_bid|join,T-6h,1790285563,1790295300,26SEP24ATLGB,KXNFL1HTOTAL,KXNFL1HTOTAL-26SEP24ATLGB-18,Over 17.5 1H points scored,yes_bid,join,0.64,31420.0,0.64,0.65,unfilled,0.0,,,,
T-6h|KXNFL1HTOTAL-26SEP24ATLGB-15|no_bid|join,T-6h,1790285563,1790295300,26SEP24ATLGB,KXNFL1HTOTAL,KXNFL1HTOTAL-26SEP24ATLGB-15,Over 14.5 1H points scored,no_bid,join,0.78,2403.6,0.77,0.78,settled,100,yes,-22.0,0.31,1790302779
T-6h|KXNFL1HTOTAL-26SEP24ATLGB-15|yes_bid|join,T-6h,1790285563,1790295300,26SEP24ATLGB,KXNFL1HTOTAL,KXNFL1HTOTAL-26SEP24ATLGB-15,Over 14.5 1H points scored,yes_bid,join,0.77,40290.0,0.77,0.78,unfilled,0.0,,,,
T-6h|KXNFL1HTOTAL-26SEP24ATLGB-11|no_bid|join,T-6h,1790285563,1790295300,26SEP24ATLGB,KXNFL1HTOTAL,KXNFL1HTOTAL-26SEP24ATLGB-11,Over 10.5 1H points scored,no_bid,join,0.9,15743.32,0.89,0.9,unfilled,0.0,,,,
T-6h|KXNFL1HTOTAL-26SEP24ATLGB-11|yes_bid|join,T-6h,1790285563,1790295300,26SEP24ATLGB,KXNFL1HTOTAL,KXNFL1HTOTAL-26SEP24ATLGB-11,Over 10.5 1H points scored,yes_bid,join,0.89,1723.0,0.89,0.9,unfilled,0.0,,,,
T-6h|KXNFL1QSPREAD-26SEP24ATLGB-GB8|no_bid|join,T-6h,1790285563,1790295300,26SEP24ATLGB,KXNFL1QSPREAD,KXNFL1QSPREAD-26SEP24ATLGB-GB8,GB Packers wins 1Q by over 7.5 points,no_bid,join,0.11,13214.0,0.1,0.11,settled,100,no,11.0,0.18,1790299087
T-6h|KXNFL1QSPREAD-26SEP24ATLGB-GB8|yes_bid|join,T-6h,1790285563,1790295300,26SEP24ATLGB,KXNFL1QSPREAD,KXNFL1QSPREAD-26SEP24ATLGB-GB8,GB Packers wins 1Q by over 7.5 points,yes_bid,join,0.1,1421.0,0.1,0.11,unfilled,0.0,,,,
T-6h|KXNFL1QSPREAD-26SEP24ATLGB-GB7|no_bid|join,T-6h,1790285563,1790295300,26SEP24ATLGB,KXNFL1QSPREAD,KXNFL1QSPREAD-26SEP24ATLGB-GB7,GB Packers wins 1Q by over 6.5 points,no_bid,join,0.27,24947.79,0.26,0.27,unfilled,0.0,,,,
T-6h|KXNFL1QSPREAD-26SEP24ATLGB-GB7|yes_bid|join,T-6h,1790285563,1790295300,26SEP24ATLGB,KXNFL1QSPREAD,KXNFL1QSPREAD-26SEP24ATLGB-GB7,GB Packers wins 1Q by over 6.5 points,yes_bid,join,0.26,12220.0,0.26,0.27,settled,100,no,-26.0,0.34,1790299084
T-6h|KXNFL1QSPREAD-26SEP24ATLGB-GB4|no_bid|join,T-6h,1790285563,1790295300,26SEP24ATLGB,KXNFL1QSPREAD,KXNFL1QSPREAD-26SEP24ATLGB-GB4,GB Packers wins 1Q by over 3.5 points,no_bid,join,0.36,15228.38,0.34,0.36,unfilled,0.0,,,,
T-6h|KXNFL1QSPREAD-26SEP24ATLGB-GB4|yes_bid|join,T-6h,1790285563,1790295300,26SEP24ATLGB,KXNFL1QSPREAD,KXNFL1QSPREAD-26SEP24ATLGB-GB4,GB Packers wins 1Q by over 3.5 points,yes_bid,join,0.34,16685.47,0.34,0.36,settled,100,no,-34.0,0.4,1790299090
T-6h|KXNFL1QSPREAD-26SEP24ATLGB-GB4|no_bid|improve,T-6h,1790285563,1790295300,26SEP24ATLGB,KXNFL1QSPREAD,KXNFL1QSPREAD-26SEP24ATLGB-GB4,GB Packers wins 1Q by over 3.5 points,no_bid,improve,0.35,0.0,0.34,0.36,settled,100,no,35.0,0.4,1790299090
T-6h|KXNFL1QSPREAD-26SEP24ATLGB-GB4|yes_bid|improve,T-6h,1790285563,1790295300,26SEP24ATLGB,KXNFL1QSPREAD,KXNFL1QSPREAD-26SEP24ATLGB-GB4,GB Packers wins 1Q by over 3.5 points,yes_bid,improve,0.35,0.0,0.34,0.36,settled,100,no,-35.0,0.4,1790299090
T-6h|KXNFL1QSPREAD-26SEP24ATLGB-GB3|no_bid|join,T-6h,1790285563,1790295300,26SEP24ATLGB,KXNFL1QSPREAD,KXNFL1QSPREAD-26SEP24ATLGB-GB3,GB Packers wins 1Q by over 2.5 points,no_bid,join,0.46,61149.28,0.45,0.46,unfilled,0.0,,,,
T-6h|KXNFL1QSPREAD-26SEP24ATLGB-GB3|yes_bid|join,T-6h,1790285563,1790295300,26SEP24ATLGB,KXNFL1QSPREAD,KXNFL1QSPREAD-26SEP24ATLGB-GB3,GB Packers wins 1Q by over 2.5 points,yes_bid,join,0.45,9846.21,0.45,0.46,settled,100,no,-45.0,0.44,1790299090
T-6h|KXNFL1QSPREAD-26SEP24ATLGB-GB11|no_bid|join,T-6h,1790285563,1790295300,26SEP24ATLGB,KXNFL1QSPREAD,KXNFL1QSPREAD-26SEP24ATLGB-GB11,GB Packers wins 1Q by over 10.5 points,no_bid,join,0.08,34124.75,0.07,0.08,unfilled,0.0,,,,
T-6h|KXNFL1QSPREAD-26SEP24ATLGB-GB11|yes_bid|join,T-6h,1790285563,1790295300,26SEP24ATLGB,KXNFL1QSPREAD,KXNFL1QSPREAD-26SEP24ATLGB-GB11,GB Packers wins 1Q by over 10.5 points,yes_bid,join,0.07,296.91,0.07,0.08,unfilled,0.0,,,,
T-6h|KXNFL1QSPREAD-26SEP24ATLGB-ATL8|no_bid|join,T-6h,1790285563,1790295300,26SEP24ATLGB,KXNFL1QSPREAD,KXNFL1QSPREAD-26SEP24ATLGB-ATL8,ATL Falcons wins 1Q by over 7.5 points,no_bid,join,0.05,12167.11,0.04,0.05,settled,100,no,5.0,0.09,1790299079
T-6h|KXNFL1QSPREAD-26SEP24ATLGB-ATL8|yes_bid|join,T-6h,1790285563,1790295300,26SEP24ATLGB,KXNFL1QSPREAD,KXNFL1QSPREAD-26SEP24ATLGB-ATL8,ATL Falcons wins 1Q by over 7.5 points,yes_bid,join,0.04,13433.0,0.04,0.05,unfilled,0.0,,,,
T-6h|KXNFL1QSPREAD-26SEP24ATLGB-ATL7|no_bid|join,T-6h,1790285563,1790295300,26SEP24ATLGB,KXNFL1QSPREAD,KXNFL1QSPREAD-26SEP24ATLGB-ATL7,ATL Falcons wins 1Q by over 6.5 points,no_bid,join,0.14,13162.0,0.13,0.14,settled,100,no,14.0,0.22,1790299088
T-6h|KXNFL1QSPREAD-26SEP24ATLGB-ATL7|yes_bid|join,T-6h,1790285563,1790295300,26SEP24ATLGB,KXNFL1QSPREAD,KXNFL1QSPREAD-26SEP24ATLGB-ATL7,ATL Falcons wins 1Q by over 6.5 points,yes_bid,join,0.13,13820.0,0.13,0.14,unfilled,0.0,,,,
T-6h|KXNFL1QSPREAD-26SEP24ATLGB-ATL4|no_bid|join,T-6h,1790285563,1790295300,26SEP24ATLGB,KXNFL1QSPREAD,KXNFL1QSPREAD-26SEP24ATLGB-ATL4,ATL Falcons wins 1Q by over 3.5 points,no_bid,join,0.22,17597.03,0.21,0.22,unfilled,0.0,,,,
T-6h|KXNFL1QSPREAD-26SEP24ATLGB-ATL4|yes_bid|join,T-6h,1790285563,1790295300,26SEP24ATLGB,KXNFL1QSPREAD,KXNFL1QSPREAD-26SEP24ATLGB-ATL4,ATL Falcons wins 1Q by over 3.5 points,yes_bid,join,0.21,12120.0,0.21,0.22,unfilled,0.0,,,,
T-6h|KXNFL1QSPREAD-26SEP24ATLGB-ATL3|no_bid|join,T-6h,1790285563,1790295300,26SEP24ATLGB,KXNFL1QSPREAD,KXNFL1QSPREAD-26SEP24ATLGB-ATL3,ATL Falcons wins 1Q by over 2.5 points,no_bid,join,0.3,12423.08,0.29,0.3,settled,100,no,30.0,0.37,1790299089
T-6h|KXNFL1QSPREAD-26SEP24ATLGB-ATL3|yes_bid|join,T-6h,1790285563,1790295300,26SEP24ATLGB,KXNFL1QSPREAD,KXNFL1QSPREAD-26SEP24ATLGB-ATL3,ATL Falcons wins 1Q by over 2.5 points,yes_bid,join,0.29,22520.0,0.29,0.3,unfilled,0.0,,,,
T-6h|KXNFL1QSPREAD-26SEP24ATLGB-ATL11|no_bid|join,T-6h,1790285563,1790295300,26SEP24ATLGB,KXNFL1QSPREAD,KXNFL1QSPREAD-26SEP24ATLGB-ATL11,ATL Falcons wins 1Q by over 10.5 points,no_bid,join,0.04,33260.0,0.03,0.04,settled,100,no,4.0,0.07,1790299077
T-6h|KXNFL1QSPREAD-26SEP24ATLGB-ATL11|yes_bid|join,T-6h,1790285563,1790295300,26SEP24ATLGB,KXNFL1QSPREAD,KXNFL1QSPREAD-26SEP24ATLGB-ATL11,ATL Falcons wins 1Q by over 10.5 points,yes_bid,join,0.03,1.0,0.03,0.04,settled,100,no,-3.0,0.06,1790299077
T-6h|KXNFL1QTOTAL-26SEP24ATLGB-8|no_bid|join,T-6h,1790285563,1790295300,26SEP24ATLGB,KXNFL1QTOTAL,KXNFL1QTOTAL-26SEP24ATLGB-8,Over 7.5 1Q points scored,no_bid,join,0.47,30000.0,0.46,0.47,settled,100,yes,-53.0,0.44,1790299087
T-6h|KXNFL1QTOTAL-26SEP24ATLGB-8|yes_bid|join,T-6h,1790285563,1790295300,26SEP24ATLGB,KXNFL1QTOTAL,KXNFL1QTOTAL-26SEP24ATLGB-8,Over 7.5 1Q points scored,yes_bid,join,0.46,10739.23,0.46,0.47,unfilled,0.0,,,,
T-6h|KXNFL1QTOTAL-26SEP24ATLGB-7|no_bid|join,T-6h,1790285563,1790295300,26SEP24ATLGB,KXNFL1QTOTAL,KXNFL1QTOTAL-26SEP24ATLGB-7,Over 6.5 1Q points scored,no_bid,join,0.68,15281.0,0.66,0.68,unfilled,0.0,,,,
T-6h|KXNFL1QTOTAL-26SEP24ATLGB-7|yes_bid|join,T-6h,1790285563,1790295300,26SEP24ATLGB,KXNFL1QTOTAL,KXNFL1QTOTAL-26SEP24ATLGB-7,Over 6.5 1Q points scored,yes_bid,join,0.66,2135.0,0.66,0.68,unfilled,0.0,,,,
T-6h|KXNFL1QTOTAL-26SEP24ATLGB-7|no_bid|improve,T-6h,1790285563,1790295300,26SEP24ATLGB,KXNFL1QTOTAL,KXNFL1QTOTAL-26SEP24ATLGB-7,Over 6.5 1Q points scored,no_bid,improve,0.67,0.0,0.66,0.68,settled,100,yes,-33.0,0.39,1790299084
T-6h|KXNFL1QTOTAL-26SEP24ATLGB-7|yes_bid|improve,T-6h,1790285563,1790295300,26SEP24ATLGB,KXNFL1QTOTAL,KXNFL1QTOTAL-26SEP24ATLGB-7,Over 6.5 1Q points scored,yes_bid,improve,0.67,0.0,0.66,0.68,settled,100,yes,33.0,0.39,1790299084
T-6h|KXNFL1QTOTAL-26SEP24ATLGB-4|no_bid|join,T-6h,1790285563,1790295300,26SEP24ATLGB,KXNFL1QTOTAL,KXNFL1QTOTAL-26SEP24ATLGB-4,Over 3.5 1Q points scored,no_bid,join,0.75,25029.85,0.74,0.75,settled,100,yes,-25.0,0.33,1790299081
T-6h|KXNFL1QTOTAL-26SEP24ATLGB-4|yes_bid|join,T-6h,1790285563,1790295300,26SEP24ATLGB,KXNFL1QTOTAL,KXNFL1QTOTAL-26SEP24ATLGB-4,Over 3.5 1Q points scored,yes_bid,join,0.74,2097.21,0.74,0.75,unfilled,0.0,,,,
T-6h|KXNFL1QTOTAL-26SEP24ATLGB-22|no_bid|join,T-6h,1790285563,1790295300,26SEP24ATLGB,KXNFL1QTOTAL,KXNFL1QTOTAL-26SEP24ATLGB-22,Over 21.5 1Q points scored,no_bid,join,0.03,42228.0,0.02,0.03,unfilled,0.0,,,,
T-6h|KXNFL1QTOTAL-26SEP24ATLGB-22|yes_bid|join,T-6h,1790285563,1790295300,26SEP24ATLGB,KXNFL1QTOTAL,KXNFL1QTOTAL-26SEP24ATLGB-22,Over 21.5 1Q points scored,yes_bid,join,0.02,497.99,0.02,0.03,unfilled,0.0,,,,
T-6h|KXNFL1QTOTAL-26SEP24ATLGB-21|no_bid|join,T-6h,1790285563,1790295300,26SEP24ATLGB,KXNFL1QTOTAL,KXNFL1QTOTAL-26SEP24ATLGB-21,Over 20.5 1Q points scored,no_bid,join,0.06,33552.0,0.04,0.06,unfilled,0.0,,,,
T-6h|KXNFL1QTOTAL-26SEP24ATLGB-21|yes_bid|join,T-6h,1790285563,1790295300,26SEP24ATLGB,KXNFL1QTOTAL,KXNFL1QTOTAL-26SEP24ATLGB-21,Over 20.5 1Q points scored,yes_bid,join,0.04,498.41,0.04,0.06,unfilled,0.0,,,,
T-6h|KXNFL1QTOTAL-26SEP24ATLGB-21|no_bid|improve,T-6h,1790285563,1790295300,26SEP24ATLGB,KXNFL1QTOTAL,KXNFL1QTOTAL-26SEP24ATLGB-21,Over 20.5 1Q points scored,no_bid,improve,0.05,0.0,0.04,0.06,settled,100,no,5.0,0.09,1790299079
T-6h|KXNFL1QTOTAL-26SEP24ATLGB-21|yes_bid|improve,T-6h,1790285563,1790295300,26SEP24ATLGB,KXNFL1QTOTAL,KXNFL1QTOTAL-26SEP24ATLGB-21,Over 20.5 1Q points scored,yes_bid,improve,0.05,0.0,0.04,0.06,settled,100,no,-5.0,0.09,1790299079
T-6h|KXNFL1QTOTAL-26SEP24ATLGB-18|no_bid|join,T-6h,1790285563,1790295300,26SEP24ATLGB,KXNFL1QTOTAL,KXNFL1QTOTAL-26SEP24ATLGB-18,Over 17.5 1Q points scored,no_bid,join,0.05,302.0,0.04,0.05,settled,100,no,5.0,0.09,1790299090
T-6h|KXNFL1QTOTAL-26SEP24ATLGB-18|yes_bid|join,T-6h,1790285563,1790295300,26SEP24ATLGB,KXNFL1QTOTAL,KXNFL1QTOTAL-26SEP24ATLGB-18,Over 17.5 1Q points scored,yes_bid,join,0.04,13700.0,0.04,0.05,unfilled,0.0,,,,
T-6h|KXNFL1QTOTAL-26SEP24ATLGB-15|no_bid|join,T-6h,1790285563,1790295300,26SEP24ATLGB,KXNFL1QTOTAL,KXNFL1QTOTAL-26SEP24ATLGB-15,Over 14.5 1Q points scored,no_bid,join,0.11,51.0,0.1,0.11,settled,100,no,11.0,0.18,1790299075
T-6h|KXNFL1QTOTAL-26SEP24ATLGB-15|yes_bid|join,T-6h,1790285563,1790295300,26SEP24ATLGB,KXNFL1QTOTAL,KXNFL1QTOTAL-26SEP24ATLGB-15,Over 14.5 1Q points scored,yes_bid,join,0.1,1421.0,0.1,0.11,settled,100,no,-10.0,0.16,1790299075
T-6h|KXNFL1QTOTAL-26SEP24ATLGB-14|no_bid|join,T-6h,1790285563,1790295300,26SEP24ATLGB,KXNFL1QTOTAL,KXNFL1QTOTAL-26SEP24ATLGB-14,Over 13.5 1Q points scored,no_bid,join,0.23,24286.88,0.22,0.23,settled,100,yes,-77.0,0.31,1790299087
T-6h|KXNFL1QTOTAL-26SEP24ATLGB-14|yes_bid|join,T-6h,1790285563,1790295300,26SEP24ATLGB,KXNFL1QTOTAL,KXNFL1QTOTAL-26SEP24ATLGB-14,Over 13.5 1Q points scored,yes_bid,join,0.22,2847.48,0.22,0.23,unfilled,0.0,,,,
T-6h|KXNFL1QTOTAL-26SEP24ATLGB-11|no_bid|join,T-6h,1790285563,1790295300,26SEP24ATLGB,KXNFL1QTOTAL,KXNFL1QTOTAL-26SEP24ATLGB-11,Over 10.5 1Q points scored,no_bid,join,0.28,18960.82,0.27,0.28,settled,100,yes,-72.0,0.36,1790299082
T-6h|KXNFL1QTOTAL-26SEP24ATLGB-11|yes_bid|join,T-6h,1790285563,1790295300,26SEP24ATLGB,KXNFL1QTOTAL,KXNFL1QTOTAL-26SEP24ATLGB-11,Over 10.5 1Q points scored,yes_bid,join,0.27,13690.83,0.27,0.28,unfilled,0.0,,,,
T-6h|KXNFL2HTOTAL-26SEP24ATLGB-8|no_bid|join,T-6h,1790285563,1790295300,26SEP24ATLGB,KXNFL2HTOTAL,KXNFL2HTOTAL-26SEP24ATLGB-8,Over 7.5 2H points scored,no_bid,join,0.95,120.0,0.92,0.95,unfilled,0.0,,,,
T-6h|KXNFL2HTOTAL-26SEP24ATLGB-8|yes_bid|join,T-6h,1790285563,1790295300,26SEP24ATLGB,KXNFL2HTOTAL,KXNFL2HTOTAL-26SEP24ATLGB-8,Over 7.5 2H points scored,yes_bid,join,0.92,2800.0,0.92,0.95,unfilled,0.0,,,,
T-6h|KXNFL2HTOTAL-26SEP24ATLGB-8|no_bid|improve,T-6h,1790285563,1790295300,26SEP24ATLGB,KXNFL2HTOTAL,KXNFL2HTOTAL-26SEP24ATLGB-8,Over 7.5 2H points scored,no_bid,improve,0.94,0.0,0.92,0.95,unfilled,0.0,,,,
T-6h|KXNFL2HTOTAL-26SEP24ATLGB-8|yes_bid|improve,T-6h,1790285563,1790295300,26SEP24ATLGB,KXNFL2HTOTAL,KXNFL2HTOTAL-26SEP24ATLGB-8,Over 7.5 2H points scored,yes_bid,improve,0.93,0.0,0.92,0.95,settled,100,yes,7.0,0.12,1790323071
T-6h|KXNFL2HTOTAL-26SEP24ATLGB-43|no_bid|join,T-6h,1790285563,1790295300,26SEP24ATLGB,KXNFL2HTOTAL,KXNFL2HTOTAL-26SEP24ATLGB-43,Over 42.5 2H points scored,no_bid,join,0.05,13500.0,0.01,0.05,unfilled,0.0,,,,
T-6h|KXNFL2HTOTAL-26SEP24ATLGB-43|yes_bid|join,T-6h,1790285563,1790295300,26SEP24ATLGB,KXNFL2HTOTAL,KXNFL2HTOTAL-26SEP24ATLGB-43,Over 42.5 2H points scored,yes_bid,join,0.01,1600.0,0.01,0.05,unfilled,0.0,,,,
T-6h|KXNFL2HTOTAL-26SEP24ATLGB-43|no_bid|improve,T-6h,1790285563,1790295300,26SEP24ATLGB,KXNFL2HTOTAL,KXNFL2HTOTAL-26SEP24ATLGB-43,Over 42.5 2H points scored,no_bid,improve,0.04,0.0,0.01,0.05,unfilled,0.0,,,,
T-6h|KXNFL2HTOTAL-26SEP24ATLGB-43|yes_bid|improve,T-6h,1790285563,1790295300,26SEP24ATLGB,KXNFL2HTOTAL,KXNFL2HTOTAL-26SEP24ATLGB-43,Over 42.5 2H points scored,yes_bid,improve,0.02,0.0,0.01,0.05,unfilled,0.0,,,,
T-6h|KXNFL2HTOTAL-26SEP24ATLGB-4|no_bid|join,T-6h,1790285563,1790295300,26SEP24ATLGB,KXNFL2HTOTAL,KXNFL2HTOTAL-26SEP24ATLGB-4,Over 3.5 2H points scored,no_bid,join,0.97,36.48,0.95,0.97,settled,3.52,yes,-0.11,0.01,1790323065
T-6h|KXNFL2HTOTAL-26SEP24ATLGB-4|yes_bid|join,T-6h,1790285563,1790295300,26SEP24ATLGB,KXNFL2HTOTAL,KXNFL2HTOTAL-26SEP24ATLGB-4,Over 3.5 2H points scored,yes_bid,join,0.95,25.38,0.95,0.97,unfilled,0.0,,,,
T-6h|KXNFL2HTOTAL-26SEP24ATLGB-4|no_bid|improve,T-6h,1790285563,1790295300,26SEP24ATLGB,KXNFL2HTOTAL,KXNFL2HTOTAL-26SEP24ATLGB-4,Over 3.5 2H points scored,no_bid,improve,0.96,0.0,0.95,0.97,settled,100,yes,-4.0,0.07,1790323065
T-6h|KXNFL2HTOTAL-26SEP24ATLGB-4|yes_bid|improve,T-6h,1790285563,1790295300,26SEP24ATLGB,KXNFL2HTOTAL,KXNFL2HTOTAL-26SEP24ATLGB-4,Over 3.5 2H points scored,yes_bid,improve,0.96,0.0,0.95,0.97,unfilled,0.0,,,,
T-6h|KXNFL2HTOTAL-26SEP24ATLGB-39|no_bid|join,T-6h,1790285563,1790295300,26SEP24ATLGB,KXNFL2HTOTAL,KXNFL2HTOTAL-26SEP24ATLGB-39,Over 38.5 2H points scored,no_bid,join,0.07,13552.0,0.02,0.07,unfilled,0.0,,,,
T-6h|KXNFL2HTOTAL-26SEP24ATLGB-39|yes_bid|join,T-6h,1790285563,1790295300,26SEP24ATLGB,KXNFL2HTOTAL,KXNFL2HTOTAL-26SEP24ATLGB-39,Over 38.5 2H points scored,yes_bid,join,0.02,2752.0,0.02,0.07,unfilled,0.0,,,,
T-6h|KXNFL2HTOTAL-26SEP24ATLGB-39|no_bid|improve,T-6h,1790285563,1790295300,26SEP24ATLGB,KXNFL2HTOTAL,KXNFL2HTOTAL-26SEP24ATLGB-39,Over 38.5 2H points scored,no_bid,improve,0.06,0.0,0.02,0.07,unfilled,0.0,,,,
T-6h|KXNFL2HTOTAL-26SEP24ATLGB-39|yes_bid|improve,T-6h,1790285563,1790295300,26SEP24ATLGB,KXNFL2HTOTAL,KXNFL2HTOTAL-26SEP24ATLGB-39,Over 38.5 2H points scored,yes_bid,improve,0.03,0.0,0.02,0.07,unfilled,0.0,,,,
T-6h|KXNFL2HTOTAL-26SEP24ATLGB-36|no_bid|join,T-6h,1790285563,1790295300,26SEP24ATLGB,KXNFL2HTOTAL,KXNFL2HTOTAL-26SEP24ATLGB-36,Over 35.5 2H points scored,no_bid,join,0.1,13650.0,0.06,0.1,unfilled,0.0,,,,
T-6h|KXNFL2HTOTAL-26SEP24ATLGB-36|yes_bid|join,T-6h,1790285563,1790295300,26SEP24ATLGB,KXNFL2HTOTAL,KXNFL2HTOTAL-26SEP24ATLGB-36,Over 35.5 2H points scored,yes_bid,join,0.06,2850.0,0.06,0.1,unfilled,0.0,,,,
T-6h|KXNFL2HTOTAL-26SEP24ATLGB-36|no_bid|improve,T-6h,1790285563,1790295300,26SEP24ATLGB,KXNFL2HTOTAL,KXNFL2HTOTAL-26SEP24ATLGB-36,Over 35.5 2H points scored,no_bid,improve,0.09,0.0,0.06,0.1,unfilled,0.0,,,,
T-6h|KXNFL2HTOTAL-26SEP24ATLGB-36|yes_bid|improve,T-6h,1790285563,1790295300,26SEP24ATLGB,KXNFL2HTOTAL,KXNFL2HTOTAL-26SEP24ATLGB-36,Over 35.5 2H points scored,yes_bid,improve,0.07,0.0,0.06,0.1,unfilled,0.0,,,,
T-6h|KXNFL2HTOTAL-26SEP24ATLGB-32|no_bid|join,T-6h,1790285563,1790295300,26SEP24ATLGB,KXNFL2HTOTAL,KXNFL2HTOTAL-26SEP24ATLGB-32,Over 31.5 2H points scored,no_bid,join,0.17,13802.0,0.12,0.17,unfilled,0.0,,,,
T-6h|KXNFL2HTOTAL-26SEP24ATLGB-32|yes_bid|join,T-6h,1790285563,1790295300,26SEP24ATLGB,KXNFL2HTOTAL,KXNFL2HTOTAL-26SEP24ATLGB-32,Over 31.5 2H points scored,yes_bid,join,0.12,3002.0,0.12,0.17,unfilled,0.0,,,,
T-6h|KXNFL2HTOTAL-26SEP24ATLGB-32|no_bid|improve,T-6h,1790285563,1790295300,26SEP24ATLGB,KXNFL2HTOTAL,KXNFL2HTOTAL-26SEP24ATLGB-32,Over 31.5 2H points scored,no_bid,improve,0.16,0.0,0.12,0.17,unfilled,0.0,,,,
T-6h|KXNFL2HTOTAL-26SEP24ATLGB-32|yes_bid|improve,T-6h,1790285563,1790295300,26SEP24ATLGB,KXNFL2HTOTAL,KXNFL2HTOTAL-26SEP24ATLGB-32,Over 31.5 2H points scored,yes_bid,improve,0.13,0.0,0.12,0.17,settled,100,no,-13.0,0.2,1790323054
T-6h|KXNFL2HTOTAL-26SEP24ATLGB-29|no_bid|join,T-6h,1790285563,1790295300,26SEP24ATLGB,KXNFL2HTOTAL,KXNFL2HTOTAL-26SEP24ATLGB-29,Over 28.5 2H points scored,no_bid,join,0.25,14000.0,0.21,0.25,unfilled,0.0,,,,
T-6h|KXNFL2HTOTAL-26SEP24ATLGB-29|yes_bid|join,T-6h,1790285563,1790295300,26SEP24ATLGB,KXNFL2HTOTAL,KXNFL2HTOTAL-26SEP24ATLGB-29,Over 28.5 2H points scored,yes_bid,join,0.21,3200.0,0.21,0.25,unfilled,0.0,,,,
T-6h|KXNFL2HTOTAL-26SEP24ATLGB-29|no_bid|improve,T-6h,1790285563,1790295300,26SEP24ATLGB,KXNFL2HTOTAL,KXNFL2HTOTAL-26SEP24ATLGB-29,Over 28.5 2H points scored,no_bid,improve,0.24,0.0,0.21,0.25,unfilled,0.0,,,,
T-6h|KXNFL2HTOTAL-26SEP24ATLGB-29|yes_bid|improve,T-6h,1790285563,1790295300,26SEP24ATLGB,KXNFL2HTOTAL,KXNFL2HTOTAL-26SEP24ATLGB-29,Over 28.5 2H points scored,yes_bid,improve,0.22,0.0,0.21,0.25,settled,100,no,-22.0,0.31,1790323063
T-6h|KXNFL2HTOTAL-26SEP24ATLGB-25|no_bid|join,T-6h,1790285563,1790295300,26SEP24ATLGB,KXNFL2HTOTAL,KXNFL2HTOTAL-26SEP24ATLGB-25,Over 24.5 2H points scored,no_bid,join,0.36,15872.0,0.34,0.36,unfilled,0.0,,,,
T-6h|KXNFL2HTOTAL-26SEP24ATLGB-25|yes_bid|join,T-6h,1790285563,1790295300,26SEP24ATLGB,KXNFL2HTOTAL,KXNFL2HTOTAL-26SEP24ATLGB-25,Over 24.5 2H points scored,yes_bid,join,0.34,2830.02,0.34,0.36,unfilled,0.0,,,,
T-6h|KXNFL2HTOTAL-26SEP24ATLGB-25|no_bid|improve,T-6h,1790285563,1790295300,26SEP24ATLGB,KXNFL2HTOTAL,KXNFL2HTOTAL-26SEP24ATLGB-25,Over 24.5 2H points scored,no_bid,improve,0.35,0.0,0.34,0.36,unfilled,0.0,,,,
T-6h|KXNFL2HTOTAL-26SEP24ATLGB-25|yes_bid|improve,T-6h,1790285563,1790295300,26SEP24ATLGB,KXNFL2HTOTAL,KXNFL2HTOTAL-26SEP24ATLGB-25,Over 24.5 2H points scored,yes_bid,improve,0.35,0.0,0.34,0.36,unfilled,0.0,,,,
T-6h|KXNFL2HTOTAL-26SEP24ATLGB-22|no_bid|join,T-6h,1790285563,1790295300,26SEP24ATLGB,KXNFL2HTOTAL,KXNFL2HTOTAL-26SEP24ATLGB-22,Over 21.5 2H points scored,no_bid,join,0.49,12120.0,0.47,0.49,settled,100,yes,-51.0,0.44,1790323065
T-6h|KXNFL2HTOTAL-26SEP24ATLGB-22|yes_bid|join,T-6h,1790285563,1790295300,26SEP24ATLGB,KXNFL2HTOTAL,KXNFL2HTOTAL-26SEP24ATLGB-22,Over 21.5 2H points scored,yes_bid,join,0.47,5720.0,0.47,0.49,unfilled,0.0,,,,
T-6h|KXNFL2HTOTAL-26SEP24ATLGB-22|no_bid|improve,T-6h,1790285563,1790295300,26SEP24ATLGB,KXNFL2HTOTAL,KXNFL2HTOTAL-26SEP24ATLGB-22,Over 21.5 2H points scored,no_bid,improve,0.48,0.0,0.47,0.49,settled,100,yes,-52.0,0.44,1790323065
T-6h|KXNFL2HTOTAL-26SEP24ATLGB-22|yes_bid|improve,T-6h,1790285563,1790295300,26SEP24ATLGB,KXNFL2HTOTAL,KXNFL2HTOTAL-26SEP24ATLGB-22,Over 21.5 2H points scored,yes_bid,improve,0.48,0.0,0.47,0.49,settled,100,yes,52.0,0.44,1790323065
T-6h|KXNFL2HTOTAL-26SEP24ATLGB-21|no_bid|join,T-6h,1790285563,1790295300,26SEP24ATLGB,KXNFL2HTOTAL,KXNFL2HTOTAL-26SEP24ATLGB-21,Over 20.5 2H points scored,no_bid,join,0.54,17729.0,0.52,0.54,unfilled,0.0,,,,
T-6h|KXNFL2HTOTAL-26SEP24ATLGB-21|yes_bid|join,T-6h,1790285563,1790295300,26SEP24ATLGB,KXNFL2HTOTAL,KXNFL2HTOTAL-26SEP24ATLGB-21,Over 20.5 2H points scored,yes_bid,join,0.52,2310.0,0.52,0.54,unfilled,0.0,,,,
T-6h|KXNFL2HTOTAL-26SEP24ATLGB-21|no_bid|improve,T-6h,1790285563,1790295300,26SEP24ATLGB,KXNFL2HTOTAL,KXNFL2HTOTAL-26SEP24ATLGB-21,Over 20.5 2H points scored,no_bid,improve,0.53,0.0,0.52,0.54,settled,100,yes,-47.0,0.44,1790323056
T-6h|KXNFL2HTOTAL-26SEP24ATLGB-21|yes_bid|improve,T-6h,1790285563,1790295300,26SEP24ATLGB,KXNFL2HTOTAL,KXNFL2HTOTAL-26SEP24ATLGB-21,Over 20.5 2H points scored,yes_bid,improve,0.53,0.0,0.52,0.54,unfilled,0.0,,,,
T-6h|KXNFL2HTOTAL-26SEP24ATLGB-18|no_bid|join,T-6h,1790285563,1790295300,26SEP24ATLGB,KXNFL2HTOTAL,KXNFL2HTOTAL-26SEP24ATLGB-18,Over 17.5 2H points scored,no_bid,join,0.65,14000.0,0.64,0.65,unfilled,0.0,,,,
T-6h|KXNFL2HTOTAL-26SEP24ATLGB-18|yes_bid|join,T-6h,1790285563,1790295300,26SEP24ATLGB,KXNFL2HTOTAL,KXNFL2HTOTAL-26SEP24ATLGB-18,Over 17.5 2H points scored,yes_bid,join,0.64,2100.0,0.64,0.65,settled,100,yes,36.0,0.41,1790323071
T-6h|KXNFL2HTOTAL-26SEP24ATLGB-15|no_bid|join,T-6h,1790285563,1790295300,26SEP24ATLGB,KXNFL2HTOTAL,KXNFL2HTOTAL-26SEP24ATLGB-15,Over 14.5 2H points scored,no_bid,join,0.77,3623.0,0.75,0.77,unfilled,0.0,,,,
T-6h|KXNFL2HTOTAL-26SEP24ATLGB-15|yes_bid|join,T-6h,1790285563,1790295300,26SEP24ATLGB,KXNFL2HTOTAL,KXNFL2HTOTAL-26SEP24ATLGB-15,Over 14.5 2H points scored,yes_bid,join,0.75,3325.0,0.75,0.77,unfilled,0.0,,,,
T-6h|KXNFL2HTOTAL-26SEP24ATLGB-15|no_bid|improve,T-6h,1790285563,1790295300,26SEP24ATLGB,KXNFL2HTOTAL,KXNFL2HTOTAL-26SEP24ATLGB-15,Over 14.5 2H points scored,no_bid,improve,0.76,0.0,0.75,0.77,unfilled,0.0,,,,
T-6h|KXNFL2HTOTAL-26SEP24ATLGB-15|yes_bid|improve,T-6h,1790285563,1790295300,26SEP24ATLGB,KXNFL2HTOTAL,KXNFL2HTOTAL-26SEP24ATLGB-15,Over 14.5 2H points scored,yes_bid,improve,0.76,0.0,0.75,0.77,unfilled,0.0,,,,
T-6h|KXNFL2HTOTAL-26SEP24ATLGB-11|no_bid|join,T-6h,1790285563,1790295300,26SEP24ATLGB,KXNFL2HTOTAL,KXNFL2HTOTAL-26SEP24ATLGB-11,Over 10.5 2H points scored,no_bid,join,0.9,13802.0,0.85,0.9,unfilled,0.0,,,,
T-6h|KXNFL2HTOTAL-26SEP24ATLGB-11|yes_bid|join,T-6h,1790285563,1790295300,26SEP24ATLGB,KXNFL2HTOTAL,KXNFL2HTOTAL-26SEP24ATLGB-11,Over 10.5 2H points scored,yes_bid,join,0.85,3002.0,0.85,0.9,unfilled,0.0,,,,
T-6h|KXNFL2HTOTAL-26SEP24ATLGB-11|no_bid|improve,T-6h,1790285563,1790295300,26SEP24ATLGB,KXNFL2HTOTAL,KXNFL2HTOTAL-26SEP24ATLGB-11,Over 10.5 2H points scored,no_bid,improve,0.89,0.0,0.85,0.9,unfilled,0.0,,,,
T-6h|KXNFL2HTOTAL-26SEP24ATLGB-11|yes_bid|improve,T-6h,1790285563,1790295300,26SEP24ATLGB,KXNFL2HTOTAL,KXNFL2HTOTAL-26SEP24ATLGB-11,Over 10.5 2H points scored,yes_bid,improve,0.86,0.0,0.85,0.9,unfilled,0.0,,,,
