setup,k,w,l,p,w_disc,l_disc,w_hold,l_hold,roi_actual,n,pct,pct_disc,n_hold,pct_hold,pval,pval_disc,qval,edge,bet,disc_side_ok,hold_same_side,hold_beats_vig
away + dog 3.5-6.5 + win pct <= .35 last yr,3,138,88,0,86,48,52,40,0.1844509221728646,226,0.6106194690265486,0.6417910447761194,92,0.5652173913043478,0.001070932737660802,0.00130375867109865,1.0,0.11061946902654862,ON,True,True,True
opp ATS >= .65 (6+ gp) + made playoffs last yr + 1pm ET window,3,72,38,6,37,16,35,22,0.2519288028562474,110,0.6545454545454545,0.6981132075471698,57,0.6140350877192983,0.001533052576472405,0.005486344876760141,1.0,0.15454545454545454,ON,True,True,True
fav 7.5-9.5 + off 2 straight SU wins + made playoffs last yr,3,44,80,0,30,40,14,40,-0.2977448852878352,124,0.3548387096774194,0.42857142857142855,54,0.25925925925925924,0.0015647340261696692,0.281978921793656,1.0,0.14516129032258063,FADE,True,True,True
away + dome/closed + opp new starting QB,3,35,67,3,16,31,19,36,-0.3254007176340103,102,0.3431372549019608,0.3404255319148936,55,0.34545454545454546,0.0019928055857140587,0.03998605682605215,1.0,0.1568627450980392,FADE,True,True,True
home + dome/closed + new starting QB vs last game,3,67,35,3,31,16,36,19,0.26057770237190575,102,0.6568627450980392,0.6595744680851063,55,0.6545454545454545,0.0019928055857140587,0.03998605682605215,1.0,0.1568627450980392,ON,True,True,True
win pct <= .35 last yr + division game + dome/closed,3,107,66,3,55,32,52,34,0.1964215461238181,173,0.6184971098265896,0.632183908045977,86,0.6046511627906976,0.0022621705763248914,0.017827552929735955,1.0,0.11849710982658956,ON,True,True,True
away + winless (2+ gp),2,99,60,3,58,40,41,20,0.19543917763287613,159,0.6226415094339622,0.5918367346938775,61,0.6721311475409836,0.0024729923077082606,0.0854105891128045,1.0,0.12264150943396224,ON,True,True,True
opp off SU win + opp ATS >= .65 (6+ gp) + total >=50,3,78,44,3,44,26,34,18,0.2318905305713967,122,0.639344262295082,0.6285714285714286,52,0.6538461538461539,0.0026620174501073967,0.04139142867391546,1.0,0.139344262295082,ON,True,True,True
off SU win + ATS >= .65 (6+ gp) + total >=50,3,44,78,3,26,44,18,34,-0.28941073973362313,122,0.36065573770491804,0.37142857142857144,52,0.34615384615384615,0.0026620174501073967,0.04139142867391546,1.0,0.13934426229508196,FADE,True,True,True
off upset win (won as dog) + opp off ATS miss by 14+,2,94,57,4,60,32,34,25,0.21171803711892878,151,0.6225165562913907,0.6521739130434783,59,0.576271186440678,0.0032594073594768786,0.004609105461459271,1.0,0.12251655629139069,ON,True,True,True
off upset win (won as dog) + off ATS win + opp off ATS miss by 14+,3,94,57,4,60,32,34,25,0.21171803711892878,151,0.6225165562913907,0.6521739130434783,59,0.576271186440678,0.0032594073594768786,0.004609105461459271,1.0,0.12251655629139069,ON,True,True,True
fav 7.5-9.5 + off SU win + win pct >= .667 (4+ gp),3,58,95,0,37,53,21,42,-0.25047144646858654,153,0.3790849673202614,0.4111111111111111,63,0.3333333333333333,0.0034722536662487556,0.11334435404342058,1.0,0.12091503267973858,FADE,True,True,True
off ATS loss + winless (2+ gp) + weeks 1-4,3,87,52,5,49,34,38,18,0.204511142162091,139,0.6258992805755396,0.5903614457831325,56,0.6785714285714286,0.0037703030800634216,0.12385305946180147,1.0,0.12589928057553956,ON,True,True,True
away + off SU loss + winless (2+ gp),3,97,60,3,58,40,39,20,0.18659800990370998,157,0.6178343949044586,0.5918367346938775,59,0.6610169491525424,0.0039217731160934,0.0854105891128045,1.0,0.11783439490445857,ON,True,True,True
away + dog + winless (2+ gp),3,88,53,1,53,34,35,19,0.2010166589644301,141,0.624113475177305,0.6091954022988506,54,0.6481481481481481,0.0040306285215119895,0.05300311301096223,1.0,0.12411347517730498,ON,True,True,True
away + off 2 straight SU wins + outdoor <=35F,3,37,67,3,18,33,19,34,-0.2931284743759174,104,0.3557692307692308,0.35294117647058826,53,0.3584905660377358,0.004232546845609295,0.04887389231827033,1.0,0.14423076923076922,FADE,True,True,True
dog + off SU win + dome/closed,3,258,197,7,135,101,123,96,0.09985775998184133,455,0.567032967032967,0.5720338983050848,219,0.5616438356164384,0.004856120101245272,0.031486049698257426,1.0,0.06703296703296702,ON,True,True,True
fav + opp off SU win + dome/closed,3,197,258,7,101,135,96,123,-0.1542516032422575,455,0.432967032967033,0.4279661016949153,219,0.4383561643835616,0.004856120101245272,0.031486049698257426,1.0,0.06703296703296702,FADE,True,True,True
away + off 2 straight SU losses + winless (2+ gp),3,96,60,2,57,40,39,20,0.18256760496578228,156,0.6153846153846154,0.5876288659793815,59,0.6610169491525424,0.0049129646209700485,0.10376938287271804,1.0,0.11538461538461542,ON,True,True,True
dog + off ATS win + dome/closed,3,276,214,9,138,109,138,105,0.09300741414440243,490,0.563265306122449,0.5587044534412956,243,0.5679012345679012,0.005801292841457024,0.07460133697216595,1.0,0.06326530612244896,ON,True,True,True
home + fav 0.5-2.5 + 1pm ET window,3,102,146,0,66,88,36,58,-0.21231769353883906,248,0.4112903225806452,0.42857142857142855,94,0.3829787234042553,0.00620987251710331,0.09027672732911124,1.0,0.08870967741935482,FADE,True,True,True
away + dog 0.5-2.5 + 1pm ET window,3,146,102,0,88,66,58,36,0.17279763249842833,248,0.5887096774193549,0.5714285714285714,94,0.6170212765957447,0.00620987251710331,0.09027672732911124,1.0,0.08870967741935487,ON,True,True,True
dog 3 + off ATS loss + 1pm ET window,3,82,50,12,48,33,34,17,0.19644643314373506,132,0.6212121212121212,0.5925925925925926,51,0.6666666666666666,0.006746358859536158,0.1192736683117644,1.0,0.12121212121212122,ON,True,True,True
home + fav 0.5-2.5 + win pct <= .35 last yr,3,44,74,0,22,42,22,32,-0.28689701553661767,118,0.3728813559322034,0.34375,54,0.4074074074074074,0.007330019969069095,0.01685819004428113,1.0,0.1271186440677966,FADE,True,True,True
fav 7+ + 1pm ET window + dome/closed,3,64,99,6,46,60,18,39,-0.21692124948207406,163,0.39263803680981596,0.4339622641509434,57,0.3157894736842105,0.007551144960545154,0.20649820735970992,1.0,0.10736196319018404,FADE,True,True,True
dog 7+ + 1pm ET window + dome/closed,3,99,64,6,60,46,39,18,0.15310633843541704,163,0.6073619631901841,0.5660377358490566,57,0.6842105263157895,0.007551144960545154,0.20649820735970992,1.0,0.1073619631901841,ON,True,True,True
off upset loss (lost as fav) + weeks 1-4 + 1pm ET window,3,84,52,2,45,32,39,20,0.19823420010019044,136,0.6176470588235294,0.5844155844155844,59,0.6610169491525424,0.007623827173866311,0.17106097355391153,1.0,0.11764705882352944,ON,True,True,True
off upset loss (lost as fav) + weeks 1-4,2,153,109,6,92,67,61,42,0.13263645148512604,262,0.583969465648855,0.5786163522012578,103,0.5922330097087378,0.007774361420625677,0.056655996833771406,1.0,0.08396946564885499,ON,True,True,True
off upset loss (lost as fav) + off ATS loss + weeks 1-4,3,153,109,6,92,67,61,42,0.13263645148512604,262,0.583969465648855,0.5786163522012578,103,0.5922330097087378,0.007774361420625677,0.056655996833771406,1.0,0.08396946564885499,ON,True,True,True
away + off 2 straight SU losses + weeks 1-4,3,75,45,3,40,24,35,21,0.20050041810902366,120,0.625,0.625,56,0.625,0.007846593122439719,0.05994118956699923,1.0,0.125,ON,True,True,True
dog + off upset win (won as dog) + dome/closed,3,118,80,2,61,36,57,44,0.15854264516001806,198,0.5959595959595959,0.6288659793814433,101,0.5643564356435643,0.008386485389687896,0.014389633007095667,1.0,0.09595959595959591,ON,True,True,True
off ATS win + ATS >= .65 (6+ gp) + total >=50,3,43,72,1,24,41,19,31,-0.26847815549611215,115,0.3739130434782609,0.36923076923076925,50,0.38,0.008735108684333165,0.0463534743329112,1.0,0.12608695652173912,FADE,True,True,True
off upset win (won as dog) + off 2 straight ATS wins + dome/closed,3,97,63,3,54,35,43,28,0.1825695297198693,160,0.60625,0.6067415730337079,71,0.6056338028169014,0.008873590379821756,0.05577832765373432,1.0,0.10624999999999996,ON,True,True,True
dog + winless (2+ gp) + weeks 1-4,3,82,51,3,46,30,36,21,0.18762540663812274,133,0.6165413533834586,0.6052631578947368,57,0.631578947368421,0.009030490687219945,0.08464609267083598,1.0,0.11654135338345861,ON,True,True,True
off upset win (won as dog) + opp off blowout loss (17+),2,93,60,1,51,38,42,22,0.18845804552555256,153,0.6078431372549019,0.5730337078651685,64,0.65625,0.009453836147291129,0.20311681873649565,1.0,0.10784313725490191,ON,True,True,True
off upset win (won as dog) + off ATS win + opp off blowout loss (17+),3,93,60,1,51,38,42,22,0.18845804552555256,153,0.6078431372549019,0.5730337078651685,64,0.65625,0.009453836147291129,0.20311681873649565,1.0,0.10784313725490191,ON,True,True,True
winless (2+ gp) + weeks 1-4,2,111,75,6,64,45,47,30,0.14942208343058758,186,0.5967741935483871,0.5871559633027523,77,0.6103896103896104,0.010087181693807165,0.08422157489670008,1.0,0.09677419354838712,ON,True,True,True
fav + off bye + off ATS loss,3,49,79,5,32,41,17,38,-0.247483475512531,128,0.3828125,0.4383561643835616,55,0.3090909090909091,0.01009013980943857,0.34918183817058834,1.0,0.1171875,FADE,True,True,True
off upset win (won as dog) + opp off SU loss + dome/closed,3,106,71,3,55,34,51,37,0.1711231217542742,177,0.5988700564971752,0.6179775280898876,88,0.5795454545454546,0.010397044402203216,0.03341672160209761,1.0,0.09887005649717517,ON,True,True,True
dog + win pct <= .35 last yr + dome/closed,3,178,132,3,87,60,91,72,0.11048087346203365,310,0.5741935483870968,0.5918367346938775,163,0.558282208588957,0.010477557378092186,0.03164540941802103,1.0,0.0741935483870968,ON,True,True,True
off 1-score loss + off 2 straight ATS losses + dome/closed,3,91,59,6,47,30,44,29,0.1741135290946694,150,0.6066666666666667,0.6103896103896104,73,0.6027397260273972,0.011121593847224862,0.06754925145902677,1.0,0.10666666666666669,ON,True,True,True
fav + weeks 1-4,2,425,502,21,251,302,174,200,-0.10036889823429455,927,0.45846817691477887,0.4538878842676311,374,0.46524064171123,0.012512752117483058,0.033391247543526265,1.0,0.04153182308522113,FADE,True,True,True
dog + weeks 1-4,2,502,425,21,302,251,200,174,0.05188683113215171,927,0.5415318230852212,0.546112115732369,374,0.5347593582887701,0.012512752117483058,0.033391247543526265,1.0,0.04153182308522119,ON,True,True,True
home + opp off SU loss + opp made playoffs last yr,3,135,180,10,74,112,61,68,-0.16084671023452418,315,0.42857142857142855,0.3978494623655914,129,0.4728682170542636,0.013045798684915014,0.00651220325016162,1.0,0.07142857142857145,FADE,True,True,True
fav 7.5-9.5 + off 2 straight SU wins,2,69,102,0,46,54,23,48,-0.20148147866530464,171,0.40350877192982454,0.46,71,0.323943661971831,0.014162270035590608,0.48411841360729163,1.0,0.09649122807017546,FADE,True,True,True
dog 7+ + total >=50,2,102,69,2,60,46,42,23,0.1390216632018775,171,0.5964912280701754,0.5660377358490566,65,0.6461538461538462,0.014162270035590608,0.20649820735970992,1.0,0.0964912280701754,ON,True,True,True
fav 7+ + total >=50,2,69,102,2,46,60,23,42,-0.20408345443720383,171,0.40350877192982454,0.4339622641509434,65,0.35384615384615387,0.014162270035590608,0.20649820735970992,1.0,0.09649122807017546,FADE,True,True,True
dog + opp off SU win + dome/closed,3,323,263,12,175,136,148,127,0.0661830453604599,586,0.5511945392491467,0.5627009646302251,275,0.5381818181818182,0.01472855272983246,0.031013807689606553,1.0,0.05119453924914674,ON,True,True,True
fav + off SU win + dome/closed,3,263,323,12,136,175,127,148,-0.122144021140032,586,0.44880546075085326,0.43729903536977494,275,0.4618181818181818,0.01472855272983246,0.031013807689606553,1.0,0.05119453924914674,FADE,True,True,True
off SU loss + winless (2+ gp) + weeks 1-4,3,109,75,6,64,45,45,30,0.14139701364009005,184,0.592391304347826,0.5871559633027523,75,0.6,0.014757718047602156,0.08422157489670008,1.0,0.09239130434782605,ON,True,True,True
dog 7+ + win pct <= .35 last yr + dome/closed,3,71,44,2,31,20,40,24,0.17824038542067203,115,0.6173913043478261,0.6078431372549019,64,0.625,0.014964671136824382,0.16077960181198847,1.0,0.11739130434782608,ON,True,True,True
home + fav 0.5-2.5 + weeks 1-4,3,48,76,0,28,45,20,31,-0.260464137776976,124,0.3870967741935484,0.3835616438356164,51,0.39215686274509803,0.014984618863332315,0.060370037339928545,1.0,0.11290322580645162,FADE,True,True,True
away + dog 0.5-2.5 + weeks 1-4,3,76,48,0,45,28,31,20,0.21696471942080936,124,0.6129032258064516,0.6164383561643836,51,0.6078431372549019,0.014984618863332315,0.060370037339928545,1.0,0.11290322580645162,ON,True,True,True
dog + opp off SU loss + made playoffs last yr,3,212,164,6,110,93,102,71,0.09717137459668933,376,0.5638297872340425,0.541871921182266,173,0.5895953757225434,0.015246403950908144,0.2613960516826494,1.0,0.06382978723404253,ON,True,True,True
dog + dome/closed + new starting QB vs last game,3,87,57,5,35,23,52,34,0.15605782560410061,144,0.6041666666666666,0.603448275862069,86,0.6046511627906976,0.015370514949913752,0.14800580076020603,1.0,0.10416666666666663,ON,True,True,True
fav + dome/closed + opp new starting QB,3,57,87,5,23,35,34,52,-0.2224908411495336,144,0.3958333333333333,0.39655172413793105,86,0.3953488372093023,0.015370514949913752,0.14800580076020603,1.0,0.10416666666666669,FADE,True,True,True
dog + off ATS loss + weeks 1-4,3,207,160,6,121,104,86,56,0.09544758997323989,367,0.5640326975476839,0.5377777777777778,142,0.6056338028169014,0.01622598037833341,0.28609877375780085,1.0,0.06403269754768393,ON,True,True,True
dome/closed + new starting QB vs last game,2,119,84,6,49,36,70,48,0.12479492806584067,203,0.5862068965517241,0.5764705882352941,118,0.5932203389830508,0.01680372624037297,0.19276043534155876,1.0,0.08620689655172409,ON,True,True,True
dome/closed + opp new starting QB,2,84,119,6,36,49,48,70,-0.18954886898650913,203,0.41379310344827586,0.4235294117647059,118,0.4067796610169492,0.01680372624037297,0.19276043534155876,1.0,0.08620689655172414,FADE,True,True,True
away + off upset loss (lost as fav) + weeks 1-4,3,89,59,4,54,34,35,25,0.1679820074446472,148,0.6013513513513513,0.6136363636363636,60,0.5833333333333334,0.016841422756845068,0.04221061162240417,1.0,0.10135135135135132,ON,True,True,True
home + fav + off SU loss,3,455,531,26,283,319,172,212,-0.0994658315259822,986,0.4614604462474645,0.4700996677740864,384,0.4479166666666667,0.016874164058263523,0.15366704245497168,1.0,0.03853955375253548,FADE,True,True,True
away + dog + opp off SU loss,3,531,455,26,319,283,212,172,0.04771727412327025,986,0.5385395537525355,0.5299003322259136,384,0.5520833333333334,0.016874164058263523,0.15366704245497168,1.0,0.03853955375253548,ON,True,True,True
win pct <= .333 (4+ gp) + primetime + non-division,3,69,43,3,29,25,40,18,0.18183073176210834,112,0.6160714285714286,0.5370370370370371,58,0.6896551724137931,0.01776578128038713,0.6834892282353371,1.0,0.1160714285714286,ON,True,True,True
off 2 straight ATS wins + win pct >= .667 (4+ gp) + total >=50,3,61,91,2,34,47,27,44,-0.2106248341393184,152,0.40131578947368424,0.41975308641975306,71,0.38028169014084506,0.018367392110610666,0.18207674694084314,1.0,0.09868421052631576,FADE,True,True,True
home + dog 7+ + off ATS loss,3,109,76,3,51,46,58,30,0.12141359418481756,185,0.5891891891891892,0.5257731958762887,88,0.6590909090909091,0.018396427006796483,0.6848587772144039,1.0,0.08918918918918917,ON,True,True,True
dog + off 2 straight SU wins + dome/closed,3,122,87,2,62,46,60,41,0.13335631627874528,209,0.583732057416268,0.5740740740740741,101,0.594059405940594,0.01846717178429807,0.1485763476105624,1.0,0.08373205741626799,ON,True,True,True
fav 7+ + made playoffs last yr + total >=50,3,57,86,2,42,50,15,36,-0.21368587003623285,143,0.3986013986013986,0.45652173913043476,51,0.29411764705882354,0.018891135018809572,0.4657074457730625,1.0,0.1013986013986014,FADE,True,True,True
home + off 1-score loss + pt diff/gm <= -7 (4+ gp),3,53,81,3,26,48,27,33,-0.23189839987078986,134,0.39552238805970147,0.35135135135135137,60,0.45,0.01933684821376654,0.014079981429530049,1.0,0.10447761194029853,FADE,True,True,True
off ATS loss + opp off SU win + weeks 1-4,3,200,155,9,117,99,83,56,0.09225257227414008,355,0.5633802816901409,0.5416666666666666,139,0.5971223021582733,0.019401193342596986,0.2473328188817435,1.0,0.06338028169014087,ON,True,True,True
home + fav + weeks 1-4,3,270,328,13,167,201,103,127,-0.11397891545472263,598,0.451505016722408,0.453804347826087,230,0.44782608695652176,0.01968241250065427,0.08524933315911394,1.0,0.048494983277591996,FADE,True,True,True
away + dog + weeks 1-4,3,328,270,13,201,167,127,103,0.06550417471655909,598,0.5484949832775919,0.5461956521739131,230,0.5521739130434783,0.01968241250065427,0.08524933315911394,1.0,0.04849498327759194,ON,True,True,True
win pct <= .35 last yr + dome/closed,2,256,205,7,124,102,132,103,0.07433640960052199,461,0.5553145336225597,0.5486725663716814,235,0.5617021276595745,0.019774395257362607,0.16229691356513673,1.0,0.05531453362255967,ON,True,True,True
home + fav + off 1-score loss,3,261,318,15,163,184,98,134,-0.11856589543557068,579,0.45077720207253885,0.4697406340057637,232,0.4224137931034483,0.019871551915466523,0.2829595244188189,1.0,0.04922279792746115,FADE,True,True,True
off 2 straight SU losses + winless (2+ gp) + weeks 1-4,3,106,74,5,62,44,44,30,0.13572256427983603,180,0.5888888888888889,0.5849056603773585,74,0.5945945945945946,0.02059704542276797,0.09824250442243807,1.0,0.0888888888888889,ON,True,True,True
away + off SU loss + weeks 1-4,3,179,137,10,100,82,79,55,0.09813745219652634,316,0.5664556962025317,0.5494505494505495,134,0.5895522388059702,0.0209395843438392,0.20750339701863751,1.0,0.06645569620253167,ON,True,True,True
home + opp off SU loss + weeks 1-4,3,137,179,10,82,100,55,79,-0.142311527640432,316,0.43354430379746833,0.45054945054945056,134,0.41044776119402987,0.0209395843438392,0.20750339701863751,1.0,0.06645569620253167,FADE,True,True,True
off ATS loss + made playoffs last yr + wind >=15mph,3,72,46,2,44,23,28,23,0.18367928457530397,118,0.6101694915254238,0.6567164179104478,51,0.5490196078431373,0.020970029530035034,0.013933875024287785,1.0,0.11016949152542377,ON,True,True,True
off upset win (won as dog) + off ATS cover by 14+ + opp off SU win,3,98,134,3,63,79,35,55,-0.17937476627675528,232,0.4224137931034483,0.44366197183098594,90,0.3888888888888889,0.02136780690184982,0.20795842151862817,1.0,0.07758620689655171,FADE,True,True,True
better record than opp by .3+ + win pct <= .35 last yr,2,73,47,4,38,31,35,16,0.17978334691785514,120,0.6083333333333333,0.5507246376811594,51,0.6862745098039216,0.022082715809704234,0.47036853185814453,1.0,0.10833333333333328,ON,True,True,True
fav + off ATS win + dome/closed,3,242,296,8,131,156,111,140,-0.12031171128772768,538,0.44981412639405205,0.4564459930313589,251,0.44223107569721115,0.022225551380620177,0.15645697642573458,1.0,0.05018587360594795,FADE,True,True,True
away + win pct <= .35 last yr,2,465,397,26,269,224,196,173,0.04432591433751586,862,0.5394431554524362,0.5456389452332657,369,0.5311653116531165,0.0224327753676501,0.04740732693495806,1.0,0.03944315545243615,ON,True,True,True
off upset win (won as dog) + off ATS cover by 14+ + division game,3,62,91,4,42,56,20,35,-0.20421267081854994,153,0.40522875816993464,0.42857142857142855,55,0.36363636363636365,0.023280116964126706,0.18884671980890286,1.0,0.09477124183006536,FADE,True,True,True
dog 3 + late afternoon,2,80,53,9,46,28,34,25,0.16887559080284542,133,0.6015037593984962,0.6216216216216216,59,0.576271186440678,0.023801099334890975,0.04739297550405176,1.0,0.10150375939849621,ON,True,True,True
fav 3 + late afternoon,2,53,80,9,28,46,25,34,-0.2068026602940083,133,0.39849624060150374,0.3783783783783784,59,0.423728813559322,0.023801099334890975,0.04739297550405176,1.0,0.10150375939849626,FADE,True,True,True
off 2 straight ATS losses + made playoffs last yr + primetime,3,98,68,5,53,28,45,40,0.1411469627006835,166,0.5903614457831325,0.654320987654321,85,0.5294117647058824,0.024103430673146856,0.007275502036308492,1.0,0.09036144578313254,ON,True,True,True
dog + weeks 1-4 + total <=41,3,86,58,5,56,38,30,20,0.15743357156761384,144,0.5972222222222222,0.5957446808510638,50,0.6,0.024111364776137827,0.07897554800108206,1.0,0.09722222222222221,ON,True,True,True
fav + weeks 1-4 + total <=41,3,58,86,5,38,56,20,30,-0.20291087051474205,144,0.4027777777777778,0.40425531914893614,50,0.4,0.024111364776137827,0.07897554800108206,1.0,0.09722222222222221,FADE,True,True,True
off 2 straight SU losses + off ATS loss + weeks 1-4,3,111,79,6,62,51,49,28,0.12800113839242855,190,0.5842105263157895,0.5486725663716814,77,0.6363636363636364,0.024258297958749037,0.34689310509533494,1.0,0.08421052631578951,ON,True,True,True
off upset loss (lost as fav) + weeks 1-4 + non-division,3,105,74,3,60,45,45,29,0.1423155205214159,179,0.5865921787709497,0.5714285714285714,74,0.6081081081081081,0.024668917932819386,0.17156469715424233,1.0,0.08659217877094971,ON,True,True,True
opp ATS >= .65 (6+ gp) + total >=50,2,93,64,3,53,39,40,25,0.14469525376178072,157,0.5923566878980892,0.5760869565217391,65,0.6153846153846154,0.025128032190317232,0.17498389846296178,1.0,0.09235668789808915,ON,True,True,True
ATS >= .65 (6+ gp) + total >=50,2,64,93,3,39,53,25,40,-0.20343863753692748,157,0.40764331210191085,0.42391304347826086,65,0.38461538461538464,0.025128032190317232,0.17498389846296178,1.0,0.09235668789808915,FADE,True,True,True
off 1-score loss + off 2 straight ATS losses + made playoffs last yr,3,134,99,9,82,53,52,46,0.11613989513090948,233,0.575107296137339,0.6074074074074074,98,0.5306122448979592,0.025708208787723376,0.015644196051848806,1.0,0.07510729613733902,ON,True,True,True
fav + opp off SU loss + weeks 1-4,3,173,218,8,106,126,67,92,-0.1273585503139212,391,0.4424552429667519,0.45689655172413796,159,0.42138364779874216,0.025943453896563374,0.21215615907855653,1.0,0.05754475703324807,FADE,True,True,True
dog + off SU loss + weeks 1-4,3,218,173,8,126,106,92,67,0.08215826779591673,391,0.5575447570332481,0.5431034482758621,159,0.5786163522012578,0.025943453896563374,0.21215615907855653,1.0,0.05754475703324813,ON,True,True,True
dog + weeks 1-4 + total >=50,3,71,46,1,37,22,34,24,0.17416388930999668,117,0.6068376068376068,0.6271186440677966,58,0.5862068965517241,0.026075562235663576,0.06744461190078899,1.0,0.10683760683760679,ON,True,True,True
fav + weeks 1-4 + total >=50,3,46,71,1,22,37,24,34,-0.22536789561083181,117,0.39316239316239315,0.3728813559322034,58,0.41379310344827586,0.026075562235663576,0.06744461190078899,1.0,0.10683760683760685,FADE,True,True,True
dog 3 + off SU loss + 1pm ET window,3,88,60,14,52,41,36,19,0.14865959950484667,148,0.5945945945945946,0.5591397849462365,55,0.6545454545454545,0.026125278798599536,0.29973169689703033,1.0,0.09459459459459463,ON,True,True,True
fav 3 + opp off SU loss + 1pm ET window,3,60,88,14,41,52,19,36,-0.18761645622384138,148,0.40540540540540543,0.44086021505376344,55,0.34545454545454546,0.026125278798599536,0.29973169689703033,1.0,0.09459459459459457,FADE,True,True,True
rest adv 3+ days + opp off ATS miss by 14+,2,51,77,3,28,48,23,29,-0.21360799122424942,128,0.3984375,0.3684210526315789,52,0.4423076923076923,0.026735172855975448,0.028626655508737896,1.0,0.1015625,FADE,True,True,True
rest disadv 3+ days + off SU loss + off ATS miss by 14+,3,77,51,3,48,28,29,23,0.16599561498958584,128,0.6015625,0.631578947368421,52,0.5576923076923077,0.026735172855975448,0.028626655508737896,1.0,0.1015625,ON,True,True,True
rest disadv 3+ days + off ATS miss by 14+,2,77,51,3,48,28,29,23,0.16599561498958584,128,0.6015625,0.631578947368421,52,0.5576923076923077,0.026735172855975448,0.028626655508737896,1.0,0.1015625,ON,True,True,True
fav 7.5-9.5 + win pct >= .667 (4+ gp) + made playoffs last yr,3,61,89,0,34,46,27,43,-0.19907967419585842,150,0.4066666666666667,0.425,70,0.38571428571428573,0.02715259073764602,0.21851803947870374,1.0,0.09333333333333332,FADE,True,True,True
fav 7.5-9.5 + win pct >= .667 (4+ gp),2,78,109,0,45,60,33,49,-0.17800340277563617,187,0.41711229946524064,0.42857142857142855,82,0.4024390243902439,0.02797939053694255,0.17156469715424233,1.0,0.08288770053475936,FADE,True,True,True
dog + off ATS loss + win pct <= .35 last yr,3,307,254,9,170,145,137,109,0.05687112776032337,561,0.5472370766488414,0.5396825396825397,246,0.556910569105691,0.02804253226796144,0.1762018418932653,1.0,0.04723707664884136,ON,True,True,True
fav + weeks 1-4 + dome/closed,3,110,146,3,60,77,50,69,-0.15796399837428846,256,0.4296875,0.43795620437956206,119,0.42016806722689076,0.028508923906997986,0.17140890326024466,1.0,0.0703125,FADE,True,True,True
dog + weeks 1-4 + dome/closed,3,146,110,3,77,60,69,50,0.10254447777093052,256,0.5703125,0.5620437956204379,119,0.5798319327731093,0.028508923906997986,0.17140890326024466,1.0,0.0703125,ON,True,True,True
away + weeks 1-4 + cross-country road trip,3,73,48,2,39,26,34,22,0.1677206177477041,121,0.6033057851239669,0.6,56,0.6071428571428571,0.02870319917373694,0.1360323948778921,1.0,0.10330578512396693,ON,True,True,True
weeks 1-4 + cross-country road trip,2,73,48,2,39,26,34,22,0.1677206177477041,121,0.6033057851239669,0.6,56,0.6071428571428571,0.02870319917373694,0.1360323948778921,1.0,0.10330578512396693,ON,True,True,True
weeks 1-4 + non-division + cross-country road trip,3,73,48,2,39,26,34,22,0.1677206177477041,121,0.6033057851239669,0.6,56,0.6071428571428571,0.02870319917373694,0.1360323948778921,1.0,0.10330578512396693,ON,True,True,True
off ATS win + ATS >= .65 (6+ gp) + opp made playoffs last yr,3,63,91,3,34,58,29,33,-0.20398160080322908,154,0.4090909090909091,0.3695652173913043,62,0.46774193548387094,0.02924556857196787,0.01602027478889998,1.0,0.09090909090909088,FADE,True,True,True
off 2 straight SU losses + opp off SU loss + weeks 1-4,3,69,45,3,37,27,32,18,0.16960172000933715,114,0.6052631578947368,0.578125,50,0.64,0.03077632385440321,0.26043547657665356,1.0,0.10526315789473684,ON,True,True,True
home + opp ATS >= .65 (6+ gp) + made playoffs last yr,3,99,70,7,55,34,44,36,0.12776800563416216,169,0.5857988165680473,0.6179775280898876,80,0.55,0.030947734779096184,0.03341672160209761,1.0,0.08579881656804733,ON,True,True,True
fav + made playoffs last yr + wind >=15mph,3,99,70,6,52,38,47,32,0.13208635825938975,169,0.5857988165680473,0.5777777777777777,79,0.5949367088607594,0.030947734779096184,0.17024239504607366,1.0,0.08579881656804733,ON,True,True,True
off upset win (won as dog) + off ATS win + dome/closed,3,203,161,6,109,81,94,80,0.08784075736835346,364,0.5576923076923077,0.5736842105263158,174,0.5402298850574713,0.03149428252796815,0.04985144161687199,1.0,0.05769230769230771,ON,True,True,True
off upset win (won as dog) + dome/closed,2,203,161,6,109,81,94,80,0.08784075736835346,364,0.5576923076923077,0.5736842105263158,174,0.5402298850574713,0.03149428252796815,0.04985144161687199,1.0,0.05769230769230771,ON,True,True,True
fav 7+ + dome/closed,2,137,176,7,78,93,59,83,-0.13549072487417413,313,0.43769968051118213,0.45614035087719296,142,0.4154929577464789,0.031558160595195506,0.2843136579753455,1.0,0.06230031948881787,FADE,True,True,True
dog 7+ + dome/closed,2,176,137,7,93,78,83,59,0.07399453931845765,313,0.5623003194888179,0.543859649122807,142,0.5845070422535211,0.031558160595195506,0.2843136579753455,1.0,0.06230031948881787,ON,True,True,True
home + weeks 1-4 + total >=50,3,46,70,1,23,35,23,35,-0.2290232905964314,116,0.39655172413793105,0.39655172413793105,58,0.39655172413793105,0.03227202073309309,0.14800580076020603,1.0,0.10344827586206895,FADE,True,True,True
away + weeks 1-4 + total >=50,3,70,46,1,35,23,35,23,0.17786543615272507,116,0.603448275862069,0.603448275862069,58,0.603448275862069,0.03227202073309309,0.14800580076020603,1.0,0.10344827586206895,ON,True,True,True
off 1-score loss + pt diff/gm <= -7 (4+ gp) + 1pm ET window,3,78,108,6,41,61,37,47,-0.1804020705460574,186,0.41935483870967744,0.4019607843137255,84,0.44047619047619047,0.03319117772000448,0.059400536903433346,1.0,0.08064516129032256,FADE,True,True,True
away + off ATS loss + weeks 1-4,3,189,149,8,106,92,83,57,0.08661124101093509,338,0.5591715976331361,0.5353535353535354,140,0.5928571428571429,0.033740588426437734,0.3555851763659951,1.0,0.059171597633136064,ON,True,True,True
away + dog 3 + opp off SU loss,3,71,47,16,36,31,35,16,0.15749401833191165,118,0.6016949152542372,0.5373134328358209,51,0.6862745098039216,0.03378817547182585,0.6254068289416483,1.0,0.10169491525423724,ON,True,True,True
home + fav 3 + off SU loss,3,47,71,16,31,36,16,35,-0.19906891034500612,118,0.3983050847457627,0.4626865671641791,51,0.3137254901960784,0.03378817547182585,0.6254068289416483,1.0,0.1016949152542373,FADE,True,True,True
off SU win + ATS >= .65 (6+ gp) + opp made playoffs last yr,3,68,96,5,40,62,28,34,-0.19059086198497746,164,0.4146341463414634,0.39215686274509803,62,0.45161290322580644,0.03468069745563246,0.03706676743856058,1.0,0.0853658536585366,FADE,True,True,True
win pct <= .333 (4+ gp) + late afternoon + dome/closed,3,53,78,0,18,24,35,54,-0.21882505088746507,131,0.40458015267175573,0.42857142857142855,89,0.39325842696629215,0.03559998587055829,0.44079906734259566,1.0,0.09541984732824427,FADE,True,True,True
fav + off ATS win + weeks 1-4,3,161,202,7,99,120,62,82,-0.1257820473500555,363,0.44352617079889806,0.4520547945205479,144,0.4305555555555556,0.03563184243158516,0.17640787441003644,1.0,0.056473829201101944,FADE,True,True,True
home + dog 3.5-6.5 + win pct <= .35 last yr,3,69,97,1,37,53,32,44,-0.1971786435281101,166,0.41566265060240964,0.4111111111111111,76,0.42105263157894735,0.035799015719058545,0.11334435404342058,1.0,0.08433734939759036,FADE,True,True,True
off 2 straight ATS losses + opp off SU loss + win pct >= .667 (4+ gp),3,67,44,2,35,21,32,23,0.18245864792573752,111,0.6036036036036037,0.625,55,0.5818181818181818,0.03630649114131782,0.08142681460950618,1.0,0.10360360360360366,ON,True,True,True
off SU loss + better record than opp by .3+ + weeks 13+ (reg),3,67,44,4,40,21,27,23,0.17788490377004978,111,0.6036036036036037,0.6557377049180327,50,0.54,0.03630649114131782,0.0204147137996349,1.0,0.10360360360360366,ON,True,True,True
opp off SU loss + worse record than opp by .3+ + weeks 13+ (reg),3,44,67,4,21,40,23,27,-0.23259417618599215,111,0.3963963963963964,0.3442622950819672,50,0.46,0.03630649114131782,0.0204147137996349,1.0,0.1036036036036036,FADE,True,True,True
off 2 straight SU wins + ATS >= .65 (6+ gp) + weeks 13+ (reg),3,64,91,4,33,54,31,37,-0.19314755135826558,155,0.4129032258064516,0.3793103448275862,68,0.45588235294117646,0.03642275253765168,0.03141811023384611,1.0,0.08709677419354839,FADE,True,True,True
home + made playoffs last yr + wind >=15mph,3,73,49,4,36,23,37,26,0.155825058866889,122,0.5983606557377049,0.6101694915254238,63,0.5873015873015873,0.036877469449736425,0.11747735024505848,1.0,0.09836065573770492,ON,True,True,True
off ATS win + opp off blowout loss (17+) + late afternoon,3,73,49,2,37,27,36,22,0.16698646097024433,122,0.5983606557377049,0.578125,58,0.6206896551724138,0.036877469449736425,0.26043547657665356,1.0,0.09836065573770492,ON,True,True,True
away + dog + win pct <= .35 last yr,3,367,312,20,211,174,156,138,0.0457326431626124,679,0.540500736377025,0.548051948051948,294,0.5306122448979592,0.03815652685069737,0.06640625587437377,1.0,0.040500736377025004,ON,True,True,True
off upset loss (lost as fav) + made playoffs last yr + division game,3,130,98,6,75,57,55,41,0.11067664915698372,228,0.5701754385964912,0.5681818181818182,96,0.5729166666666666,0.0398354975657884,0.13866800643810281,1.0,0.07017543859649122,ON,True,True,True
opp ATS >= .65 (6+ gp) + made playoffs last yr + non-division,3,130,98,4,68,52,62,46,0.10198584722865142,228,0.5701754385964912,0.5666666666666667,108,0.5740740740740741,0.0398354975657884,0.17064521313035166,1.0,0.07017543859649122,ON,True,True,True
opp made playoffs last yr + wind >=15mph,2,56,81,4,30,48,26,33,-0.20491692148632712,137,0.40875912408759124,0.38461538461538464,59,0.4406779661016949,0.039928179668616365,0.053544392168502264,1.0,0.09124087591240876,FADE,True,True,True
away + off 1-score loss + opp off SU win,3,231,188,14,132,100,99,88,0.06858433704291003,419,0.5513126491646778,0.5689655172413793,187,0.5294117647058824,0.040058218604854576,0.04159407969002064,1.0,0.051312649164677815,ON,True,True,True
away + off 2 straight ATS wins + primetime,3,73,101,7,34,49,39,52,-0.17876897936249755,174,0.41954022988505746,0.40963855421686746,91,0.42857142857142855,0.04036310204608607,0.12385305946180147,1.0,0.08045977011494254,FADE,True,True,True
off ATS win + opp made playoffs last yr + division game,3,136,173,13,83,108,53,65,-0.13946087391688067,309,0.4401294498381877,0.43455497382198954,118,0.4491525423728814,0.04038984585966205,0.08219129693943296,1.0,0.05987055016181231,FADE,True,True,True
away + off upset win (won as dog) + dome/closed,3,95,68,2,46,34,49,34,0.1349275443089851,163,0.5828220858895705,0.575,83,0.5903614457831325,0.04137242299938601,0.21851803947870374,1.0,0.08282208588957052,ON,True,True,True
fav 0.5-2.5 + opp off SU win + dome/closed,3,57,82,0,31,42,26,40,-0.21224378473983077,139,0.41007194244604317,0.4246575342465753,66,0.3939393939393939,0.04139779465240077,0.241644723140752,1.0,0.08992805755395683,FADE,True,True,True
dog 0.5-2.5 + off SU win + dome/closed,3,82,57,0,42,31,40,26,0.16338098491145345,139,0.5899280575539568,0.5753424657534246,66,0.6060606060606061,0.04139779465240077,0.241644723140752,1.0,0.08992805755395683,ON,True,True,True
non-division + dome/closed + opp new starting QB,3,47,70,2,21,30,26,40,-0.21562863811522062,117,0.4017094017094017,0.4117647058823529,66,0.3939393939393939,0.041500788707988116,0.2624375357110438,1.0,0.09829059829059827,FADE,True,True,True
non-division + dome/closed + new starting QB vs last game,3,70,47,2,30,21,40,26,0.14980367387652774,117,0.5982905982905983,0.5882352941176471,66,0.6060606060606061,0.041500788707988116,0.2624375357110438,1.0,0.09829059829059827,ON,True,True,True
off ATS loss + made playoffs last yr + division game,3,302,253,17,172,142,130,111,0.057214547168322485,555,0.5441441441441441,0.5477707006369427,241,0.5394190871369294,0.041504679778476015,0.10156897995285295,1.0,0.04414414414414414,ON,True,True,True
away + non-division + cross-country road trip,3,256,211,11,141,112,115,99,0.0628811452797651,467,0.5481798715203426,0.5573122529644269,214,0.5373831775700935,0.041627700125796425,0.07814285150849587,1.0,0.04817987152034264,ON,True,True,True
away + cross-country road trip,2,256,211,11,141,112,115,99,0.0628811452797651,467,0.5481798715203426,0.5573122529644269,214,0.5373831775700935,0.041627700125796425,0.07814285150849587,1.0,0.04817987152034264,ON,True,True,True
cross-country road trip,1,256,211,11,141,112,115,99,0.0628811452797651,467,0.5481798715203426,0.5573122529644269,214,0.5373831775700935,0.041627700125796425,0.07814285150849587,1.0,0.04817987152034264,ON,True,True,True
non-division + cross-country road trip,2,256,211,11,141,112,115,99,0.0628811452797651,467,0.5481798715203426,0.5573122529644269,214,0.5373831775700935,0.041627700125796425,0.07814285150849587,1.0,0.04817987152034264,ON,True,True,True
dog 7+ + off 1-score loss + weeks 13+ (reg),3,52,76,5,29,42,23,34,-0.20810836083771722,128,0.40625,0.4084507042253521,57,0.40350877192982454,0.04163828383950259,0.1539127693264563,1.0,0.09375,FADE,True,True,True
off 2 straight SU wins + 1pm ET window + division game,3,138,175,13,79,106,59,69,-0.13096675180551023,313,0.44089456869009586,0.42702702702702705,128,0.4609375,0.04169533209561295,0.05563867923365775,1.0,0.059105431309904144,FADE,True,True,True
away + win pct <= .35 last yr + division game,3,176,139,9,105,76,71,63,0.08006478333940956,315,0.5587301587301587,0.580110497237569,134,0.5298507462686567,0.04235169571794239,0.037120275450397235,1.0,0.058730158730158744,ON,True,True,True
off upset win (won as dog) + off ATS cover by 14+ + 1pm ET window,3,109,142,5,71,91,38,51,-0.15318379838625046,251,0.4342629482071713,0.4382716049382716,89,0.42696629213483145,0.043187000628923146,0.13524792193400165,1.0,0.06573705179282868,FADE,True,True,True
away + fav 7+ + off 2 straight SU wins,3,53,77,1,30,40,23,37,-0.19434714869495606,130,0.4076923076923077,0.42857142857142855,60,0.38333333333333336,0.04325513078582882,0.281978921793656,1.0,0.09230769230769231,FADE,True,True,True
off 2 straight SU wins + off ATS cover by 14+ + weeks 13+ (reg),3,76,104,9,43,59,33,45,-0.17312261848635507,180,0.4222222222222222,0.4215686274509804,78,0.4230769230769231,0.04387101145390345,0.1370988057560341,1.0,0.07777777777777778,FADE,True,True,True
fav 7+ + off SU win + dome/closed,3,76,104,4,42,50,34,54,-0.16849895652679162,180,0.4222222222222222,0.45652173913043476,88,0.38636363636363635,0.04387101145390345,0.4657074457730625,1.0,0.07777777777777778,FADE,True,True,True
dog 7+ + opp off SU win + dome/closed,3,104,76,4,50,42,54,34,0.10255477409207525,180,0.5777777777777777,0.5434782608695652,88,0.6136363636363636,0.04387101145390345,0.4657074457730625,1.0,0.07777777777777772,ON,True,True,True
off 2 straight SU losses + weeks 1-4,2,135,103,6,77,62,58,41,0.09576714903257094,238,0.5672268907563025,0.5539568345323741,99,0.5858585858585859,0.04426431105091165,0.23493150329059714,1.0,0.0672268907563025,ON,True,True,True
off 2 straight ATS losses + 1pm ET window + dome/closed,3,112,83,8,64,47,48,36,0.11253892182810882,195,0.5743589743589743,0.5765765765765766,84,0.5714285714285714,0.04467251586059403,0.12847543208575976,1.0,0.07435897435897432,ON,True,True,True
fav 0.5-2.5 + weeks 1-4 + non-division,3,65,91,0,40,52,25,39,-0.19911040069789324,156,0.4166666666666667,0.43478260869565216,64,0.390625,0.04498016418904383,0.2513221034748543,1.0,0.08333333333333331,FADE,True,True,True
off SU win + made playoffs last yr + wind >=15mph,3,91,65,5,52,31,39,34,0.13039245489278206,156,0.5833333333333334,0.6265060240963856,73,0.5342465753424658,0.04498016418904383,0.027534178012294533,1.0,0.08333333333333337,ON,True,True,True
dog 0.5-2.5 + weeks 1-4 + non-division,3,91,65,0,52,40,39,25,0.15463298600067046,156,0.5833333333333334,0.5652173913043478,64,0.609375,0.04498016418904383,0.2513221034748543,1.0,0.08333333333333337,ON,True,True,True
home + win pct <= .333 (4+ gp) + new starting QB vs last game,3,72,49,4,32,29,40,20,0.14403347705631117,121,0.5950413223140496,0.5245901639344263,60,0.6666666666666666,0.045051739725735895,0.7981526273057179,1.0,0.0950413223140496,ON,True,True,True
dog + off 1-score loss + weeks 1-4,3,105,77,6,64,44,41,33,0.1179220984080608,182,0.5769230769230769,0.5925925925925926,74,0.5540540540540541,0.04505458205192087,0.0670104147522952,1.0,0.07692307692307687,ON,True,True,True
off ATS loss + weeks 1-4 + 1pm ET window,3,210,170,7,119,106,91,64,0.07615067815914088,380,0.5526315789473685,0.5288888888888889,155,0.5870967741935483,0.04528698140018042,0.42377369108374663,1.0,0.052631578947368474,ON,True,True,True
home + opp off SU loss + final 2 reg weeks,3,129,98,4,76,66,53,32,0.10801275107468258,227,0.5682819383259912,0.5352112676056338,85,0.6235294117647059,0.04622338429275363,0.45020799234923153,1.0,0.06828193832599116,ON,True,True,True
away + off SU loss + final 2 reg weeks,3,98,129,4,66,76,32,53,-0.15116937024476587,227,0.43171806167400884,0.4647887323943662,85,0.3764705882352941,0.04622338429275363,0.45020799234923153,1.0,0.06828193832599116,FADE,True,True,True
win pct <= .35 last yr + 1pm ET window + dome/closed,3,139,107,6,79,60,60,47,0.09303154949079476,246,0.5650406504065041,0.5683453237410072,107,0.5607476635514018,0.047878820234390725,0.1265229449726362,1.0,0.06504065040650409,ON,True,True,True
away + win pct <= .35 last yr + dome/closed,3,139,107,4,73,61,66,46,0.09065364601039527,246,0.5650406504065041,0.5447761194029851,112,0.5892857142857143,0.047878820234390725,0.3420147088663083,1.0,0.06504065040650409,ON,True,True,True
off SU win + ATS <= .35 (6+ gp),2,115,86,6,67,48,48,38,0.11057640761280137,201,0.572139303482587,0.5826086956521739,86,0.5581395348837209,0.04800146605383195,0.0928159209821896,1.0,0.07213930348258701,ON,True,True,True
opp off SU win + opp ATS <= .35 (6+ gp),2,86,115,6,48,67,38,48,-0.1652685284434834,201,0.42786069651741293,0.41739130434782606,86,0.4418604651162791,0.04800146605383195,0.0928159209821896,1.0,0.07213930348258707,FADE,True,True,True
fav + off SU win + weeks 1-4,3,175,215,7,100,130,75,85,-0.11522722082302848,390,0.44871794871794873,0.43478260869565216,160,0.46875,0.048146977206307444,0.055613577781392295,1.0,0.051282051282051266,FADE,True,True,True
dog + opp off SU win + weeks 1-4,3,215,175,7,130,100,85,75,0.0702913820932291,390,0.5512820512820513,0.5652173913043478,160,0.53125,0.048146977206307444,0.055613577781392295,1.0,0.05128205128205132,ON,True,True,True
off 2 straight ATS losses + win pct >= .667 (4+ gp),2,125,95,6,66,42,59,53,0.10826818648181258,220,0.5681818181818182,0.6111111111111112,112,0.5267857142857143,0.05031455926862726,0.026423520277147883,1.0,0.06818181818181823,ON,True,True,True
made playoffs last yr + division game + new starting QB vs last game,3,42,63,4,18,30,24,33,-0.2183354908574824,105,0.4,0.375,57,0.42105263157894735,0.05044215663996977,0.11140289106101878,1.0,0.09999999999999998,FADE,True,True,True
away + fav 7+ + off ATS win,3,63,88,3,35,42,28,46,-0.17054346984258445,151,0.41721854304635764,0.45454545454545453,74,0.3783783783783784,0.05044785478187989,0.49438227369550003,1.0,0.08278145695364236,FADE,True,True,True
away + off ATS loss + win pct <= .35 last yr,3,219,179,9,128,103,91,76,0.06349791070384955,398,0.550251256281407,0.5541125541125541,167,0.5449101796407185,0.05045911180090087,0.11412166480972863,1.0,0.05025125628140703,ON,True,True,True
off 1-score loss + off 2 straight ATS losses + primetime,3,69,47,3,38,27,31,20,0.15205800215088636,116,0.5948275862068966,0.5846153846153846,51,0.6078431372549019,0.05072955668288316,0.2145391940081784,1.0,0.09482758620689657,ON,True,True,True
off upset loss (lost as fav) + off ATS miss by 14+ + opp off SU loss,3,126,96,1,70,56,56,40,0.11005939840288163,222,0.5675675675675675,0.5555555555555556,96,0.5833333333333334,0.051367228648460286,0.24670624718941794,1.0,0.06756756756756754,ON,True,True,True
away + fav + total <=41,3,111,143,14,67,85,44,58,-0.14202613601711975,254,0.43700787401574803,0.4407894736842105,102,0.43137254901960786,0.05154715491832414,0.1677219931791975,1.0,0.06299212598425197,FADE,True,True,True
home + dog + total <=41,3,143,111,14,85,67,58,44,0.09222178760364427,254,0.562992125984252,0.5592105263157895,102,0.5686274509803921,0.05154715491832414,0.1677219931791975,1.0,0.06299212598425197,ON,True,True,True
fav + off 2 straight SU wins + opp ATS <= .35 (6+ gp),3,64,89,6,43,57,21,32,-0.17547907599068585,153,0.41830065359477125,0.43,53,0.39622641509433965,0.051988852826861866,0.19334790449564243,1.0,0.08169934640522875,FADE,True,True,True
off ATS miss by 14+ + pt diff/gm <= -7 (4+ gp) + 1pm ET window,3,76,53,2,37,31,39,22,0.12620928955686297,129,0.5891472868217055,0.5441176470588235,61,0.639344262295082,0.05232353322391846,0.5446122234192592,1.0,0.08914728682170547,ON,True,True,True
home + fav + off ATS loss,3,484,547,31,285,322,199,225,-0.08498173565291749,1031,0.469447138700291,0.4695222405271829,424,0.4693396226415094,0.053441306542814315,0.14389952100410164,1.0,0.030552861299709022,FADE,True,True,True
dog 0.5-2.5 + off ATS loss + opp off SU loss,3,120,91,1,63,51,57,40,0.12483846951705065,211,0.5687203791469194,0.5526315789473685,97,0.5876288659793815,0.053646930611168445,0.3028775526303248,1.0,0.06872037914691942,ON,True,True,True
dog + off ATS loss + total <=41,3,193,156,16,108,92,85,64,0.06862819939360816,349,0.5530085959885387,0.54,149,0.5704697986577181,0.053819328764655075,0.28882049717476627,1.0,0.05300859598853869,ON,True,True,True
dog + weeks 1-4 + non-division,3,349,299,13,204,180,145,119,0.046258018497516554,648,0.5385802469135802,0.53125,264,0.5492424242424242,0.054157779356105024,0.24047141571322653,1.0,0.038580246913580196,ON,True,True,True
fav + weeks 1-4 + non-division,3,299,349,13,180,204,119,145,-0.0935188793003289,648,0.46141975308641975,0.46875,264,0.45075757575757575,0.054157779356105024,0.24047141571322653,1.0,0.03858024691358025,FADE,True,True,True
off 2 straight SU wins + made playoffs last yr + total <=41,3,54,77,6,29,44,25,33,-0.18796305992436765,131,0.4122137404580153,0.3972602739726027,58,0.43103448275862066,0.05417080038723313,0.10064367752023572,1.0,0.08778625954198471,FADE,True,True,True
fav 7.5-9.5 + off 2 straight SU wins + off ATS win,3,54,77,0,35,43,19,34,-0.18144371964562378,131,0.4122137404580153,0.44871794871794873,53,0.3584905660377358,0.05417080038723313,0.4282070357175807,1.0,0.08778625954198471,FADE,True,True,True
home + off SU loss + better record than opp by .3+,3,71,49,2,42,27,29,22,0.1584560631827,120,0.5916666666666667,0.6086956521739131,51,0.5686274509803921,0.05477979691370204,0.09118649056701154,1.0,0.09166666666666667,ON,True,True,True
fav 0.5-2.5 + made playoffs last yr + weeks 5-12,3,84,60,2,43,37,41,23,0.1130389396719724,144,0.5833333333333334,0.5375,64,0.640625,0.05490187249732837,0.5764306261883931,1.0,0.08333333333333337,ON,True,True,True
short week (<=5d) + off 2 straight SU losses,2,65,44,5,35,24,30,20,0.1474911817563536,109,0.5963302752293578,0.5932203389830508,50,0.6,0.054908817775760344,0.19252645776146274,1.0,0.09633027522935778,ON,True,True,True
off upset win (won as dog) + off ATS cover by 14+,2,209,251,7,128,149,81,102,-0.11421136725818976,460,0.4543478260869565,0.4620938628158845,183,0.4426229508196721,0.055804919954422404,0.22942446462935764,1.0,0.04565217391304349,FADE,True,True,True
off SU loss + off 2 straight ATS wins,2,86,114,7,44,61,42,53,-0.15561650737474741,200,0.43,0.41904761904761906,95,0.4421052631578947,0.055965740494264726,0.11799998150585851,1.0,0.07,FADE,True,True,True
opp ATS >= .65 (6+ gp) + weeks 13+ (reg) + non-division,3,78,55,1,43,31,35,24,0.14010494496627457,133,0.5864661654135338,0.581081081081081,59,0.5932203389830508,0.05602788183890041,0.20067820312938567,1.0,0.0864661654135338,ON,True,True,True
ATS >= .65 (6+ gp) + weeks 13+ (reg) + non-division,3,55,78,1,31,43,24,35,-0.19378996068319684,133,0.41353383458646614,0.4189189189189189,59,0.4067796610169492,0.05602788183890041,0.20067820312938567,1.0,0.08646616541353386,FADE,True,True,True
dog + off 1-score loss + off 2 straight ATS losses,3,157,124,11,92,71,65,53,0.07909369308195606,281,0.5587188612099644,0.5644171779141104,118,0.5508474576271186,0.056073771087839064,0.1169544024635374,1.0,0.05871886120996439,ON,True,True,True
fav 0.5-2.5 + weeks 1-4,2,101,131,1,57,76,44,55,-0.16342546330843105,232,0.4353448275862069,0.42857142857142855,99,0.4444444444444444,0.0566832075134655,0.11824011046976068,1.0,0.0646551724137931,FADE,True,True,True
dog 0.5-2.5 + weeks 1-4,2,131,101,1,76,57,55,44,0.1164454583678491,232,0.5646551724137931,0.5714285714285714,99,0.5555555555555556,0.0566832075134655,0.11824011046976068,1.0,0.06465517241379315,ON,True,True,True
home + weeks 1-4 + outdoor >=80F,3,80,107,2,55,71,25,36,-0.16596573244660187,187,0.42780748663101603,0.4365079365079365,61,0.4098360655737705,0.05697078139259496,0.18122406088142368,1.0,0.07219251336898397,FADE,True,True,True
away + weeks 1-4 + outdoor >=80F,3,107,80,2,71,55,36,25,0.11998124096776673,187,0.5721925133689839,0.5634920634920635,61,0.5901639344262295,0.05697078139259496,0.18122406088142368,1.0,0.07219251336898391,ON,True,True,True
off upset loss (lost as fav) + opp off SU win + weeks 1-4,3,79,56,5,46,36,33,20,0.12940338607102564,135,0.5851851851851851,0.5609756097560976,53,0.6226415094339622,0.057893891566777794,0.3202933636380142,1.0,0.08518518518518514,ON,True,True,True
fav + off 2 straight SU wins + opp new starting QB,3,68,93,4,31,45,37,48,-0.16928145602127256,161,0.422360248447205,0.40789473684210525,85,0.43529411764705883,0.05822464403474122,0.13538510529943087,1.0,0.07763975155279501,FADE,True,True,True
fav 7+ + off ATS win + dome/closed,3,68,93,2,38,47,30,46,-0.16923348390800583,161,0.422360248447205,0.4470588235294118,76,0.39473684210526316,0.05822464403474122,0.3856694201192796,1.0,0.07763975155279501,FADE,True,True,True
off 1-score loss + off 2 straight ATS wins,2,81,108,7,41,57,40,51,-0.15828701973142517,189,0.42857142857142855,0.41836734693877553,91,0.43956043956043955,0.05830726394977066,0.12929258395357313,1.0,0.07142857142857145,FADE,True,True,True
off 2 straight SU wins + final 2 reg weeks + 1pm ET window,3,51,73,4,28,44,23,29,-0.192377622482272,124,0.4112903225806452,0.3888888888888889,52,0.4423076923076923,0.05887587328073498,0.07636915467183139,1.0,0.08870967741935482,FADE,True,True,True
away + off ATS win + win pct >= .667 (4+ gp),3,239,283,13,130,163,109,120,-0.10306608250985098,522,0.4578544061302682,0.44368600682593856,229,0.4759825327510917,0.059724227674471955,0.06137414188288893,1.0,0.04214559386973182,FADE,True,True,True
away + win pct <= .35 last yr + 1pm ET window,3,296,251,19,181,150,115,101,0.04757757397496275,547,0.5411334552102377,0.5468277945619335,216,0.5324074074074074,0.0598315199499989,0.09901177711109518,1.0,0.0411334552102377,ON,True,True,True
dog + outdoor >=80F,2,171,137,4,112,87,59,50,0.07622829350394332,308,0.5551948051948052,0.5628140703517588,109,0.5412844036697247,0.05988446907012225,0.08863025090616314,1.0,0.05519480519480524,ON,True,True,True
fav + outdoor >=80F,2,137,171,4,87,112,50,59,-0.131607548908092,308,0.4448051948051948,0.4371859296482412,109,0.45871559633027525,0.05988446907012225,0.08863025090616314,1.0,0.055194805194805185,FADE,True,True,True
fav + pt diff/gm <= -7 (4+ gp),2,63,87,2,33,53,30,34,-0.18265206384743946,150,0.42,0.38372093023255816,64,0.46875,0.06002721569726554,0.03985362856053515,1.0,0.08000000000000002,FADE,True,True,True
home + week 1 + non-division,3,63,87,3,40,52,23,35,-0.17808542731757607,150,0.42,0.43478260869565216,58,0.39655172413793105,0.06002721569726554,0.2513221034748543,1.0,0.08000000000000002,FADE,True,True,True
away + week 1 + non-division,3,87,63,3,52,40,35,23,0.12919105514315193,150,0.58,0.5652173913043478,58,0.603448275862069,0.06002721569726554,0.2513221034748543,1.0,0.07999999999999996,ON,True,True,True
off 2 straight SU wins + pt diff/gm >= +7 (4+ gp) + total >=50,3,76,102,3,48,54,28,48,-0.16191803274685515,178,0.42696629213483145,0.47058823529411764,76,0.3684210526315789,0.060649377039278085,0.6207676687971154,1.0,0.07303370786516855,FADE,True,True,True
off ATS miss by 14+ + opp off ATS cover by 14+,2,52,74,2,28,45,24,29,-0.19398900050863505,126,0.4126984126984127,0.3835616438356164,53,0.4528301886792453,0.0609382526156603,0.060370037339928545,1.0,0.08730158730158732,FADE,True,True,True
off ATS cover by 14+ + opp off ATS miss by 14+,2,74,52,2,45,28,29,24,0.14242961680334515,126,0.5873015873015873,0.6164383561643836,53,0.5471698113207547,0.0609382526156603,0.060370037339928545,1.0,0.08730158730158732,ON,True,True,True
off SU win + off ATS cover by 14+ + opp off ATS miss by 14+,3,74,52,2,45,28,29,24,0.14242961680334515,126,0.5873015873015873,0.6164383561643836,53,0.5471698113207547,0.0609382526156603,0.060370037339928545,1.0,0.08730158730158732,ON,True,True,True
off SU loss + off ATS miss by 14+ + opp off ATS cover by 14+,3,52,74,2,28,45,24,29,-0.19398900050863505,126,0.4126984126984127,0.3835616438356164,53,0.4528301886792453,0.0609382526156603,0.060370037339928545,1.0,0.08730158730158732,FADE,True,True,True
away + off 1-score loss + final 2 reg weeks,3,47,68,4,30,35,17,33,-0.1916044477797876,115,0.40869565217391307,0.46153846153846156,50,0.34,0.06170860823922418,0.6201447650813029,1.0,0.09130434782608693,FADE,True,True,True
off 2 straight SU losses + opp off SU loss + opp ATS <= .35 (6+ gp),3,103,77,5,59,41,44,36,0.11424746332563288,180,0.5722222222222222,0.59,80,0.55,0.062106765852985156,0.08862608011406757,1.0,0.07222222222222219,ON,True,True,True
away + off ATS win + ATS >= .65 (6+ gp),3,131,164,9,69,92,62,72,-0.13112918838612475,295,0.4440677966101695,0.42857142857142855,134,0.4626865671641791,0.062263258844922696,0.08262582271649305,1.0,0.055932203389830515,FADE,True,True,True
fav + weeks 1-4 + late afternoon,3,99,128,5,60,76,39,52,-0.1418668748435908,227,0.43612334801762115,0.4411764705882353,91,0.42857142857142855,0.06287060424787497,0.19818134136296864,1.0,0.06387665198237885,FADE,True,True,True
dog + weeks 1-4 + late afternoon,3,128,99,5,76,60,52,39,0.09451059015283632,227,0.5638766519823789,0.5588235294117647,91,0.5714285714285714,0.06287060424787497,0.19818134136296864,1.0,0.06387665198237891,ON,True,True,True
fav 3 + off 1-score loss,2,53,75,14,32,42,21,33,-0.17393571598655524,128,0.4140625,0.43243243243243246,54,0.3888888888888889,0.06300878260833416,0.29541328065567,1.0,0.0859375,FADE,True,True,True
fav + better record than opp by .3+ + primetime,3,65,89,2,44,53,21,36,-0.17548642513925364,154,0.42207792207792205,0.4536082474226804,57,0.3684210526315789,0.06347521517753654,0.4167748410890994,1.0,0.07792207792207795,FADE,True,True,True
off upset win (won as dog) + opp off SU loss + made playoffs last yr,3,104,78,7,53,45,51,33,0.10956157404599536,182,0.5714285714285714,0.5408163265306123,84,0.6071428571428571,0.06356796412214193,0.4796924995674868,1.0,0.0714285714285714,ON,True,True,True
off 2 straight SU wins + ATS >= .65 (6+ gp) + made playoffs last yr,3,108,138,7,64,77,44,61,-0.13924303070809363,246,0.43902439024390244,0.45390070921985815,105,0.41904761904761906,0.06424260857381486,0.3122129316569951,1.0,0.06097560975609756,FADE,True,True,True
away + off upset win (won as dog) + primetime,3,43,63,1,20,28,23,35,-0.20550802551080505,106,0.4056603773584906,0.4166666666666667,58,0.39655172413793105,0.06446359198949365,0.31232680747326935,1.0,0.09433962264150941,FADE,True,True,True
fav + opp ATS >= .65 (6+ gp) + made playoffs last yr,3,97,72,6,53,36,44,36,0.110176905400441,169,0.5739644970414202,0.5955056179775281,80,0.55,0.06455076034177604,0.08932073673118937,1.0,0.07396449704142016,ON,True,True,True
off ATS win + opp ATS >= .65 (6+ gp) + made playoffs last yr,3,97,72,6,52,35,45,37,0.11249334088741142,169,0.5739644970414202,0.5977011494252874,82,0.5487804878048781,0.06455076034177604,0.08568897435916664,1.0,0.07396449704142016,ON,True,True,True
fav 0.5-2.5 + off 1-score loss + opp off SU loss,3,54,76,2,31,39,23,37,-0.20002263399096107,130,0.4153846153846154,0.44285714285714284,60,0.38333333333333336,0.06508646998863725,0.40296307504607976,1.0,0.08461538461538459,FADE,True,True,True
home + off ATS loss + opp off ATS miss by 14+,3,109,139,5,65,85,44,54,-0.14028168947054664,248,0.43951612903225806,0.43333333333333335,98,0.4489795918367347,0.06533102568813415,0.12052916970948825,1.0,0.06048387096774194,FADE,True,True,True
fav + opp off SU win + playoffs,3,60,83,3,36,44,24,39,-0.1805628761172984,143,0.4195804195804196,0.45,63,0.38095238095238093,0.06543081048244818,0.43404225534547874,1.0,0.08041958041958042,FADE,True,True,True
dog + off SU win + playoffs,3,83,60,3,44,36,39,24,0.12567887479084894,143,0.5804195804195804,0.55,63,0.6190476190476191,0.06543081048244818,0.43404225534547874,1.0,0.08041958041958042,ON,True,True,True
away + opp off SU loss + worse record than opp by .3+,3,49,70,2,27,41,22,29,-0.2058562223249777,119,0.4117647058823529,0.39705882352941174,51,0.43137254901960786,0.06629133125279586,0.11425430684992327,1.0,0.08823529411764708,FADE,True,True,True
dog + opp ATS >= .65 (6+ gp) + dome/closed,3,106,80,2,55,39,51,41,0.099761198689284,186,0.5698924731182796,0.5851063829787234,92,0.5543478260869565,0.06650043529883942,0.12137111297242889,1.0,0.06989247311827962,ON,True,True,True
away + fav 7+ + better record than opp by .3+,3,80,106,4,46,53,34,53,-0.14708717992864617,186,0.43010752688172044,0.46464646464646464,87,0.39080459770114945,0.06650043529883942,0.5467134835988139,1.0,0.06989247311827956,FADE,True,True,True
fav + ATS >= .65 (6+ gp) + dome/closed,3,80,106,2,39,55,41,51,-0.16306436413755698,186,0.43010752688172044,0.4148936170212766,92,0.44565217391304346,0.06650043529883942,0.12137111297242889,1.0,0.06989247311827956,FADE,True,True,True
away + dog 0.5-2.5,2,259,218,0,150,122,109,96,0.07811040278498582,477,0.5429769392033543,0.5514705882352942,205,0.5317073170731708,0.0669173544318866,0.10143021864754334,1.0,0.042976939203354325,ON,True,True,True
home + fav 0.5-2.5,2,218,259,0,122,150,96,109,-0.12515016998961037,477,0.4570230607966457,0.4485294117647059,205,0.4682926829268293,0.0669173544318866,0.10143021864754334,1.0,0.042976939203354325,FADE,True,True,True
off upset win (won as dog) + made playoffs last yr + non-division,3,150,119,9,84,63,66,56,0.08280532716039589,269,0.5576208178438662,0.5714285714285714,122,0.5409836065573771,0.06718039272551747,0.09870072731432859,1.0,0.05762081784386619,ON,True,True,True
dog + dome/closed,2,587,525,20,308,273,279,252,0.023281954926735047,1112,0.5278776978417267,0.5301204819277109,531,0.5254237288135594,0.06731122606345229,0.15831605727454606,1.0,0.027877697841726667,ON,True,True,True
fav + dome/closed,2,525,587,20,273,308,252,279,-0.07895922837253584,1112,0.4721223021582734,0.46987951807228917,531,0.4745762711864407,0.06731122606345229,0.15831605727454606,1.0,0.027877697841726612,FADE,True,True,True
away + fav 3.5-6.5 + off SU loss,3,84,61,3,44,33,40,28,0.1323545416217725,145,0.5793103448275863,0.5714285714285714,68,0.5882352941176471,0.06732947143058442,0.2543046661477,1.0,0.07931034482758625,ON,True,True,True
off ATS win + opp off ATS miss by 14+ + dome/closed,3,84,61,3,41,29,43,32,0.12360384936932463,145,0.5793103448275863,0.5857142857142857,75,0.5733333333333334,0.06732947143058442,0.18821620302302766,1.0,0.07931034482758625,ON,True,True,True
home + off 2 straight ATS losses + total <=41,3,84,61,6,43,36,41,25,0.12074008136983906,145,0.5793103448275863,0.5443037974683544,66,0.6212121212121212,0.06732947143058442,0.499896876860327,1.0,0.07931034482758625,ON,True,True,True
home + dog 3.5-6.5 + opp off SU loss,3,61,84,3,33,44,28,40,-0.1795292270851178,145,0.4206896551724138,0.42857142857142855,68,0.4117647058823529,0.06732947143058442,0.2543046661477,1.0,0.0793103448275862,FADE,True,True,True
home + fav + off ATS miss by 14+,3,111,141,7,71,94,40,47,-0.13819501384720664,252,0.44047619047619047,0.4303030303030303,87,0.45977011494252873,0.06751285515906447,0.08645985811483467,1.0,0.059523809523809534,FADE,True,True,True
away + dog + opp off ATS miss by 14+,3,141,111,7,94,71,47,40,0.0885762507708195,252,0.5595238095238095,0.5696969696969697,87,0.5402298850574713,0.06751285515906447,0.08645985811483467,1.0,0.059523809523809534,ON,True,True,True
away + opp off ATS cover by 14+ + 1pm ET window,3,132,103,7,85,66,47,37,0.08990291160024562,235,0.5617021276595745,0.5629139072847682,84,0.5595238095238095,0.06754404747166956,0.14271807618296573,1.0,0.0617021276595745,ON,True,True,True
home + off ATS cover by 14+ + 1pm ET window,3,103,132,7,66,85,37,47,-0.1408404029159111,235,0.43829787234042555,0.4370860927152318,84,0.44047619047619047,0.06754404747166956,0.14271807618296573,1.0,0.061702127659574446,FADE,True,True,True
opp off SU win + made playoffs last yr + playoffs,3,74,99,6,44,51,30,48,-0.15988618208632524,173,0.4277456647398844,0.4631578947368421,78,0.38461538461538464,0.06773846291156939,0.538394026292168,1.0,0.0722543352601156,FADE,True,True,True
opp off SU win + win pct <= .35 last yr + dome/closed,3,124,96,1,60,49,64,47,0.08889702597511388,220,0.5636363636363636,0.5504587155963303,111,0.5765765765765766,0.0684640313347148,0.3381854121966612,1.0,0.0636363636363636,ON,True,True,True
off 2 straight ATS wins + total >=50,2,129,161,5,69,92,60,69,-0.12827479303961709,290,0.44482758620689655,0.42857142857142855,129,0.46511627906976744,0.0685162840089745,0.08262582271649305,1.0,0.05517241379310345,FADE,True,True,True
dog 7.5-9.5 + dome/closed,2,71,50,0,35,27,36,23,0.12435737182559772,121,0.5867768595041323,0.5645161290322581,59,0.6101694915254238,0.06859363812061443,0.37415171240479483,1.0,0.08677685950413228,ON,True,True,True
fav 7.5-9.5 + dome/closed,2,50,71,0,27,35,23,36,-0.1827563372170913,121,0.4132231404958678,0.43548387096774194,59,0.3898305084745763,0.06859363812061443,0.37415171240479483,1.0,0.08677685950413222,FADE,True,True,True
off ATS loss + better record than opp by .3+ + weeks 13+ (reg),3,92,68,4,50,33,42,35,0.1225704715696689,160,0.575,0.6024096385542169,77,0.5454545454545454,0.06868229204120638,0.07841962481580764,1.0,0.07499999999999996,ON,True,True,True
dog + off 2 straight SU losses + weeks 1-4,3,92,68,3,52,41,40,27,0.11012980709590701,160,0.575,0.5591397849462365,67,0.5970149253731343,0.06868229204120638,0.29973169689703033,1.0,0.07499999999999996,ON,True,True,True
dog + weeks 1-4 + 1pm ET window,3,275,233,9,165,139,110,94,0.050342078031527675,508,0.5413385826771654,0.5427631578947368,204,0.5392156862745098,0.06879390183975272,0.151497265738138,1.0,0.04133858267716539,ON,True,True,True
fav + weeks 1-4 + 1pm ET window,3,233,275,9,139,165,94,110,-0.09876460183380456,508,0.45866141732283466,0.45723684210526316,204,0.46078431372549017,0.06879390183975272,0.151497265738138,1.0,0.041338582677165336,FADE,True,True,True
away + off SU loss + total >=50,3,116,89,2,65,54,51,35,0.09362164254027283,205,0.5658536585365853,0.5462184873949579,86,0.5930232558139535,0.06912209170665902,0.3593582639051107,1.0,0.06585365853658531,ON,True,True,True
home + opp off SU loss + total >=50,3,89,116,2,54,65,35,51,-0.1494699970489486,205,0.43414634146341463,0.453781512605042,86,0.4069767441860465,0.06912209170665902,0.3593582639051107,1.0,0.06585365853658537,FADE,True,True,True
off SU loss + better record than opp by .3+ + made playoffs last yr,3,85,62,4,50,33,35,29,0.13221651345345758,147,0.5782312925170068,0.6024096385542169,64,0.546875,0.06923250717353216,0.07841962481580764,1.0,0.07823129251700678,ON,True,True,True
off blowout loss (17+) + opp off SU loss + made playoffs last yr,3,85,62,4,49,31,36,31,0.12176084273638622,147,0.5782312925170068,0.6125,67,0.5373134328358209,0.06923250717353216,0.056664426345121144,1.0,0.07823129251700678,ON,True,True,True
off ATS loss + pt diff/gm >= +7 (4+ gp) + late afternoon,3,78,56,2,48,35,30,21,0.12798676054285074,134,0.582089552238806,0.5783132530120482,51,0.5882352941176471,0.06925958718203146,0.18745986796619285,1.0,0.08208955223880599,ON,True,True,True
dog 3 + off ATS loss,2,125,97,25,77,65,48,32,0.0904280136548372,222,0.5630630630630631,0.5422535211267606,80,0.6,0.06972701006096359,0.3559998259151082,1.0,0.06306306306306309,ON,True,True,True
opp off SU win + weeks 1-4 + 1pm ET window,3,205,169,6,122,108,83,61,0.06492909337271448,374,0.5481283422459893,0.5304347826086957,144,0.5763888888888888,0.0701832346535036,0.3913839030786506,1.0,0.048128342245989275,ON,True,True,True
off SU win + weeks 1-4 + 1pm ET window,3,169,205,6,108,122,61,83,-0.11246066126987954,374,0.45187165775401067,0.46956521739130436,144,0.4236111111111111,0.0701832346535036,0.3913839030786506,1.0,0.04812834224598933,FADE,True,True,True
fav + off 2 straight ATS wins + total >=50,3,69,93,2,42,51,27,42,-0.16638631331616532,162,0.42592592592592593,0.45161290322580644,69,0.391304347826087,0.07042523337561712,0.40692436804613397,1.0,0.07407407407407407,FADE,True,True,True
fav 0.5-2.5 + 1pm ET window + dome/closed,3,51,72,2,27,43,24,29,-0.1983648444014655,123,0.4146341463414634,0.38571428571428573,53,0.4528301886792453,0.07090166737501422,0.07223792719176257,1.0,0.0853658536585366,FADE,True,True,True
dog 0.5-2.5 + 1pm ET window + dome/closed,3,72,51,2,43,27,29,24,0.16103400857152875,123,0.5853658536585366,0.6142857142857143,53,0.5471698113207547,0.07090166737501422,0.07223792719176257,1.0,0.08536585365853655,ON,True,True,True
off upset loss (lost as fav) + weeks 5-12 + non-division,3,170,206,14,99,126,71,80,-0.12292794231705544,376,0.4521276595744681,0.44,151,0.47019867549668876,0.07093518131689226,0.08280755005978577,1.0,0.0478723404255319,FADE,True,True,True
"home + 1pm ET window + opp is West team, 1pm ET at us",3,76,101,4,42,55,34,46,-0.1612965528041857,177,0.4293785310734463,0.4329896907216495,80,0.425,0.07093821456094442,0.2228776545833757,1.0,0.07062146892655369,FADE,True,True,True
"home + opp is West team, 1pm ET at us",2,76,101,4,42,55,34,46,-0.1612965528041857,177,0.4293785310734463,0.4329896907216495,80,0.425,0.07093821456094442,0.2228776545833757,1.0,0.07062146892655369,FADE,True,True,True
"non-division + opp is West team, 1pm ET at us",2,76,101,4,42,55,34,46,-0.1612965528041857,177,0.4293785310734463,0.4329896907216495,80,0.425,0.07093821456094442,0.2228776545833757,1.0,0.07062146892655369,FADE,True,True,True
"away + 1pm ET window + West team, 1pm ET road game",3,101,76,4,55,42,46,34,0.11103196223552972,177,0.5706214689265536,0.5670103092783505,80,0.575,0.07093821456094442,0.2228776545833757,1.0,0.07062146892655363,ON,True,True,True
"away + non-division + West team, 1pm ET road game",3,101,76,4,55,42,46,34,0.11103196223552972,177,0.5706214689265536,0.5670103092783505,80,0.575,0.07093821456094442,0.2228776545833757,1.0,0.07062146892655363,ON,True,True,True
"opp is West team, 1pm ET at us",1,76,101,4,42,55,34,46,-0.1612965528041857,177,0.4293785310734463,0.4329896907216495,80,0.425,0.07093821456094442,0.2228776545833757,1.0,0.07062146892655369,FADE,True,True,True
away + 1pm ET window + cross-country road trip,3,101,76,4,55,42,46,34,0.11103196223552972,177,0.5706214689265536,0.5670103092783505,80,0.575,0.07093821456094442,0.2228776545833757,1.0,0.07062146892655363,ON,True,True,True
"West team, 1pm ET road game",1,101,76,4,55,42,46,34,0.11103196223552972,177,0.5706214689265536,0.5670103092783505,80,0.575,0.07093821456094442,0.2228776545833757,1.0,0.07062146892655363,ON,True,True,True
home + better record than opp by .3+ + weeks 13+ (reg),3,101,76,1,55,43,46,33,0.11563452841193483,177,0.5706214689265536,0.5612244897959183,79,0.5822784810126582,0.07093821456094442,0.2664055944111917,1.0,0.07062146892655363,ON,True,True,True
"1pm ET window + non-division + West team, 1pm ET road game",3,101,76,4,55,42,46,34,0.11103196223552972,177,0.5706214689265536,0.5670103092783505,80,0.575,0.07093821456094442,0.2228776545833757,1.0,0.07062146892655363,ON,True,True,True
1pm ET window + non-division + cross-country road trip,3,101,76,4,55,42,46,34,0.11103196223552972,177,0.5706214689265536,0.5670103092783505,80,0.575,0.07093821456094442,0.2228776545833757,1.0,0.07062146892655363,ON,True,True,True
"1pm ET window + West team, 1pm ET road game",2,101,76,4,55,42,46,34,0.11103196223552972,177,0.5706214689265536,0.5670103092783505,80,0.575,0.07093821456094442,0.2228776545833757,1.0,0.07062146892655363,ON,True,True,True
"non-division + West team, 1pm ET road game",2,101,76,4,55,42,46,34,0.11103196223552972,177,0.5706214689265536,0.5670103092783505,80,0.575,0.07093821456094442,0.2228776545833757,1.0,0.07062146892655363,ON,True,True,True
"home + non-division + opp is West team, 1pm ET at us",3,76,101,4,42,55,34,46,-0.1612965528041857,177,0.4293785310734463,0.4329896907216495,80,0.425,0.07093821456094442,0.2228776545833757,1.0,0.07062146892655369,FADE,True,True,True
"1pm ET window + non-division + opp is West team, 1pm ET at us",3,76,101,4,42,55,34,46,-0.1612965528041857,177,0.4293785310734463,0.4329896907216495,80,0.425,0.07093821456094442,0.2228776545833757,1.0,0.07062146892655369,FADE,True,True,True
"away + West team, 1pm ET road game",2,101,76,4,55,42,46,34,0.11103196223552972,177,0.5706214689265536,0.5670103092783505,80,0.575,0.07093821456094442,0.2228776545833757,1.0,0.07062146892655363,ON,True,True,True
"1pm ET window + opp is West team, 1pm ET at us",2,76,101,4,42,55,34,46,-0.1612965528041857,177,0.4293785310734463,0.4329896907216495,80,0.425,0.07093821456094442,0.2228776545833757,1.0,0.07062146892655369,FADE,True,True,True
1pm ET window + cross-country road trip,2,101,76,4,55,42,46,34,0.11103196223552972,177,0.5706214689265536,0.5670103092783505,80,0.575,0.07093821456094442,0.2228776545833757,1.0,0.07062146892655363,ON,True,True,True
away + worse record than opp by .3+ + weeks 13+ (reg),3,76,101,1,43,55,33,46,-0.16939947382939022,177,0.4293785310734463,0.4387755102040816,79,0.4177215189873418,0.07093821456094442,0.2664055944111917,1.0,0.07062146892655369,FADE,True,True,True
home + win pct >= .667 (4+ gp) + primetime,3,126,98,5,67,54,59,44,0.08908041841336425,224,0.5625,0.5537190082644629,103,0.5728155339805825,0.07099158684192654,0.2752533344023912,1.0,0.0625,ON,True,True,True
away + dog 10+ + win pct <= .35 last yr,3,63,86,5,37,47,26,39,-0.18645602999297922,149,0.4228187919463087,0.44047619047619047,65,0.4,0.07113927435911298,0.3261341711919829,1.0,0.07718120805369127,FADE,True,True,True
off blowout loss (17+) + made playoffs last yr + 1pm ET window,3,86,63,1,48,37,38,26,0.12355019872798957,149,0.5771812080536913,0.5647058823529412,64,0.59375,0.07113927435911298,0.2779992890805517,1.0,0.07718120805369133,ON,True,True,True
home + off 1-score loss + 1pm ET window,3,238,280,17,141,171,97,109,-0.10168872816408836,518,0.4594594594594595,0.4519230769230769,206,0.470873786407767,0.07153154016893642,0.10047690609095619,1.0,0.040540540540540515,FADE,True,True,True
dog + off upset loss (lost as fav) + off 2 straight ATS losses,3,145,115,12,88,67,57,48,0.07580593305489534,260,0.5576923076923077,0.567741935483871,105,0.5428571428571428,0.07189297185491494,0.1078777203838762,1.0,0.05769230769230771,ON,True,True,True
off ATS win + opp off blowout win (17+) + primetime,3,66,46,2,33,25,33,21,0.13823602110328045,112,0.5892857142857143,0.5689655172413793,54,0.6111111111111112,0.07212638623517524,0.358143301806138,1.0,0.0892857142857143,ON,True,True,True
fav 7.5-9.5 + off SU win + better record than opp by .3+,3,46,66,0,25,33,21,33,-0.19073732176045072,112,0.4107142857142857,0.43103448275862066,54,0.3888888888888889,0.07212638623517524,0.358143301806138,1.0,0.0892857142857143,FADE,True,True,True
better record than opp by .3+ + primetime,2,70,94,2,47,56,23,38,-0.16629289873432,164,0.4268292682926829,0.4563106796116505,61,0.3770491803278688,0.072170985905729,0.4306890663081309,1.0,0.07317073170731708,FADE,True,True,True
away + off 2 straight ATS wins + opp off SU win,3,193,231,14,107,132,86,99,-0.11051808454243409,424,0.455188679245283,0.4476987447698745,185,0.4648648648648649,0.07222975307159342,0.12037670033387153,1.0,0.044811320754717,FADE,True,True,True
away + rest disadv 3+ days + opp off SU loss,3,110,84,7,68,48,42,36,0.09882987217805708,194,0.5670103092783505,0.5862068965517241,78,0.5384615384615384,0.07239685103567753,0.07726226461070672,1.0,0.0670103092783505,ON,True,True,True
home + rest adv 3+ days + off SU loss,3,84,110,7,48,68,36,42,-0.15162391695894512,194,0.4329896907216495,0.41379310344827586,78,0.46153846153846156,0.07239685103567753,0.07726226461070672,1.0,0.0670103092783505,FADE,True,True,True
off ATS miss by 14+ + opp off SU loss + made playoffs last yr,3,110,84,5,66,47,44,37,0.10655855226634801,194,0.5670103092783505,0.584070796460177,81,0.5432098765432098,0.07239685103567753,0.08995433294496456,1.0,0.0670103092783505,ON,True,True,True
off ATS loss + win pct <= .35 last yr + 1pm ET window,3,269,228,14,151,136,118,92,0.04775853714841348,497,0.5412474849094567,0.5261324041811847,210,0.5619047619047619,0.07266743175995397,0.40862451805427324,1.0,0.04124748490945673,ON,True,True,True
dog + win pct <= .35 last yr + division game,3,244,205,14,132,117,112,88,0.051211005251613546,449,0.5434298440979956,0.5301204819277109,200,0.56,0.07280206157675322,0.3749986356465531,1.0,0.04342984409799555,ON,True,True,True
fav + 1pm ET window + dome/closed,3,241,283,12,144,165,97,118,-0.09864200024408393,524,0.4599236641221374,0.46601941747572817,215,0.4511627906976744,0.07317733593856755,0.25518333588412223,1.0,0.04007633587786258,FADE,True,True,True
dog + 1pm ET window + dome/closed,3,283,241,12,165,144,118,97,0.04640418022606531,524,0.5400763358778626,0.5339805825242718,215,0.5488372093023256,0.07317733593856755,0.25518333588412223,1.0,0.040076335877862634,ON,True,True,True
home + fav 0.5-2.5 + off 1-score loss,3,52,73,0,32,41,20,32,-0.20499348054540925,125,0.416,0.4383561643835616,52,0.38461538461538464,0.07321432008545252,0.34918183817058834,1.0,0.08400000000000002,FADE,True,True,True
winless (2+ gp) + weeks 1-4 + non-division,3,80,58,4,43,34,37,24,0.1168268030092774,138,0.5797101449275363,0.5584415584415584,61,0.6065573770491803,0.07345060421252653,0.36203179773966154,1.0,0.07971014492753625,ON,True,True,True
fav + off SU loss + ATS <= .35 (6+ gp),3,71,95,5,45,52,26,43,-0.1612369755760006,166,0.42771084337349397,0.4639175257731959,69,0.37681159420289856,0.0739190926121619,0.5426101580458746,1.0,0.07228915662650603,FADE,True,True,True
dog + opp off SU loss + opp ATS <= .35 (6+ gp),3,95,71,5,52,45,43,26,0.11283478007461306,166,0.572289156626506,0.5360824742268041,69,0.6231884057971014,0.0739190926121619,0.5426101580458746,1.0,0.07228915662650603,ON,True,True,True
win pct <= .35 last yr + weeks 13+ (reg) + dome/closed,3,88,65,4,41,32,47,33,0.11366284864047062,153,0.5751633986928104,0.5616438356164384,80,0.5875,0.07496157752821145,0.34918183817058834,1.0,0.07516339869281041,ON,True,True,True
fav + opp made playoffs last yr,2,257,300,16,155,182,102,118,-0.09978053062600914,557,0.4614003590664273,0.4599406528189911,220,0.4636363636363636,0.07504736685089974,0.15658174935774005,1.0,0.03859964093357271,FADE,True,True,True
dog 3 + off ATS win + 1pm ET window,3,53,74,17,27,42,26,32,-0.16174467897480152,127,0.41732283464566927,0.391304347826087,58,0.4482758620689655,0.07553055923069629,0.09118649056701154,1.0,0.08267716535433073,FADE,True,True,True
off 2 straight SU wins + weeks 1-4 + 1pm ET window,3,53,74,1,31,43,22,31,-0.17602600414481592,127,0.41732283464566927,0.4189189189189189,53,0.41509433962264153,0.07553055923069629,0.20067820312938567,1.0,0.08267716535433073,FADE,True,True,True
dog 3 + weeks 1-4,2,81,59,13,54,36,27,23,0.12286936406175906,140,0.5785714285714286,0.6,50,0.54,0.07555082875265642,0.07254953219246177,1.0,0.07857142857142863,ON,True,True,True
fav 3 + weeks 1-4,2,59,81,13,36,54,23,27,-0.1571199429132497,140,0.42142857142857143,0.4,50,0.46,0.07555082875265642,0.07254953219246177,1.0,0.07857142857142857,FADE,True,True,True
fav + opp off SU loss + outdoor >=80F,3,72,96,3,41,61,31,35,-0.15864996734686942,168,0.42857142857142855,0.4019607843137255,66,0.4696969696969697,0.07566911610226439,0.059400536903433346,1.0,0.07142857142857145,FADE,True,True,True
dog + off SU loss + outdoor >=80F,3,96,72,3,61,41,35,31,0.1082088682958649,168,0.5714285714285714,0.5980392156862745,66,0.5303030303030303,0.07566911610226439,0.059400536903433346,1.0,0.0714285714285714,ON,True,True,True
off SU win + opp off SU loss + weeks 1-4,3,156,190,10,97,115,59,75,-0.11029760963051488,346,0.4508670520231214,0.45754716981132076,134,0.44029850746268656,0.07589619277733224,0.242916037738477,1.0,0.049132947976878616,FADE,True,True,True
off SU loss + opp off SU win + weeks 1-4,3,190,156,10,115,97,75,59,0.06598280714281714,346,0.5491329479768786,0.5424528301886793,134,0.5597014925373134,0.07589619277733224,0.242916037738477,1.0,0.049132947976878616,ON,True,True,True
dog 3.5-6.5 + opp off SU win + win pct <= .35 last yr,3,121,94,0,67,47,54,47,0.08783462609958868,215,0.5627906976744186,0.5877192982456141,101,0.5346534653465347,0.07595348720301769,0.07469253007976612,1.0,0.06279069767441858,ON,True,True,True
off upset win (won as dog) + late afternoon + dome/closed,3,68,48,3,28,18,40,30,0.1385619698751451,116,0.5862068965517241,0.6086956521739131,70,0.5714285714285714,0.07726226461070672,0.18392482137699062,1.0,0.08620689655172409,ON,True,True,True
rest disadv 3+ days + off ATS loss + weeks 13+ (reg),3,68,48,2,38,23,30,25,0.13208860519179594,116,0.5862068965517241,0.6229508196721312,55,0.5454545454545454,0.07726226461070672,0.07217743850092258,1.0,0.08620689655172409,ON,True,True,True
dog 0.5-2.5 + off 1-score loss + opp off SU loss,3,68,48,1,33,24,35,24,0.15778714859483337,116,0.5862068965517241,0.5789473684210527,59,0.5932203389830508,0.07726226461070672,0.2892437471090205,1.0,0.08620689655172409,ON,True,True,True
off 2 straight SU wins + off ATS cover by 14+ + made playoffs last yr,3,120,150,8,70,84,50,66,-0.12917882101839245,270,0.4444444444444444,0.45454545454545453,116,0.43103448275862066,0.07738939898021845,0.29481351399329214,1.0,0.05555555555555558,FADE,True,True,True
opp ATS >= .65 (6+ gp) + dome/closed,2,150,120,2,82,61,68,59,0.07363237106978901,270,0.5555555555555556,0.5734265734265734,127,0.5354330708661418,0.07738939898021845,0.0940833302452329,1.0,0.05555555555555558,ON,True,True,True
ATS >= .65 (6+ gp) + dome/closed,2,120,150,2,61,82,59,68,-0.13496228931795456,270,0.4444444444444444,0.42657342657342656,127,0.4645669291338583,0.07738939898021845,0.0940833302452329,1.0,0.05555555555555558,FADE,True,True,True
off ATS win + pt diff/gm >= +7 (4+ gp) + total >=50,3,73,97,1,44,52,29,45,-0.1596877277848063,170,0.4294117647058823,0.4583333333333333,74,0.3918918918918919,0.07742063790014943,0.47515204998657296,1.0,0.07058823529411767,FADE,True,True,True
off 2 straight SU wins + opp ATS >= .65 (6+ gp) + non-division,3,97,73,1,54,49,43,24,0.1095765375314866,170,0.5705882352941176,0.5242718446601942,67,0.6417910447761194,0.07742063790014943,0.6936859650244835,1.0,0.07058823529411762,ON,True,True,True
off upset win (won as dog) + off ATS win + opp ATS >= .65 (6+ gp),3,82,60,3,47,33,35,27,0.11552489214243715,142,0.5774647887323944,0.5875,62,0.5645161290322581,0.0776532140176221,0.1456354544029827,1.0,0.07746478873239437,ON,True,True,True
off upset win (won as dog) + opp ATS >= .65 (6+ gp),2,82,60,3,47,33,35,27,0.11552489214243715,142,0.5774647887323944,0.5875,62,0.5645161290322581,0.0776532140176221,0.1456354544029827,1.0,0.07746478873239437,ON,True,True,True
fav + off ATS loss + new starting QB vs last game,3,54,75,2,30,40,24,35,-0.18376853096564344,129,0.4186046511627907,0.42857142857142855,59,0.4067796610169492,0.07784940675335625,0.281978921793656,1.0,0.08139534883720928,FADE,True,True,True
fav + rest disadv 3+ days + off ATS win,3,88,114,1,56,73,32,41,-0.1544341393813188,202,0.43564356435643564,0.43410852713178294,73,0.4383561643835616,0.07832001079866077,0.15865371419232274,1.0,0.06435643564356436,FADE,True,True,True
fav + off upset win (won as dog) + off ATS cover by 14+,3,96,123,2,60,78,36,45,-0.1428084789517014,219,0.4383561643835616,0.43478260869565216,81,0.4444444444444444,0.0786937337719647,0.1475918641688607,1.0,0.06164383561643838,FADE,True,True,True
dog + worse record than opp by .3+ + primetime,3,90,67,2,54,46,36,21,0.10706918803444201,157,0.5732484076433121,0.54,57,0.631578947368421,0.07879180968273986,0.48411841360729163,1.0,0.07324840764331209,ON,True,True,True
away + off ATS loss + pt diff/gm >= +7 (4+ gp),3,106,81,2,66,49,40,32,0.10402386491446088,187,0.5668449197860963,0.5739130434782609,72,0.5555555555555556,0.07897134041071452,0.13535040983481553,1.0,0.0668449197860963,ON,True,True,True
dog 0.5-2.5 + off SU loss + opp off SU loss,3,124,97,2,64,50,60,47,0.11065323120388479,221,0.5610859728506787,0.5614035087719298,107,0.5607476635514018,0.0800647248202556,0.22323036245554545,1.0,0.06108597285067874,ON,True,True,True
fav 0.5-2.5 + off SU loss + opp off SU loss,3,97,124,2,50,64,47,60,-0.15708891077254797,221,0.43891402714932126,0.43859649122807015,107,0.4392523364485981,0.0800647248202556,0.22323036245554545,1.0,0.06108597285067874,FADE,True,True,True
dog + off 1-score loss + total >=50,3,76,55,0,38,33,38,22,0.11753107268365204,131,0.5801526717557252,0.5352112676056338,60,0.6333333333333333,0.08016994071057773,0.6353076420876663,1.0,0.08015267175572516,ON,True,True,True
off ATS miss by 14+ + made playoffs last yr + division game,3,91,68,3,55,48,36,20,0.11630854181081185,159,0.5723270440251572,0.5339805825242718,56,0.6428571428571429,0.08070858724864134,0.5546010666648736,1.0,0.07232704402515722,ON,True,True,True
away + off ATS win + outdoor <=35F,3,75,99,5,44,50,31,49,-0.15624287127831585,174,0.43103448275862066,0.46808510638297873,80,0.3875,0.08092659296355391,0.6062959376939656,1.0,0.06896551724137934,FADE,True,True,True
off 2 straight SU losses + off 2 straight ATS losses + weeks 1-4,3,84,62,5,50,42,34,20,0.11422956788131149,146,0.5753424657534246,0.5434782608695652,54,0.6296296296296297,0.08186174437673054,0.4657074457730625,1.0,0.07534246575342463,ON,True,True,True
off SU loss + weeks 1-4 + 1pm ET window,3,209,174,10,118,105,91,69,0.061744767021136224,383,0.5456919060052219,0.5291479820627802,160,0.56875,0.08219621011767021,0.42170247551335605,1.0,0.04569190600522188,ON,True,True,True
opp off SU loss + weeks 1-4 + 1pm ET window,3,174,209,10,105,118,69,91,-0.10525352675618625,383,0.45430809399477806,0.47085201793721976,160,0.43125,0.08219621011767021,0.42170247551335605,1.0,0.04569190600522194,FADE,True,True,True
dog + off ATS win + Monday,3,70,50,3,32,18,38,32,0.13501415888391063,120,0.5833333333333334,0.64,70,0.5428571428571428,0.08240747932752648,0.06490864707227217,1.0,0.08333333333333337,ON,True,True,True
off upset win (won as dog) + division game + dome/closed,3,70,50,1,35,31,35,19,0.1385952785732331,120,0.5833333333333334,0.5303030303030303,54,0.6481481481481481,0.08240747932752648,0.7122308826373509,1.0,0.08333333333333337,ON,True,True,True
dog 0.5-2.5 + off ATS win + dome/closed,3,77,56,1,37,32,40,24,0.142451980460037,133,0.5789473684210527,0.5362318840579711,64,0.625,0.08249129252516192,0.6304564917867981,1.0,0.07894736842105265,ON,True,True,True
dog 7+ + off ATS loss + ATS <= .35 (6+ gp),3,92,69,5,57,47,35,22,0.0909337399921025,161,0.5714285714285714,0.5480769230769231,57,0.6140350877192983,0.08262582271649305,0.37758392329809853,1.0,0.0714285714285714,ON,True,True,True
dog 9+ + off ATS loss + weeks 5-12,3,92,69,3,56,43,36,26,0.0935933122122952,161,0.5714285714285714,0.5656565656565656,62,0.5806451612903226,0.08262582271649305,0.2276261571100465,1.0,0.0714285714285714,ON,True,True,True
home + rest adv 3+ days + off ATS loss,3,84,109,9,50,67,34,42,-0.1459155447424343,193,0.43523316062176165,0.42735042735042733,76,0.4473684210526316,0.0838015452101863,0.13875316894302567,1.0,0.06476683937823835,FADE,True,True,True
off 1-score loss + opp off SU win + win pct <= .333 (4+ gp),3,146,117,5,82,59,64,58,0.0767797718624386,263,0.5551330798479087,0.5815602836879432,122,0.5245901639344263,0.08405280186610638,0.0635371986671395,1.0,0.05513307984790872,ON,True,True,True
fav 9+ + off ATS loss + weeks 13+ (reg),3,64,45,2,34,25,30,20,0.1455308536520783,109,0.5871559633027523,0.576271186440678,50,0.6,0.08422157489670008,0.2975952082844287,1.0,0.08715596330275233,ON,True,True,True
away + dog 0.5-2.5 + off ATS loss,3,118,92,0,66,51,52,41,0.11683364408357785,210,0.5619047619047619,0.5641025641025641,93,0.5591397849462365,0.08425386654908257,0.1953490594045784,1.0,0.06190476190476191,ON,True,True,True
off ATS win + weeks 1-4 + 1pm ET window,3,166,200,9,105,119,61,81,-0.1107437003269277,366,0.453551912568306,0.46875,142,0.4295774647887324,0.08439877103060041,0.3851110004364599,1.0,0.046448087431693985,FADE,True,True,True
off 2 straight ATS wins + opp ATS <= .35 (6+ gp),2,77,101,5,48,62,29,39,-0.14924980348698005,178,0.43258426966292135,0.43636363636363634,68,0.4264705882352941,0.0844339624789741,0.21497653774329675,1.0,0.06741573033707865,FADE,True,True,True
away + made playoffs last yr + Monday,3,78,57,1,44,30,34,27,0.12371956429117587,135,0.5777777777777777,0.5945945945945946,61,0.5573770491803278,0.08481264433974642,0.13017768031912758,1.0,0.07777777777777772,ON,True,True,True
fav 0.5-2.5 + off SU win + dome/closed,3,57,78,1,26,40,31,38,-0.18579370579487126,135,0.4222222222222222,0.3939393939393939,69,0.4492753623188406,0.08481264433974642,0.10885696440971612,1.0,0.07777777777777778,FADE,True,True,True
dog 0.5-2.5 + opp off SU win + dome/closed,3,78,57,1,40,26,38,31,0.1351043470425301,135,0.5777777777777777,0.6060606060606061,69,0.5507246376811594,0.08481264433974642,0.10885696440971612,1.0,0.07777777777777772,ON,True,True,True
off 2 straight ATS losses + made playoffs last yr + division game,3,137,109,6,82,59,55,50,0.08334404351911147,246,0.556910569105691,0.5815602836879432,105,0.5238095238095238,0.08496006537051697,0.0635371986671395,1.0,0.05691056910569103,ON,True,True,True
away + non-division + outdoor <=35F,3,71,94,3,42,50,29,44,-0.1569895406427169,165,0.4303030303030303,0.45652173913043476,73,0.3972602739726027,0.08645985811483467,0.4657074457730625,1.0,0.0696969696969697,FADE,True,True,True
home + non-division + outdoor <=35F,3,94,71,3,50,42,44,29,0.10185032736888386,165,0.5696969696969697,0.5434782608695652,73,0.6027397260273972,0.08645985811483467,0.4657074457730625,1.0,0.0696969696969697,ON,True,True,True
away + pt diff/gm >= +7 (4+ gp) + primetime,3,58,79,2,34,46,24,33,-0.17635765565897205,137,0.4233576642335766,0.425,57,0.42105263157894735,0.08713322647534687,0.21851803947870374,1.0,0.07664233576642338,FADE,True,True,True
home + off upset win (won as dog) + made playoffs last yr,3,120,94,8,67,48,53,46,0.08719347530608848,214,0.5607476635514018,0.5826086956521739,99,0.5353535353535354,0.08722041670227527,0.0928159209821896,1.0,0.06074766355140182,ON,True,True,True
worse record than opp by .3+ + primetime,2,95,72,2,57,49,38,23,0.09825125944122069,167,0.5688622754491018,0.5377358490566038,61,0.6229508196721312,0.08837580839996567,0.4967543930289453,1.0,0.06886227544910184,ON,True,True,True
dog + opp off ATS cover by 14+ + 1pm ET window,3,160,130,10,99,88,61,42,0.06798585355092378,290,0.5517241379310345,0.5294117647058824,103,0.5922330097087378,0.08840538831524888,0.46470690460290326,1.0,0.051724137931034475,ON,True,True,True
fav + off ATS cover by 14+ + 1pm ET window,3,130,160,10,88,99,42,61,-0.11958432782814929,290,0.4482758620689655,0.47058823529411764,103,0.4077669902912621,0.08840538831524888,0.46470690460290326,1.0,0.051724137931034475,FADE,True,True,True
fav + off 1-score loss + 1pm ET window,3,218,256,14,130,153,88,103,-0.0968257304901702,474,0.459915611814346,0.45936395759717313,191,0.4607329842931937,0.0891250947126866,0.19086086094510216,1.0,0.04008438818565402,FADE,True,True,True
off blowout win (17+) + ATS >= .65 (6+ gp) + made playoffs last yr,3,53,73,2,33,40,20,33,-0.1780926864864108,126,0.42063492063492064,0.4520547945205479,53,0.37735849056603776,0.09012286584573247,0.48278855684402133,1.0,0.07936507936507936,FADE,True,True,True
home + fav 3.5-6.5 + off upset loss (lost as fav),3,53,73,1,32,43,21,30,-0.17963389441400024,126,0.42063492063492064,0.4266666666666667,51,0.4117647058823529,0.09012286584573247,0.24804574189252784,1.0,0.07936507936507936,FADE,True,True,True
away + 1pm ET window + total >=50,3,122,96,8,68,54,54,42,0.08715950309210395,218,0.5596330275229358,0.5573770491803278,96,0.5625,0.09018463240010753,0.23908881247691507,1.0,0.059633027522935755,ON,True,True,True
home + 1pm ET window + total >=50,3,96,122,8,54,68,42,54,-0.13761793051968949,218,0.44036697247706424,0.4426229508196721,96,0.4375,0.09018463240010753,0.23908881247691507,1.0,0.059633027522935755,FADE,True,True,True
off ATS loss + pt diff/gm >= +7 (4+ gp) + weeks 13+ (reg),3,81,60,3,48,35,33,25,0.11631041101944611,141,0.574468085106383,0.5783132530120482,58,0.5689655172413793,0.09176922936810461,0.18745986796619285,1.0,0.07446808510638303,ON,True,True,True
home + off 2 straight ATS wins + opp off SU loss,3,175,209,10,100,125,75,84,-0.10539947848667824,384,0.4557291666666667,0.4444444444444444,159,0.4716981132075472,0.09204725619781612,0.10939346729996922,1.0,0.044270833333333315,FADE,True,True,True
fav + off 2 straight ATS wins + dome/closed,3,124,153,6,67,80,57,73,-0.12497150276617496,277,0.44765342960288806,0.4557823129251701,130,0.43846153846153846,0.0923199805270296,0.322307648608775,1.0,0.052346570397111936,FADE,True,True,True
off SU win + opp off blowout loss (17+) + late afternoon,3,74,54,4,37,31,37,23,0.12325185124169113,128,0.578125,0.5441176470588235,60,0.6166666666666667,0.09269003089837799,0.5446122234192592,1.0,0.078125,ON,True,True,True
off blowout loss (17+) + opp off SU win + late afternoon,3,54,74,4,31,37,23,37,-0.17552113272771766,128,0.421875,0.45588235294117646,60,0.38333333333333336,0.09269003089837799,0.5446122234192592,1.0,0.078125,FADE,True,True,True
home + off 2 straight ATS losses + final 2 reg weeks,3,67,48,1,33,28,34,20,0.13368490165858535,115,0.5826086956521739,0.5409836065573771,54,0.6296296296296297,0.0928159209821896,0.6089207154048286,1.0,0.08260869565217388,ON,True,True,True
home + dog 7+ + worse record than opp by .3+,3,106,82,4,53,48,53,34,0.07520905884696927,188,0.5638297872340425,0.5247524752475248,87,0.6091954022988506,0.09319121392242556,0.6908264239959597,1.0,0.06382978723404253,ON,True,True,True
fav 7+ + made playoffs last yr + dome/closed,3,82,106,4,47,55,35,51,-0.1409837169454762,188,0.43617021276595747,0.46078431372549017,86,0.4069767441860465,0.09319121392242556,0.48843446453263245,1.0,0.06382978723404253,FADE,True,True,True
fav 3 + off SU loss,2,90,115,23,55,66,35,49,-0.1330832918743243,205,0.43902439024390244,0.45454545454545453,84,0.4166666666666667,0.09345093417663439,0.3633632605480972,1.0,0.06097560975609756,FADE,True,True,True
dog 3 + opp off SU loss,2,115,90,23,66,55,49,35,0.08708127606870875,205,0.5609756097560976,0.5454545454545454,84,0.5833333333333334,0.09345093417663439,0.3633632605480972,1.0,0.060975609756097615,ON,True,True,True
off 1-score loss + off 2 straight ATS losses + division game,3,115,90,10,70,50,45,40,0.08954586921737988,205,0.5609756097560976,0.5833333333333334,85,0.5294117647058824,0.09345093417663439,0.08240747932752648,1.0,0.060975609756097615,ON,True,True,True
dog 3 + off ATS loss + non-division,3,82,61,19,54,39,28,22,0.10810363315846779,143,0.5734265734265734,0.5806451612903226,50,0.56,0.0940833302452329,0.14617702864715262,1.0,0.07342657342657344,ON,True,True,True
away + win pct <= .35 last yr + weeks 5-12,3,200,167,11,118,95,82,72,0.05433595316352253,367,0.5449591280653951,0.5539906103286385,154,0.5324675324675324,0.09470861501258135,0.13151225170378514,1.0,0.04495912806539515,ON,True,True,True
dog 7+ + off ATS loss + weeks 5-12,3,166,136,8,97,87,69,49,0.04949490562756305,302,0.5496688741721855,0.5271739130434783,118,0.5847457627118644,0.09500142279617142,0.5071267761548859,1.0,0.04966887417218546,ON,True,True,True
off SU win + off 2 straight ATS losses + opp off SU loss,3,75,55,2,39,30,36,25,0.1185017023726862,130,0.5769230769230769,0.5652173913043478,61,0.5901639344262295,0.09525341143251805,0.3355576182340152,1.0,0.07692307692307687,ON,True,True,True
off blowout loss (17+) + off 2 straight ATS losses + late afternoon,3,55,75,2,34,39,21,36,-0.17048834237390034,130,0.4230769230769231,0.4657534246575342,57,0.3684210526315789,0.09525341143251805,0.6399729317539425,1.0,0.07692307692307693,FADE,True,True,True
dog 3.5-6.5 + win pct <= .35 last yr + weeks 13+ (reg),3,68,49,1,39,28,29,21,0.12508357425991717,117,0.5811965811965812,0.582089552238806,50,0.58,0.09567271500960485,0.22154872964481104,1.0,0.08119658119658124,ON,True,True,True
home + off upset win (won as dog) + off ATS cover by 14+,3,100,126,2,62,74,38,52,-0.13680123998905203,226,0.4424778761061947,0.45588235294117646,90,0.4222222222222222,0.09610050867987756,0.3455925658608849,1.0,0.05752212389380529,FADE,True,True,True
off SU win + off 2 straight ATS wins + total >=50,3,119,147,5,65,85,54,62,-0.12245798045170261,266,0.4473684210526316,0.43333333333333335,116,0.46551724137931033,0.09764485501293958,0.12052916970948825,1.0,0.05263157894736842,FADE,True,True,True
opp off SU win + opp ATS <= .35 (6+ gp) + weeks 5-12,3,56,76,4,33,43,23,33,-0.16968987379956393,132,0.42424242424242425,0.4342105263157895,56,0.4107142857142857,0.09781221450141872,0.3018724904870079,1.0,0.07575757575757575,FADE,True,True,True
off SU win + ATS <= .35 (6+ gp) + weeks 5-12,3,76,56,4,43,33,33,23,0.11821365632952961,132,0.5757575757575758,0.5657894736842105,56,0.5892857142857143,0.09781221450141872,0.3018724904870079,1.0,0.0757575757575758,ON,True,True,True
dog + off ATS loss + outdoor >=80F,3,84,63,2,50,37,34,26,0.10912229416547849,147,0.5714285714285714,0.5747126436781609,60,0.5666666666666667,0.09870072731432859,0.1979791406725175,1.0,0.0714285714285714,ON,True,True,True
dog + division game + total <=41,3,159,130,14,94,76,65,54,0.06615498871774728,289,0.5501730103806228,0.5529411764705883,119,0.5462184873949579,0.09937868724284812,0.1921364654339772,1.0,0.05017301038062283,ON,True,True,True
fav + division game + total <=41,3,130,159,14,76,94,54,65,-0.11717108187777635,289,0.44982698961937717,0.4470588235294118,119,0.453781512605042,0.09937868724284812,0.1921364654339772,1.0,0.05017301038062283,FADE,True,True,True
off SU loss + off 2 straight ATS losses + weeks 1-4,3,101,78,5,62,51,39,27,0.09446356290623427,179,0.5642458100558659,0.5486725663716814,66,0.5909090909090909,0.09983295689826414,0.34689310509533494,1.0,0.06424581005586594,ON,True,True,True
away + ATS >= .65 (6+ gp) + made playoffs last yr,3,78,101,4,45,56,33,45,-0.14451003438074903,179,0.43575418994413406,0.44554455445544555,78,0.4230769230769231,0.09983295689826414,0.31972732070026555,1.0,0.06424581005586594,FADE,True,True,True
off SU loss + off ATS win + 1pm ET window,3,151,182,8,92,105,59,77,-0.1123654746801036,333,0.45345345345345345,0.467005076142132,136,0.4338235294117647,0.10003353508625516,0.3926260446804673,1.0,0.04654654654654655,FADE,True,True,True
off ATS loss + opp off ATS cover by 14+ + 1pm ET window,3,129,103,5,78,68,51,35,0.07823052818975364,232,0.5560344827586207,0.5342465753424658,86,0.5930232558139535,0.1005215330945626,0.4564822349651257,1.0,0.05603448275862066,ON,True,True,True
ATS >= .65 (6+ gp) + made playoffs last yr + dome/closed,3,45,63,2,25,31,20,32,-0.18829333585366662,108,0.4166666666666667,0.44642857142857145,52,0.38461538461538464,0.10143273504110482,0.5044037600228255,1.0,0.08333333333333331,FADE,True,True,True
dog + late afternoon + dome/closed,3,196,164,4,87,66,109,98,0.056179318294533785,360,0.5444444444444444,0.5686274509803921,207,0.5265700483091788,0.10215907217867466,0.1055918771300105,1.0,0.0444444444444444,ON,True,True,True
fav + late afternoon + dome/closed,3,164,196,4,66,87,98,109,-0.11411935990782945,360,0.45555555555555555,0.43137254901960786,207,0.47342995169082125,0.10215907217867466,0.1055918771300105,1.0,0.04444444444444445,FADE,True,True,True
off 2 straight ATS losses + dome/closed,2,234,199,10,126,102,108,97,0.04799374394369571,433,0.5404157043879908,0.5526315789473685,205,0.526829268292683,0.1021620549573254,0.12752192994149272,1.0,0.0404157043879908,ON,True,True,True
win pct <= .35 last yr + division game,2,336,294,18,192,173,144,121,0.03382403194797822,630,0.5333333333333333,0.5260273972602739,265,0.5433962264150943,0.10229250780852925,0.3461219395535218,1.0,0.033333333333333326,ON,True,True,True
dog + off 2 straight SU wins + late afternoon,3,151,123,3,90,70,61,53,0.07193320314307061,274,0.551094890510949,0.5625,114,0.5350877192982456,0.1026891082279253,0.13282253314752596,1.0,0.051094890510948954,ON,True,True,True
dog + made playoffs last yr + total <=41,3,94,72,8,54,44,40,28,0.09278387709669883,166,0.5662650602409639,0.5510204081632653,68,0.5882352941176471,0.10283252418776903,0.3633541876640533,1.0,0.0662650602409639,ON,True,True,True
dog + opp off blowout win (17+) + win pct <= .35 last yr,3,94,72,2,52,44,42,28,0.09159171969217486,166,0.5662650602409639,0.5416666666666666,70,0.6,0.10283252418776903,0.47515204998657296,1.0,0.0662650602409639,ON,True,True,True
dog + 1pm ET window + outdoor >=80F,3,103,80,2,64,48,39,32,0.08870049170628103,183,0.5628415300546448,0.5714285714285714,71,0.5492957746478874,0.10362951684245039,0.1560663019937673,1.0,0.06284153005464477,ON,True,True,True
off 2 straight SU wins + opp off SU loss + opp made playoffs last yr,3,80,103,5,46,65,34,38,-0.13862339038951607,183,0.4371584699453552,0.4144144144144144,72,0.4722222222222222,0.10362951684245039,0.08708912722374863,1.0,0.06284153005464482,FADE,True,True,True
home + fav + outdoor >=80F,3,80,103,3,50,69,30,34,-0.14735488523563958,183,0.4371584699453552,0.42016806722689076,64,0.46875,0.10362951684245039,0.0985236274022573,1.0,0.06284153005464482,FADE,True,True,True
fav + 1pm ET window + outdoor >=80F,3,80,103,2,48,64,32,39,-0.14814541740023712,183,0.4371584699453552,0.42857142857142855,71,0.4507042253521127,0.10362951684245039,0.1560663019937673,1.0,0.06284153005464482,FADE,True,True,True
away + dog + outdoor >=80F,3,103,80,3,69,50,34,30,0.0952201778683471,183,0.5628415300546448,0.5798319327731093,64,0.53125,0.10362951684245039,0.0985236274022573,1.0,0.06284153005464477,ON,True,True,True
dog + opp off blowout loss (17+) + non-division,3,103,80,7,56,47,47,33,0.09093924461154655,183,0.5628415300546448,0.5436893203883495,80,0.5875,0.10362951684245039,0.4306890663081309,1.0,0.06284153005464477,ON,True,True,True
fav + off blowout loss (17+) + non-division,3,80,103,7,47,56,33,47,-0.1493170705267412,183,0.4371584699453552,0.4563106796116505,80,0.4125,0.10362951684245039,0.4306890663081309,1.0,0.06284153005464482,FADE,True,True,True
off 2 straight ATS wins + opp off SU loss + better record than opp by .3+,3,97,122,5,60,72,37,50,-0.12962073020676684,219,0.4429223744292237,0.45454545454545453,87,0.42528735632183906,0.10463710283962856,0.3383802389398243,1.0,0.05707762557077628,FADE,True,True,True
dog + opp off ATS cover by 14+ + win pct <= .35 last yr,3,95,73,3,52,47,43,26,0.09366049362437039,168,0.5654761904761905,0.5252525252525253,69,0.6231884057971014,0.10491191481478214,0.6878853435796918,1.0,0.06547619047619047,ON,True,True,True
ATS <= .35 (6+ gp) + primetime,2,79,59,4,48,38,31,21,0.10937830656340605,138,0.572463768115942,0.5581395348837209,52,0.5961538461538461,0.10545402577641207,0.3318343545999156,1.0,0.07246376811594202,ON,True,True,True
opp ATS <= .35 (6+ gp) + primetime,2,59,79,4,38,48,21,31,-0.1666650525813299,138,0.427536231884058,0.4418604651162791,52,0.40384615384615385,0.10545402577641207,0.3318343545999156,1.0,0.07246376811594202,FADE,True,True,True
off SU win + opp off ATS miss by 14+ + dome/closed,3,79,59,2,43,30,36,29,0.11240204332106682,138,0.572463768115942,0.589041095890411,65,0.5538461538461539,0.10545402577641207,0.15971168311801956,1.0,0.07246376811594202,ON,True,True,True
off ATS miss by 14+ + opp off SU win + dome/closed,3,59,79,2,30,43,29,36,-0.17350735183786986,138,0.427536231884058,0.410958904109589,65,0.4461538461538462,0.10545402577641207,0.15971168311801956,1.0,0.07246376811594202,FADE,True,True,True
off SU win + win pct <= .333 (4+ gp) + 1pm ET window,3,104,81,7,59,46,45,35,0.08371865274730916,185,0.5621621621621622,0.5619047619047619,80,0.5625,0.10552229968115774,0.2414317175651776,1.0,0.06216216216216219,ON,True,True,True
dog + off SU win + off ATS loss,3,123,98,7,74,61,49,37,0.08071477982472955,221,0.5565610859728507,0.5481481481481482,86,0.5697674418604651,0.10622547237438358,0.30168250274562936,1.0,0.0565610859728507,ON,True,True,True
dog + off 2 straight SU losses + made playoffs last yr,3,154,126,8,83,69,71,57,0.06280004009881468,280,0.55,0.5460526315789473,128,0.5546875,0.10645600220831414,0.29165445133443346,1.0,0.050000000000000044,ON,True,True,True
opp ATS >= .65 (6+ gp) + non-division + dome/closed,3,96,74,0,48,39,48,35,0.09385745658833404,170,0.5647058823529412,0.5517241379310345,83,0.5783132530120482,0.10698657283154846,0.3911909653007532,1.0,0.06470588235294117,ON,True,True,True
ATS >= .65 (6+ gp) + non-division + dome/closed,3,74,96,0,39,48,35,48,-0.15292659206262055,170,0.43529411764705883,0.4482758620689655,83,0.42168674698795183,0.10698657283154846,0.3911909653007532,1.0,0.06470588235294117,FADE,True,True,True
off 1-score loss + opp ATS <= .35 (6+ gp) + 1pm ET window,3,53,72,3,31,43,22,29,-0.16659201118613176,125,0.424,0.4189189189189189,51,0.43137254901960786,0.10703141160601275,0.20067820312938567,1.0,0.07600000000000001,FADE,True,True,True
off 2 straight ATS losses + win pct <= .333 (4+ gp) + late afternoon,3,53,72,2,29,37,24,35,-0.1738864799369814,125,0.424,0.4393939393939394,59,0.4067796610169492,0.10703141160601275,0.3890524605477928,1.0,0.07600000000000001,FADE,True,True,True
home + total <=41 + opp new starting QB,3,65,47,6,32,23,33,24,0.12379852298054639,112,0.5803571428571429,0.5818181818181818,57,0.5789473684210527,0.10778227965475423,0.2806097176983541,1.0,0.0803571428571429,ON,True,True,True
away + total <=41 + new starting QB vs last game,3,47,65,6,23,32,24,33,-0.17902439973473883,112,0.41964285714285715,0.41818181818181815,57,0.42105263157894735,0.10778227965475423,0.2806097176983541,1.0,0.08035714285714285,FADE,True,True,True
home + fav 3.5-6.5 + off ATS loss,3,160,191,2,102,118,58,73,-0.11337666834678135,351,0.45584045584045585,0.4636363636363636,131,0.44274809160305345,0.1091829172018844,0.31186987623644136,1.0,0.04415954415954415,FADE,True,True,True
off 2 straight SU wins + off 2 straight ATS wins + total >=50,3,109,135,5,61,78,48,57,-0.12390114658889252,244,0.44672131147540983,0.43884892086330934,105,0.45714285714285713,0.10930711609979539,0.17453244937059004,1.0,0.05327868852459017,FADE,True,True,True
dog 0.5-2.5 + opp off SU loss + 1pm ET window,3,125,100,2,75,59,50,41,0.10112257729258498,225,0.5555555555555556,0.5597014925373134,91,0.5494505494505495,0.10939346729996922,0.19485665950707512,1.0,0.05555555555555558,ON,True,True,True
fav 0.5-2.5 + off SU loss + 1pm ET window,3,100,125,2,59,75,41,50,-0.14521578712356942,225,0.4444444444444444,0.44029850746268656,91,0.45054945054945056,0.10939346729996922,0.19485665950707512,1.0,0.05555555555555558,FADE,True,True,True
off 2 straight ATS wins + opp made playoffs last yr + division game,3,61,81,9,41,49,20,32,-0.14744089122255344,142,0.4295774647887324,0.45555555555555555,52,0.38461538461538464,0.11051344647284359,0.46079247271897145,1.0,0.07042253521126762,FADE,True,True,True
fav + rest adv 3+ days + off ATS loss,3,92,116,7,55,66,37,50,-0.1352345185744077,208,0.4423076923076923,0.45454545454545453,87,0.42528735632183906,0.11054461951096478,0.3633632605480972,1.0,0.05769230769230771,FADE,True,True,True
off SU win + opp off SU loss + cross-country road trip,3,59,42,3,30,20,29,22,0.13547666434097022,101,0.5841584158415841,0.6,51,0.5686274509803921,0.11091834966064051,0.20263875106454066,1.0,0.08415841584158412,ON,True,True,True
away + opp off bye + off SU loss,3,66,48,6,39,25,27,23,0.116519094941463,114,0.5789473684210527,0.609375,50,0.54,0.11093931188461242,0.10342187831608088,1.0,0.07894736842105265,ON,True,True,True
home + off bye + opp off SU loss,3,48,66,6,25,39,23,27,-0.17391807552466582,114,0.42105263157894735,0.390625,50,0.46,0.11093931188461242,0.10342187831608088,1.0,0.07894736842105265,FADE,True,True,True
dog 7.5-9.5 + opp off SU win + worse record than opp by .3+,3,66,48,0,33,26,33,22,0.1080421206503724,114,0.5789473684210527,0.559322033898305,55,0.6,0.11093931188461242,0.43499280512215344,1.0,0.07894736842105265,ON,True,True,True
dog 7+ + off ATS win + division game,3,76,98,10,47,57,29,41,-0.15503524874715535,174,0.4367816091954023,0.4519230769230769,70,0.4142857142857143,0.11112046966151835,0.37758392329809853,1.0,0.06321839080459768,FADE,True,True,True
dog + off SU loss + total <=41,3,232,198,18,133,117,99,81,0.0460946728198253,430,0.5395348837209303,0.532,180,0.55,0.11141298001432602,0.3427986668401339,1.0,0.03953488372093028,ON,True,True,True
fav + opp off SU loss + total <=41,3,198,232,18,117,133,81,99,-0.0987965460305911,430,0.4604651162790698,0.468,180,0.45,0.11141298001432602,0.3427986668401339,1.0,0.039534883720930225,FADE,True,True,True
dog + off 1-score loss + made playoffs last yr,3,137,111,7,76,61,61,50,0.06983887916738556,248,0.5524193548387096,0.5547445255474452,111,0.5495495495495496,0.11221556806418008,0.23153716588439494,1.0,0.05241935483870963,ON,True,True,True
fav 7+ + off ATS loss + weeks 5-12,3,93,117,7,51,58,42,59,-0.12506426285142924,210,0.44285714285714284,0.46788990825688076,101,0.4158415841584158,0.11226185575991313,0.5657001139736335,1.0,0.05714285714285716,FADE,True,True,True
away + weeks 5-12 + late afternoon,3,220,187,6,126,107,94,80,0.049938184298231304,407,0.5405405405405406,0.5407725321888412,174,0.5402298850574713,0.11258657582371648,0.2382460977423,1.0,0.04054054054054057,ON,True,True,True
home + weeks 5-12 + late afternoon,3,187,220,6,107,126,80,94,-0.10513859771115962,407,0.4594594594594595,0.4592274678111588,174,0.45977011494252873,0.11258657582371648,0.2382460977423,1.0,0.040540540540540515,FADE,True,True,True
fav + off 1-score loss + opp ATS <= .35 (6+ gp),3,55,74,6,33,37,22,37,-0.16130671697574742,129,0.4263565891472868,0.4714285714285714,59,0.3728813559322034,0.11265741611168023,0.7202027723528612,1.0,0.0736434108527132,FADE,True,True,True
ATS >= .65 (6+ gp) + made playoffs last yr + late afternoon,3,55,74,3,31,43,24,31,-0.1612004231052513,129,0.4263565891472868,0.4189189189189189,55,0.43636363636363634,0.11265741611168023,0.20067820312938567,1.0,0.0736434108527132,FADE,True,True,True
dog 3 + off 1-score loss,2,74,55,13,43,35,31,20,0.10874593232965132,129,0.5736434108527132,0.5512820512820513,51,0.6078431372549019,0.11265741611168023,0.4282070357175807,1.0,0.0736434108527132,ON,True,True,True
fav 7+ + win pct >= .667 (4+ gp) + dome/closed,3,62,82,2,34,42,28,40,-0.15488611757423312,144,0.4305555555555556,0.4473684210526316,68,0.4117647058823529,0.1130309642819133,0.42219110499231566,1.0,0.06944444444444442,FADE,True,True,True
home + dog 7+ + opp off SU win,3,108,85,3,53,48,55,37,0.0676051841073024,193,0.5595854922279793,0.5247524752475248,92,0.5978260869565217,0.11305123144598497,0.6908264239959597,1.0,0.059585492227979264,ON,True,True,True
away + fav 7+ + off SU win,3,85,108,3,48,53,37,55,-0.12828932818529837,193,0.44041450777202074,0.4752475247524752,92,0.40217391304347827,0.11305123144598497,0.6908264239959597,1.0,0.059585492227979264,FADE,True,True,True
rest disadv 3+ days + off SU loss + weeks 13+ (reg),3,67,49,2,36,23,31,26,0.11619137434274732,116,0.5775862068965517,0.6101694915254238,57,0.543859649122807,0.11408316540850279,0.11747735024505848,1.0,0.07758620689655171,ON,True,True,True
rest adv 3+ days + opp off SU loss + weeks 13+ (reg),3,49,67,2,23,36,26,31,-0.17216840108251927,116,0.4224137931034483,0.3898305084745763,57,0.45614035087719296,0.11408316540850279,0.11747735024505848,1.0,0.07758620689655171,FADE,True,True,True
away + off upset loss (lost as fav) + off ATS loss,3,358,316,21,211,187,147,129,0.032516414437547866,674,0.5311572700296736,0.5301507537688442,276,0.532608695652174,0.11420931873667023,0.24892491108368353,1.0,0.03115727002967361,ON,True,True,True
away + off upset loss (lost as fav),2,358,316,21,211,187,147,129,0.032516414437547866,674,0.5311572700296736,0.5301507537688442,276,0.532608695652174,0.11420931873667023,0.24892491108368353,1.0,0.03115727002967361,ON,True,True,True
opp off SU win + ATS >= .65 (6+ gp) + 1pm ET window,3,70,91,4,38,52,32,39,-0.15280096356316877,161,0.43478260869565216,0.4222222222222222,71,0.4507042253521127,0.11469594326965259,0.17024239504607366,1.0,0.06521739130434784,FADE,True,True,True
off SU win + opp ATS >= .65 (6+ gp) + 1pm ET window,3,91,70,4,52,38,39,32,0.09257949617194731,161,0.5652173913043478,0.5777777777777777,71,0.5492957746478874,0.11469594326965259,0.17024239504607366,1.0,0.06521739130434778,ON,True,True,True
off ATS win + ATS >= .65 (6+ gp) + dome/closed,3,86,109,0,47,60,39,49,-0.14098207134871832,195,0.441025641025641,0.4392523364485981,88,0.4431818181818182,0.11492185091455341,0.24589131461268413,1.0,0.05897435897435899,FADE,True,True,True
off SU win + off 2 straight ATS wins + weeks 1-4,3,78,100,6,50,56,28,44,-0.137478440345173,178,0.43820224719101125,0.4716981132075472,72,0.3888888888888889,0.11523195131755463,0.627430977078634,1.0,0.06179775280898875,FADE,True,True,True
off SU win + ATS <= .35 (6+ gp) + non-division,3,75,56,5,43,30,32,26,0.10905725691862247,131,0.5725190839694656,0.589041095890411,58,0.5517241379310345,0.11545448829225995,0.15971168311801956,1.0,0.0725190839694656,ON,True,True,True
opp off SU win + opp ATS <= .35 (6+ gp) + non-division,3,56,75,5,30,43,26,32,-0.16438586340959033,131,0.42748091603053434,0.410958904109589,58,0.4482758620689655,0.11545448829225995,0.15971168311801956,1.0,0.07251908396946566,FADE,True,True,True
off 1-score loss + win pct >= .667 (4+ gp) + made playoffs last yr,3,75,56,2,41,28,34,28,0.11640644437720472,131,0.5725190839694656,0.5942028985507246,62,0.5483870967741935,0.11545448829225995,0.1480321806927584,1.0,0.0725190839694656,ON,True,True,True
dog 7.5-9.5 + win pct <= .35 last yr,2,83,63,0,40,36,43,27,0.08618689513202907,146,0.5684931506849316,0.5263157894736842,70,0.6142857142857143,0.11553971025192697,0.7310088822226056,1.0,0.06849315068493156,ON,True,True,True
opp made playoffs last yr + weeks 1-4 + non-division,3,144,173,4,89,107,55,66,-0.11604012337234487,317,0.45425867507886436,0.45408163265306123,121,0.45454545454545453,0.11566187704376228,0.22454614246774116,1.0,0.04574132492113564,FADE,True,True,True
fav + pt diff/gm >= +7 (4+ gp) + dome/closed,3,104,129,2,59,76,45,53,-0.12768663826127585,233,0.44635193133047213,0.43703703703703706,98,0.45918367346938777,0.11569091077686326,0.16825920465992453,1.0,0.05364806866952787,FADE,True,True,True
dog 7+ + late afternoon + non-division,3,110,87,4,65,48,45,39,0.07021692504689334,197,0.5583756345177665,0.5752212389380531,84,0.5357142857142857,0.11678744024535467,0.13192429082426044,1.0,0.058375634517766506,ON,True,True,True
away + off SU loss + opp ATS <= .35 (6+ gp),3,87,110,7,54,61,33,49,-0.13066537499852934,197,0.4416243654822335,0.46956521739130436,82,0.4024390243902439,0.11678744024535467,0.5760121204363974,1.0,0.058375634517766506,FADE,True,True,True
home + opp off SU loss + ATS <= .35 (6+ gp),3,110,87,7,61,54,49,33,0.08443312225935773,197,0.5583756345177665,0.5304347826086957,82,0.5975609756097561,0.11678744024535467,0.5760121204363974,1.0,0.058375634517766506,ON,True,True,True
fav 7+ + late afternoon + non-division,3,87,110,4,48,65,39,45,-0.12996520765574193,197,0.4416243654822335,0.4247787610619469,84,0.4642857142857143,0.11678744024535467,0.13192429082426044,1.0,0.058375634517766506,FADE,True,True,True
home + off ATS loss + opp ATS >= .65 (6+ gp),3,110,87,5,62,46,48,41,0.07633738035610424,197,0.5583756345177665,0.5740740740740741,89,0.5393258426966292,0.11678744024535467,0.1485763476105624,1.0,0.058375634517766506,ON,True,True,True
off 2 straight ATS wins + better record than opp by .3+ + made playoffs last yr,3,71,92,4,45,50,26,42,-0.14166853754975917,163,0.43558282208588955,0.47368421052631576,68,0.38235294117647056,0.1169544024635374,0.6817425059181851,1.0,0.06441717791411045,FADE,True,True,True
off 1-score loss + weeks 5-12 + 1pm ET window,3,218,253,21,128,152,90,101,-0.09557462897817466,471,0.46284501061571126,0.45714285714285713,191,0.4712041884816754,0.11710522103624543,0.1691699450944275,1.0,0.03715498938428874,FADE,True,True,True
fav + opp off SU loss + opp made playoffs last yr,3,105,130,9,58,77,47,53,-0.12756394409119098,235,0.44680851063829785,0.42962962962962964,100,0.47,0.11725656526190227,0.12101372565511781,1.0,0.05319148936170215,FADE,True,True,True
off 2 straight ATS losses + opp off SU loss + made playoffs last yr,3,175,146,4,95,82,80,64,0.06102113135988486,321,0.5451713395638629,0.536723163841808,144,0.5555555555555556,0.11796019377761731,0.367113844798025,1.0,0.04517133956386288,ON,True,True,True
off SU loss + win pct <= .333 (4+ gp) + opp new starting QB,3,64,84,4,37,42,27,42,-0.15534726889848402,148,0.43243243243243246,0.46835443037974683,69,0.391304347826087,0.11803924678172613,0.6529643755164601,1.0,0.06756756756756754,FADE,True,True,True
away + off SU win + win pct <= .35 last yr,3,200,169,11,118,96,82,73,0.050327070504334805,369,0.5420054200542005,0.5514018691588785,155,0.5290322580645161,0.11823021612750109,0.15096751781649717,1.0,0.04200542005420049,ON,True,True,True
off ATS win + ATS >= .65 (6+ gp) + non-division,3,181,213,5,98,119,83,94,-0.10326652063876679,394,0.4593908629441624,0.45161290322580644,177,0.4689265536723164,0.11823313016051283,0.17442351224521452,1.0,0.040609137055837574,FADE,True,True,True
off ATS loss + win pct <= .35 last yr + dome/closed,3,111,88,2,52,43,59,45,0.0776449838580915,199,0.5577889447236181,0.5473684210526316,104,0.5673076923076923,0.11864782596955122,0.41191007368097693,1.0,0.05778894472361806,ON,True,True,True
off upset win (won as dog) + weeks 1-4 + 1pm ET window,3,72,93,3,49,55,23,38,-0.14684436034755097,165,0.43636363636363634,0.47115384615384615,61,0.3770491803278688,0.11920519026070316,0.624143515844679,1.0,0.06363636363636366,FADE,True,True,True
off ATS win + ATS >= .65 (6+ gp) + made playoffs last yr,3,126,153,7,69,84,57,69,-0.11702091217000558,279,0.45161290322580644,0.45098039215686275,126,0.4523809523809524,0.1194132703267264,0.25763377654672226,1.0,0.04838709677419356,FADE,True,True,True
off 1-score loss + opp off SU loss + 1pm ET window,3,250,287,20,148,173,102,114,-0.08826124560366709,537,0.4655493482309125,0.46105919003115264,216,0.4722222222222222,0.12021889945702262,0.18030228679270252,1.0,0.034450651769087515,FADE,True,True,True
off ATS loss + dome/closed + new starting QB vs last game,3,69,51,4,27,20,42,31,0.10020611035792433,120,0.575,0.574468085106383,73,0.5753424657534246,0.12032782773865798,0.38169339766321275,1.0,0.07499999999999996,ON,True,True,True
off 2 straight ATS wins + 1pm ET window + total >=50,3,51,69,4,25,37,26,32,-0.16796280478580308,120,0.425,0.4032258064516129,58,0.4482758620689655,0.12032782773865798,0.16188140552559763,1.0,0.07500000000000001,FADE,True,True,True
home + rest adv 3+ days + opp off SU loss,3,89,112,8,49,61,40,51,-0.12834370927204794,201,0.4427860696517413,0.44545454545454544,91,0.43956043956043955,0.12050284465324416,0.29423370844429203,1.0,0.057213930348258724,FADE,True,True,True
away + rest disadv 3+ days + off SU loss,3,112,89,8,61,49,51,40,0.07806343819123196,201,0.5572139303482587,0.5545454545454546,91,0.5604395604395604,0.12050284465324416,0.29423370844429203,1.0,0.057213930348258724,ON,True,True,True
dog 3 + win pct <= .35 last yr,2,85,65,11,47,35,38,30,0.10185313337335954,150,0.5666666666666667,0.573170731707317,68,0.5588235294117647,0.12052916970948825,0.22424452830608183,1.0,0.06666666666666665,ON,True,True,True
fav 3.5-6.5 + win pct >= .667 (4+ gp) + weeks 13+ (reg),3,85,65,1,44,37,41,28,0.10249651769373626,150,0.5666666666666667,0.5432098765432098,69,0.5942028985507246,0.12052916970948825,0.5052364407669357,1.0,0.06666666666666665,ON,True,True,True
fav + 1pm ET window + total >=50,3,98,122,8,52,70,46,52,-0.12517450515125514,220,0.44545454545454544,0.4262295081967213,98,0.46938775510204084,0.12078552644297028,0.12342708698379867,1.0,0.054545454545454564,FADE,True,True,True
dog + 1pm ET window + total >=50,3,122,98,8,70,52,52,46,0.07450892292852498,220,0.5545454545454546,0.5737704918032787,98,0.5306122448979592,0.12078552644297028,0.12342708698379867,1.0,0.054545454545454564,ON,True,True,True
away + off 2 straight SU wins + ATS >= .65 (6+ gp),3,108,133,5,61,79,47,54,-0.12484720944090687,241,0.44813278008298757,0.4357142857142857,101,0.46534653465346537,0.1219309933711374,0.15052769717161313,1.0,0.05186721991701243,FADE,True,True,True
off 2 straight ATS losses + opp off SU win + division game,3,144,118,9,91,71,53,47,0.067014667081955,262,0.549618320610687,0.5617283950617284,100,0.53,0.12230130671769314,0.13524792193400165,1.0,0.04961832061068705,ON,True,True,True
off SU loss + made playoffs last yr + weeks 1-4,3,123,99,7,69,54,54,45,0.07945953621730015,222,0.5540540540540541,0.5609756097560976,99,0.5454545454545454,0.12247684585497794,0.20664710898494285,1.0,0.05405405405405406,ON,True,True,True
off 2 straight SU wins + off ATS win + opp ATS <= .35 (6+ gp),3,66,86,5,40,53,26,33,-0.1439828430504508,152,0.4342105263157895,0.43010752688172044,59,0.4406779661016949,0.12300910631534777,0.21315300096890794,1.0,0.06578947368421051,FADE,True,True,True
off ATS win + win pct <= .35 last yr + weeks 1-4,3,66,86,5,37,50,29,36,-0.15473277428211507,152,0.4342105263157895,0.42528735632183906,65,0.4461538461538462,0.12300910631534777,0.1979791406725175,1.0,0.06578947368421051,FADE,True,True,True
fav + off SU win + wind >=15mph,3,104,82,7,60,50,44,32,0.08642720031538492,186,0.5591397849462365,0.5454545454545454,76,0.5789473684210527,0.12337992934568431,0.39092745669950557,1.0,0.05913978494623651,ON,True,True,True
fav 7.5-9.5 + made playoffs last yr + non-division,3,82,104,0,50,57,32,47,-0.12726268737027602,186,0.44086021505376344,0.4672897196261682,79,0.4050632911392405,0.12337992934568431,0.5620926850537897,1.0,0.05913978494623656,FADE,True,True,True
dog + opp off SU win + wind >=15mph,3,82,104,7,50,60,32,44,-0.13365583087707839,186,0.44086021505376344,0.45454545454545453,76,0.42105263157894735,0.12337992934568431,0.39092745669950557,1.0,0.05913978494623656,FADE,True,True,True
off SU win + opp ATS >= .65 (6+ gp) + non-division,3,156,129,4,89,73,67,56,0.06135686924866589,285,0.5473684210526316,0.5493827160493827,123,0.5447154471544715,0.12338374257749941,0.23850049967578174,1.0,0.047368421052631615,ON,True,True,True
opp off SU win + ATS >= .65 (6+ gp) + non-division,3,129,156,4,73,89,56,67,-0.12118953542222483,285,0.45263157894736844,0.4506172839506173,123,0.45528455284552843,0.12338374257749941,0.23850049967578174,1.0,0.04736842105263156,FADE,True,True,True
off 1-score loss + worse record than opp by .3+ + weeks 13+ (reg),3,52,70,1,31,35,21,35,-0.1698207885965702,122,0.4262295081967213,0.4696969696969697,56,0.375,0.12342708698379867,0.7122308826373509,1.0,0.07377049180327871,FADE,True,True,True
opp off SU loss + win pct <= .35 last yr + total <=41,3,95,74,9,55,44,40,30,0.08897505631823521,169,0.5621301775147929,0.5555555555555556,70,0.5714285714285714,0.12368263020457385,0.3148798910376227,1.0,0.062130177514792884,ON,True,True,True
off SU win + ATS >= .65 (6+ gp) + made playoffs last yr,3,140,168,10,79,92,61,76,-0.11025365542656777,308,0.45454545454545453,0.4619883040935672,137,0.44525547445255476,0.12379531610217535,0.35883421580084407,1.0,0.04545454545454547,FADE,True,True,True
home + weeks 5-12 + division game,3,242,278,16,146,167,96,111,-0.09143471365459371,520,0.4653846153846154,0.46645367412140576,207,0.463768115942029,0.12473838750942527,0.25824479590083543,1.0,0.0346153846153846,FADE,True,True,True
away + weeks 5-12 + division game,3,278,242,16,167,146,111,96,0.03752663559360687,520,0.5346153846153846,0.5335463258785943,207,0.5362318840579711,0.12473838750942527,0.25824479590083543,1.0,0.0346153846153846,ON,True,True,True
off SU loss + win pct <= .35 last yr + dome/closed,3,135,110,4,61,53,74,57,0.06463937008238616,245,0.5510204081632653,0.5350877192982456,131,0.5648854961832062,0.1250275961908645,0.5122548722298447,1.0,0.05102040816326525,ON,True,True,True
off SU loss + off 2 straight ATS losses + dome/closed,3,194,164,9,104,85,90,79,0.05121938238224234,358,0.5418994413407822,0.5502645502645502,169,0.5325443786982249,0.1252317641330724,0.1902914841459104,1.0,0.04189944134078216,ON,True,True,True
fav + off SU win + opp ATS >= .65 (6+ gp),3,105,83,5,56,40,49,43,0.08002156541788978,188,0.5585106382978723,0.5833333333333334,92,0.532608695652174,0.12540008404533756,0.12534569718849248,1.0,0.058510638297872286,ON,True,True,True
dog + weeks 1-4 + outdoor >=80F,3,105,83,2,71,55,34,28,0.08612319145391999,188,0.5585106382978723,0.5634920634920635,62,0.5483870967741935,0.12540008404533756,0.18122406088142368,1.0,0.058510638297872286,ON,True,True,True
dog + ATS >= .65 (6+ gp) + non-division,3,83,105,1,49,55,34,50,-0.13411306704420112,188,0.44148936170212766,0.47115384615384615,84,0.40476190476190477,0.12540008404533756,0.624143515844679,1.0,0.05851063829787234,FADE,True,True,True
fav + opp ATS >= .65 (6+ gp) + non-division,3,105,83,1,55,49,50,34,0.07745418445598658,188,0.5585106382978723,0.5288461538461539,84,0.5952380952380952,0.12540008404533756,0.624143515844679,1.0,0.058510638297872286,ON,True,True,True
fav + weeks 1-4 + outdoor >=80F,3,83,105,2,55,71,28,34,-0.13251201201730786,188,0.44148936170212766,0.4365079365079365,62,0.45161290322580644,0.12540008404533756,0.18122406088142368,1.0,0.05851063829787234,FADE,True,True,True
dog + opp off SU win + ATS >= .65 (6+ gp),3,83,105,5,40,56,43,49,-0.13850157750130254,188,0.44148936170212766,0.4166666666666667,92,0.4673913043478261,0.12540008404533756,0.12534569718849248,1.0,0.05851063829787234,FADE,True,True,True
home + opp ATS >= .65 (6+ gp) + dome/closed,3,71,53,0,37,29,34,24,0.10404303234846529,124,0.5725806451612904,0.5606060606060606,58,0.5862068965517241,0.12651005632185539,0.3890524605477928,1.0,0.07258064516129037,ON,True,True,True
opp off ATS miss by 14+ + made playoffs last yr + weeks 13+ (reg),3,71,53,3,39,30,32,23,0.11375825561371693,124,0.5725806451612904,0.5652173913043478,55,0.5818181818181818,0.12651005632185539,0.3355576182340152,1.0,0.07258064516129037,ON,True,True,True
opp off SU win + win pct >= .667 (4+ gp) + final 2 reg weeks,3,53,71,3,30,43,23,28,-0.1700681085237196,124,0.4274193548387097,0.410958904109589,51,0.45098039215686275,0.12651005632185539,0.15971168311801956,1.0,0.07258064516129031,FADE,True,True,True
away + ATS >= .65 (6+ gp) + dome/closed,3,53,71,0,29,37,24,34,-0.17269826946809685,124,0.4274193548387097,0.4393939393939394,58,0.41379310344827586,0.12651005632185539,0.3890524605477928,1.0,0.07258064516129031,FADE,True,True,True
off 2 straight ATS losses + opp off SU loss + opp new starting QB,3,71,53,4,36,25,35,28,0.11321467674175048,124,0.5725806451612904,0.5901639344262295,63,0.5555555555555556,0.12651005632185539,0.20003136851310313,1.0,0.07258064516129037,ON,True,True,True
fav + off 2 straight SU losses + off ATS miss by 14+,3,60,79,3,34,50,26,29,-0.15353244514942002,139,0.4316546762589928,0.40476190476190477,55,0.4727272727272727,0.1265229449726362,0.10113634213880449,1.0,0.06834532374100721,FADE,True,True,True
dog + off 2 straight SU losses + total <=41,3,147,121,9,83,68,64,53,0.059755748834181215,268,0.5485074626865671,0.5496688741721855,117,0.5470085470085471,0.1265744834937505,0.2545002933425908,1.0,0.04850746268656714,ON,True,True,True
off 2 straight ATS losses + ATS <= .35 (6+ gp) + 1pm ET window,3,126,102,7,71,63,55,39,0.06342234115617623,228,0.5526315789473685,0.5298507462686567,94,0.5851063829787234,0.12752192994149272,0.5455343664798736,1.0,0.052631578947368474,ON,True,True,True
dog + made playoffs last yr + weeks 1-4,3,126,102,5,75,57,51,45,0.07678669614437829,228,0.5526315789473685,0.5681818181818182,96,0.53125,0.12752192994149272,0.13866800643810281,1.0,0.052631578947368474,ON,True,True,True
fav + non-division + cross-country road trip,3,97,76,4,45,37,52,39,0.08882907304955959,173,0.5606936416184971,0.5487804878048781,91,0.5714285714285714,0.12812621630749876,0.439705429185822,1.0,0.06069364161849711,ON,True,True,True
off 2 straight SU losses + opp off SU loss + opp made playoffs last yr,3,76,97,4,47,58,29,39,-0.1468788608476218,173,0.4393063583815029,0.44761904761904764,68,0.4264705882352941,0.12812621630749876,0.329137126166139,1.0,0.06069364161849711,FADE,True,True,True
fav + cross-country road trip,2,97,76,4,45,37,52,39,0.08882907304955959,173,0.5606936416184971,0.5487804878048781,91,0.5714285714285714,0.12812621630749876,0.439705429185822,1.0,0.06069364161849711,ON,True,True,True
away + fav + cross-country road trip,3,97,76,4,45,37,52,39,0.08882907304955959,173,0.5606936416184971,0.5487804878048781,91,0.5714285714285714,0.12812621630749876,0.439705429185822,1.0,0.06069364161849711,ON,True,True,True
opp short week + off 2 straight SU losses,2,64,47,5,35,26,29,21,0.11152415291179461,111,0.5765765765765766,0.5737704918032787,50,0.58,0.12847543208575976,0.30567741986311836,1.0,0.07657657657657657,ON,True,True,True
dog + opp off SU loss + total <=41,3,172,144,15,99,83,73,61,0.05630001789369213,316,0.5443037974683544,0.5439560439560439,134,0.5447761194029851,0.12866383248465849,0.2661420292429953,1.0,0.044303797468354444,ON,True,True,True
fav + off SU loss + total <=41,3,144,172,15,83,99,61,73,-0.10940280207394759,316,0.45569620253164556,0.45604395604395603,134,0.4552238805970149,0.12866383248465849,0.2661420292429953,1.0,0.044303797468354444,FADE,True,True,True
off blowout win (17+) + off 2 straight ATS wins + dome/closed,3,61,80,2,37,47,24,33,-0.15651688172120581,141,0.4326241134751773,0.44047619047619047,57,0.42105263157894735,0.12925766357758317,0.3261341711919829,1.0,0.06737588652482268,FADE,True,True,True
fav 7+ + non-division + dome/closed,3,85,107,5,47,57,38,50,-0.12609252082120792,192,0.4427083333333333,0.4519230769230769,88,0.4318181818181818,0.12941893151575884,0.37758392329809853,1.0,0.057291666666666685,FADE,True,True,True
dog 7+ + non-division + dome/closed,3,107,85,5,57,47,50,38,0.06513487608356852,192,0.5572916666666666,0.5480769230769231,88,0.5681818181818182,0.12941893151575884,0.37758392329809853,1.0,0.05729166666666663,ON,True,True,True
dog 7+ + off 2 straight ATS losses + weeks 13+ (reg),3,54,72,4,29,40,25,32,-0.17080882596621763,126,0.42857142857142855,0.42028985507246375,57,0.43859649122807015,0.12957613928638603,0.22840022535329702,1.0,0.07142857142857145,FADE,True,True,True
home + off 1-score loss,2,457,505,26,268,295,189,210,-0.07464813417059214,962,0.47505197505197505,0.47602131438721135,399,0.47368421052631576,0.12964305592721315,0.27316562313338044,1.0,0.02494802494802495,FADE,True,True,True
off 2 straight SU wins + outdoor <=35F,2,94,117,6,45,62,49,55,-0.1301984158426155,211,0.44549763033175355,0.4205607476635514,104,0.47115384615384615,0.1296923596836744,0.12151242187624421,1.0,0.05450236966824645,FADE,True,True,True
off ATS miss by 14+ + win pct <= .333 (4+ gp) + 1pm ET window,3,98,77,4,52,44,46,33,0.07616835562735479,175,0.56,0.5416666666666666,79,0.5822784810126582,0.13033475483295046,0.47515204998657296,1.0,0.06000000000000005,ON,True,True,True
away + off ATS miss by 14+ + made playoffs last yr,3,98,77,6,60,43,38,34,0.08831797403035313,175,0.56,0.5825242718446602,72,0.5277777777777778,0.13033475483295046,0.11446824201255817,1.0,0.06000000000000005,ON,True,True,True
dog 7+ + off 1-score loss + 1pm ET window,3,69,89,9,38,49,31,40,-0.15627236699361527,158,0.43670886075949367,0.4367816091954023,71,0.43661971830985913,0.13038570384790593,0.2836071084054854,1.0,0.06329113924050633,FADE,True,True,True
rest disadv 3+ days + off ATS loss + opp off SU loss,3,118,95,7,72,55,46,40,0.07717735804930458,213,0.5539906103286385,0.5669291338582677,86,0.5348837209302325,0.13151225170378514,0.15540010008390473,1.0,0.0539906103286385,ON,True,True,True
away + off 2 straight ATS wins + ATS >= .65 (6+ gp),3,95,118,5,53,61,42,57,-0.12528930946816244,213,0.4460093896713615,0.4649122807017544,99,0.42424242424242425,0.13151225170378514,0.5122548722298447,1.0,0.0539906103286385,FADE,True,True,True
away + off 2 straight ATS losses + new starting QB vs last game,3,55,73,3,32,40,23,33,-0.16570305929336945,128,0.4296875,0.4444444444444444,56,0.4107142857142857,0.13262480132498222,0.40957939592707177,1.0,0.0703125,FADE,True,True,True
fav + off 2 straight ATS wins + weeks 1-4,3,55,73,3,33,44,22,29,-0.1519949352197724,128,0.4296875,0.42857142857142855,51,0.43137254901960786,0.13262480132498222,0.2543046661477,1.0,0.0703125,FADE,True,True,True
off ATS win + opp ATS >= .65 (6+ gp) + dome/closed,3,73,55,2,37,30,36,25,0.10284849173655358,128,0.5703125,0.5522388059701493,61,0.5901639344262295,0.13262480132498222,0.46381761789686937,1.0,0.0703125,ON,True,True,True
win pct <= .35 last yr + weeks 13+ (reg) + total <=41,3,73,55,4,41,30,32,25,0.10603236979854633,128,0.5703125,0.5774647887323944,57,0.5614035087719298,0.13262480132498222,0.23509756240834187,1.0,0.0703125,ON,True,True,True
rest disadv 3+ days + off ATS loss + division game,3,90,70,3,56,45,34,25,0.0936103739300198,160,0.5625,0.5544554455445545,59,0.576271186440678,0.13282253314752596,0.31972732070026555,1.0,0.0625,ON,True,True,True
off upset loss (lost as fav) + opp off SU loss + non-division,3,189,160,12,112,91,77,69,0.05298718983419075,349,0.5415472779369628,0.5517241379310345,146,0.5273972602739726,0.13380838418693208,0.16023471336290204,1.0,0.04154727793696278,ON,True,True,True
away + off 1-score loss + weeks 5-12,3,216,185,13,127,108,89,77,0.043476332803298254,401,0.5386533665835411,0.5404255319148936,166,0.536144578313253,0.13399928761577337,0.24025633441844127,1.0,0.03865336658354113,ON,True,True,True
away + off SU win + cross-country road trip,3,130,106,5,70,57,60,49,0.0681618090777466,236,0.5508474576271186,0.5511811023622047,109,0.5504587155963303,0.13417781921872282,0.28691460720309875,1.0,0.05084745762711862,ON,True,True,True
off SU win + non-division + cross-country road trip,3,130,106,5,70,57,60,49,0.0681618090777466,236,0.5508474576271186,0.5511811023622047,109,0.5504587155963303,0.13417781921872282,0.28691460720309875,1.0,0.05084745762711862,ON,True,True,True
off SU win + cross-country road trip,2,130,106,5,70,57,60,49,0.0681618090777466,236,0.5508474576271186,0.5511811023622047,109,0.5504587155963303,0.13417781921872282,0.28691460720309875,1.0,0.05084745762711862,ON,True,True,True
off upset win (won as dog) + opp off SU loss + weeks 1-4,3,63,82,4,38,46,25,36,-0.14227156991793496,145,0.43448275862068964,0.4523809523809524,61,0.4098360655737705,0.13468540318097627,0.4452046690465761,1.0,0.06551724137931036,FADE,True,True,True
opp off SU win + made playoffs last yr + weeks 1-4,3,153,127,7,85,75,68,52,0.0662350893376835,280,0.5464285714285714,0.53125,120,0.5666666666666667,0.1350232075087503,0.47688215872526774,1.0,0.046428571428571375,ON,True,True,True
off 2 straight SU losses + worse record than opp by .3+ + late afternoon,3,56,74,1,32,40,24,34,-0.1660894194125476,130,0.4307692307692308,0.4444444444444444,58,0.41379310344827586,0.13565556515200156,0.40957939592707177,1.0,0.0692307692307692,FADE,True,True,True
home + off 1-score loss + off 2 straight ATS losses,3,142,117,10,82,67,60,50,0.06568991850346091,259,0.5482625482625483,0.5503355704697986,110,0.5454545454545454,0.13573207941367005,0.25133111748209397,1.0,0.04826254826254828,ON,True,True,True
pt diff/gm >= +7 (4+ gp) + weeks 13+ (reg) + division game,3,101,80,5,59,48,42,32,0.08896244528811267,181,0.5580110497237569,0.5514018691588785,74,0.5675675675675675,0.13690506134280608,0.33370511619743876,1.0,0.058011049723756924,ON,True,True,True
dog + off ATS miss by 14+ + pt diff/gm <= -7 (4+ gp),3,101,80,2,54,42,47,38,0.07296081248862094,181,0.5580110497237569,0.5625,85,0.5529411764705883,0.13690506134280608,0.26146943628638797,1.0,0.058011049723756924,ON,True,True,True
fav 7+ + win pct >= .667 (4+ gp) + opp new starting QB,3,43,59,3,21,26,22,33,-0.16787268070474928,102,0.4215686274509804,0.44680851063829785,55,0.4,0.1370988057560341,0.5600646295802106,1.0,0.0784313725490196,FADE,True,True,True
dog + off ATS loss + win pct >= .667 (4+ gp),3,83,64,7,47,34,36,30,0.09484945456242364,147,0.564625850340136,0.5802469135802469,66,0.5454545454545454,0.1373777662491239,0.18207674694084314,1.0,0.06462585034013602,ON,True,True,True
off 2 straight ATS losses + pt diff/gm <= -7 (4+ gp) + weeks 13+ (reg),3,57,75,2,36,45,21,30,-0.16040291369516715,132,0.4318181818181818,0.4444444444444444,51,0.4117647058823529,0.13866800643810281,0.37417441760470777,1.0,0.06818181818181818,FADE,True,True,True
home + fav + week 1,3,65,84,4,39,53,26,31,-0.14840855140753553,149,0.436241610738255,0.42391304347826086,57,0.45614035087719296,0.14005540740614833,0.17498389846296178,1.0,0.06375838926174499,FADE,True,True,True
home + off ATS win + outdoor <=35F,3,84,65,3,46,38,38,27,0.09213756799860882,149,0.5637583892617449,0.5476190476190477,65,0.5846153846153846,0.14005540740614833,0.4452046690465761,1.0,0.06375838926174493,ON,True,True,True
away + dog + week 1,3,84,65,4,53,39,31,26,0.09282859705269547,149,0.5637583892617449,0.5760869565217391,57,0.543859649122807,0.14005540740614833,0.17498389846296178,1.0,0.06375838926174493,ON,True,True,True
rest disadv 3+ days + off 2 straight SU losses + non-division,3,84,65,7,49,37,35,28,0.09265363888842436,149,0.5637583892617449,0.5697674418604651,63,0.5555555555555556,0.14005540740614833,0.2353798622110552,1.0,0.06375838926174493,ON,True,True,True
off ATS win + win pct <= .35 last yr + total <=41,3,84,65,8,53,45,31,20,0.09133641737165032,149,0.5637583892617449,0.5408163265306123,51,0.6078431372549019,0.14005540740614833,0.4796924995674868,1.0,0.06375838926174493,ON,True,True,True
win pct <= .333 (4+ gp) + opp made playoffs last yr + weeks 13+ (reg),3,65,84,3,37,46,28,38,-0.15283229147994704,149,0.436241610738255,0.4457831325301205,66,0.42424242424242425,0.14005540740614833,0.37999939641191804,1.0,0.06375838926174499,FADE,True,True,True
dog + off upset loss (lost as fav) + 1pm ET window,3,157,131,14,92,82,65,49,0.054343394340521926,288,0.5451388888888888,0.5287356321839081,114,0.5701754385964912,0.14057920889853312,0.49516885828843854,1.0,0.04513888888888884,ON,True,True,True
off SU win + win pct <= .35 last yr + division game,3,134,110,8,81,66,53,44,0.06514558257272594,244,0.5491803278688525,0.5510204081632653,97,0.5463917525773195,0.1407480762819337,0.24812572575379252,1.0,0.049180327868852514,ON,True,True,True
ATS >= .65 (6+ gp) + non-division,2,249,284,6,141,158,108,126,-0.09027253693812258,533,0.46716697936210133,0.47157190635451507,234,0.46153846153846156,0.14075844991870876,0.3548277539138865,1.0,0.03283302063789867,FADE,True,True,True
opp ATS >= .65 (6+ gp) + non-division,2,284,249,6,158,141,126,108,0.031474200561175496,533,0.5328330206378987,0.5284280936454849,234,0.5384615384615384,0.14075844991870876,0.3548277539138865,1.0,0.032833020637898724,ON,True,True,True
off SU loss + dome/closed + opp new starting QB,3,44,60,4,20,25,24,35,-0.16941745120887924,104,0.4230769230769231,0.4444444444444444,59,0.4067796610169492,0.14095628821230813,0.5514843298025198,1.0,0.07692307692307693,FADE,True,True,True
opp off SU loss + dome/closed + new starting QB vs last game,3,60,44,4,25,20,35,24,0.10429549265672275,104,0.5769230769230769,0.5555555555555556,59,0.5932203389830508,0.14095628821230813,0.5514843298025198,1.0,0.07692307692307687,ON,True,True,True
off 1-score loss + off ATS win + 1pm ET window,3,143,170,8,87,99,56,71,-0.10540256761065071,313,0.45686900958466453,0.46774193548387094,127,0.4409448818897638,0.1415454141475119,0.4199949098683647,1.0,0.04313099041533547,FADE,True,True,True
off SU loss + opp ATS >= .65 (6+ gp) + made playoffs last yr,3,68,51,3,41,27,27,24,0.09735923555502811,119,0.5714285714285714,0.6029411764705882,51,0.5294117647058824,0.14213202807505843,0.11425430684992327,1.0,0.0714285714285714,ON,True,True,True
dog + off upset loss (lost as fav) + opp off SU loss,3,135,111,6,84,69,51,42,0.06720593614746455,246,0.5487804878048781,0.5490196078431373,93,0.5483870967741935,0.1423767746697466,0.25763377654672226,1.0,0.04878048780487809,ON,True,True,True
home + win pct <= .35 last yr + weeks 1-4,3,92,114,3,52,67,40,47,-0.12928261929665294,206,0.44660194174757284,0.4369747899159664,87,0.45977011494252873,0.14324485626490852,0.1991583981856451,1.0,0.05339805825242716,FADE,True,True,True
off SU loss + off 2 straight ATS losses + opp off blowout loss (17+),3,83,104,5,49,66,34,38,-0.13199895349631224,187,0.44385026737967914,0.4260869565217391,72,0.4722222222222222,0.14338908065653866,0.13535040983481553,1.0,0.05614973262032086,FADE,True,True,True
home + off upset loss (lost as fav) + 1pm ET window,3,112,136,12,69,85,43,51,-0.11532147235166432,248,0.45161290322580644,0.44805194805194803,94,0.4574468085106383,0.1439998178548256,0.22665066200791295,1.0,0.04838709677419356,FADE,True,True,True
home + off upset win (won as dog) + 1pm ET window,3,157,185,15,98,113,59,72,-0.10164076709844933,342,0.4590643274853801,0.46445497630331756,131,0.45038167938931295,0.14418153588584232,0.33516111181152464,1.0,0.04093567251461988,FADE,True,True,True
dog + off ATS win + made playoffs last yr,3,273,239,7,147,128,126,111,0.038000045375918175,512,0.533203125,0.5345454545454545,237,0.5316455696202531,0.1446545520955659,0.2777011466280831,1.0,0.033203125,ON,True,True,True
fav + off ATS loss + opp off ATS miss by 14+,3,123,148,6,72,84,51,64,-0.11341944154023703,271,0.45387453874538747,0.46153846153846156,115,0.4434782608695652,0.14473026058715563,0.3785370170481052,1.0,0.04612546125461253,FADE,True,True,True
fav 0.5-2.5 + total <=41,2,75,95,1,44,59,31,36,-0.15101912274797982,170,0.4411764705882353,0.42718446601941745,67,0.4626865671641791,0.14483096954373909,0.1674443344120586,1.0,0.05882352941176472,FADE,True,True,True
dog 0.5-2.5 + total <=41,2,95,75,1,59,44,36,31,0.11185745277455363,170,0.5588235294117647,0.5728155339805825,67,0.5373134328358209,0.14483096954373909,0.1674443344120586,1.0,0.05882352941176472,ON,True,True,True
off 2 straight ATS losses + weeks 1-4,2,115,93,5,71,61,44,32,0.0752183749471814,208,0.5528846153846154,0.5378787878787878,76,0.5789473684210527,0.14518799427235807,0.43353726974233275,1.0,0.05288461538461542,ON,True,True,True
pt diff/gm >= +7 (4+ gp) + late afternoon + division game,3,69,52,2,36,31,33,21,0.11259550254916384,121,0.5702479338842975,0.5373134328358209,54,0.6111111111111112,0.1454865204345052,0.6254068289416483,1.0,0.07024793388429751,ON,True,True,True
off SU win + opp off blowout win (17+) + primetime,3,69,52,2,33,29,36,23,0.09752760759512114,121,0.5702479338842975,0.532258064516129,59,0.6101694915254238,0.1454865204345052,0.7035366713552733,1.0,0.07024793388429751,ON,True,True,True
dog 7+ + division game + dome/closed,3,69,52,2,36,31,33,21,0.08818440645075973,121,0.5702479338842975,0.5373134328358209,54,0.6111111111111112,0.1454865204345052,0.6254068289416483,1.0,0.07024793388429751,ON,True,True,True
off blowout win (17+) + opp off SU win + primetime,3,52,69,2,29,33,23,36,-0.16310187400710519,121,0.4297520661157025,0.46774193548387094,59,0.3898305084745763,0.1454865204345052,0.7035366713552733,1.0,0.07024793388429751,FADE,True,True,True
opp off SU loss + made playoffs last yr + Monday,3,69,52,1,38,24,31,28,0.1124929021150924,121,0.5702479338842975,0.6129032258064516,59,0.5254237288135594,0.1454865204345052,0.09795444051950736,1.0,0.07024793388429751,ON,True,True,True
fav 7+ + division game + dome/closed,3,52,69,2,31,36,21,33,-0.15054313299152655,121,0.4297520661157025,0.4626865671641791,54,0.3888888888888889,0.1454865204345052,0.6254068289416483,1.0,0.07024793388429751,FADE,True,True,True
late afternoon + cross-country road trip,2,116,94,5,66,56,50,38,0.06934455723055702,210,0.5523809523809524,0.5409836065573771,88,0.5681818181818182,0.14712286360743598,0.41528518131253184,1.0,0.05238095238095242,ON,True,True,True
home + off 2 straight ATS losses + dome/closed,3,116,94,3,63,51,53,43,0.07141685986137727,210,0.5523809523809524,0.5526315789473685,96,0.5520833333333334,0.14712286360743598,0.3028775526303248,1.0,0.05238095238095242,ON,True,True,True
late afternoon + non-division + cross-country road trip,3,116,94,5,66,56,50,38,0.06934455723055702,210,0.5523809523809524,0.5409836065573771,88,0.5681818181818182,0.14712286360743598,0.41528518131253184,1.0,0.05238095238095242,ON,True,True,True
away + late afternoon + cross-country road trip,3,116,94,5,66,56,50,38,0.06934455723055702,210,0.5523809523809524,0.5409836065573771,88,0.5681818181818182,0.14712286360743598,0.41528518131253184,1.0,0.05238095238095242,ON,True,True,True
dog 0.5-2.5 + made playoffs last yr + 1pm ET window,3,78,60,0,48,36,30,24,0.12390649892597777,138,0.5652173913043478,0.5714285714285714,54,0.5555555555555556,0.1475918641688607,0.2298644069691203,1.0,0.06521739130434778,ON,True,True,True
off 2 straight ATS losses + win pct >= .667 (4+ gp) + non-division,3,78,60,3,40,28,38,32,0.09979506448979006,138,0.5652173913043478,0.5882352941176471,70,0.5428571428571428,0.1475918641688607,0.1818100545355934,1.0,0.06521739130434778,ON,True,True,True
home + fav 10+ + late afternoon,3,78,60,3,42,38,36,22,0.1039654352119405,138,0.5652173913043478,0.525,58,0.6206896551724138,0.1475918641688607,0.7375543089843226,1.0,0.06521739130434778,ON,True,True,True
away + dog 10+ + late afternoon,3,60,78,3,38,42,22,36,-0.1639898262674012,138,0.43478260869565216,0.475,58,0.3793103448275862,0.1475918641688607,0.7375543089843226,1.0,0.06521739130434784,FADE,True,True,True
off 2 straight SU wins + opp ATS <= .35 (6+ gp),2,85,106,6,54,66,31,40,-0.1241664331483133,191,0.44502617801047123,0.45,71,0.43661971830985913,0.14766209721852663,0.315303300832258,1.0,0.05497382198952877,FADE,True,True,True
rest disadv 3+ days + off 2 straight SU losses + off ATS loss,3,106,85,7,67,50,39,35,0.0779646846316007,191,0.5549738219895288,0.5726495726495726,74,0.527027027027027,0.14766209721852663,0.13875316894302567,1.0,0.054973821989528826,ON,True,True,True
home + fav 0.5-2.5 + division game,3,68,87,0,42,49,26,38,-0.16019628036476377,155,0.43870967741935485,0.46153846153846156,64,0.40625,0.14799763102341487,0.5296020954762445,1.0,0.06129032258064515,FADE,True,True,True
away + dog 0.5-2.5 + division game,3,87,68,0,49,42,38,26,0.11401609766011737,155,0.5612903225806452,0.5384615384615384,64,0.59375,0.14799763102341487,0.5296020954762445,1.0,0.06129032258064515,ON,True,True,True
dog + made playoffs last yr + 1pm ET window,3,231,200,11,137,120,94,80,0.04427540993456445,431,0.5359628770301624,0.5330739299610895,174,0.5402298850574713,0.1483587702985005,0.3182552709992646,1.0,0.03596287703016243,ON,True,True,True
fav 7.5-9.5 + opp off SU loss + win pct >= .667 (4+ gp),3,46,62,0,24,31,22,31,-0.1595210784082439,108,0.42592592592592593,0.43636363636363634,53,0.41509433962264153,0.1485763476105624,0.4187541882690154,1.0,0.07407407407407407,FADE,True,True,True
pt diff/gm >= +7 (4+ gp) + weeks 13+ (reg) + late afternoon,3,70,53,2,41,30,29,23,0.110178356196064,123,0.5691056910569106,0.5774647887323944,52,0.5576923076923077,0.14881624623838527,0.23509756240834187,1.0,0.06910569105691056,ON,True,True,True
worse record than opp by .3+ + late afternoon,2,116,140,2,70,77,46,63,-0.1265080413648195,256,0.453125,0.47619047619047616,109,0.42201834862385323,0.15043453360128697,0.6208422313416991,1.0,0.046875,FADE,True,True,True
opp off SU loss + win pct >= .667 (4+ gp) + total >=50,3,61,79,0,40,44,21,35,-0.14670575787004342,140,0.4357142857142857,0.47619047619047616,56,0.375,0.15052769717161313,0.7436441861052041,1.0,0.06428571428571428,FADE,True,True,True
off 2 straight ATS losses + pt diff/gm <= -7 (4+ gp) + division game,3,61,79,1,34,48,27,31,-0.15522222369023192,140,0.4357142857142857,0.4146341463414634,58,0.46551724137931033,0.15052769717161313,0.15067520762630385,1.0,0.06428571428571428,FADE,True,True,True
opp off SU loss + dome/closed + opp new starting QB,3,61,79,6,25,33,36,46,-0.1491142514174143,140,0.4357142857142857,0.43103448275862066,82,0.43902439024390244,0.15052769717161313,0.358143301806138,1.0,0.06428571428571428,FADE,True,True,True
off SU loss + dome/closed + new starting QB vs last game,3,79,61,6,33,25,46,36,0.08138881192066232,140,0.5642857142857143,0.5689655172413793,82,0.5609756097560976,0.15052769717161313,0.358143301806138,1.0,0.06428571428571428,ON,True,True,True
fav 10+ + late afternoon,2,88,69,3,48,42,40,27,0.09732388464925021,157,0.5605095541401274,0.5333333333333333,67,0.5970149253731343,0.15061414693468902,0.5984117182335192,1.0,0.060509554140127375,ON,True,True,True
dog 10+ + late afternoon,2,69,88,3,42,48,27,40,-0.15695148546298615,157,0.4394904458598726,0.4666666666666667,67,0.40298507462686567,0.15061414693468902,0.5984117182335192,1.0,0.060509554140127375,FADE,True,True,True
opp made playoffs last yr + final 2 reg weeks,2,96,118,8,61,72,35,46,-0.12594854140858783,214,0.4485981308411215,0.45864661654135336,81,0.43209876543209874,0.15096751781649717,0.38595875434107874,1.0,0.05140186915887851,FADE,True,True,True
away + off 2 straight SU losses + weeks 13+ (reg),3,151,178,9,85,96,66,82,-0.10439616211822485,329,0.45896656534954405,0.4696132596685083,148,0.44594594594594594,0.15162680321499478,0.45739797404871274,1.0,0.04103343465045595,FADE,True,True,True
fav 3.5-6.5 + off ATS win + dome/closed,3,78,98,0,43,53,35,45,-0.13436328857435845,176,0.4431818181818182,0.4479166666666667,80,0.4375,0.1518892414034673,0.3583976321916263,1.0,0.05681818181818182,FADE,True,True,True
dog 3 + off SU loss + off ATS loss,3,108,87,22,68,60,40,27,0.07281402819889467,195,0.5538461538461539,0.53125,67,0.5970149253731343,0.1518944394704296,0.5362687140711064,1.0,0.05384615384615388,ON,True,True,True
opp off ATS miss by 14+ + win pct >= .667 (4+ gp) + weeks 5-12,3,54,71,1,32,40,22,31,-0.15072012472067645,125,0.432,0.4444444444444444,53,0.41509433962264153,0.1521208669667595,0.40957939592707177,1.0,0.068,FADE,True,True,True
away + off 2 straight ATS wins + better record than opp by .3+,3,70,89,4,41,49,29,40,-0.13512950146647576,159,0.44025157232704404,0.45555555555555555,69,0.42028985507246375,0.15321494676013286,0.46079247271897145,1.0,0.05974842767295596,FADE,True,True,True
off ATS loss + made playoffs last yr + total <=41,3,109,88,12,59,50,50,38,0.06853776226240242,197,0.5532994923857868,0.5412844036697247,88,0.5681818181818182,0.1539951547292863,0.4436695012023486,1.0,0.053299492385786795,ON,True,True,True
home + off ATS loss + total >=50,3,108,131,3,64,71,44,60,-0.12744183315400592,239,0.45188284518828453,0.4740740740740741,104,0.4230769230769231,0.15457114715373252,0.6057422651905515,1.0,0.04811715481171547,FADE,True,True,True
off SU win + ATS >= .65 (6+ gp) + non-division,3,193,223,6,106,125,87,98,-0.0957724149329721,416,0.4639423076923077,0.4588744588744589,185,0.4702702702702703,0.15498774091701695,0.2362218783632162,1.0,0.03605769230769229,FADE,True,True,True
opp off SU win + opp ATS >= .65 (6+ gp) + non-division,3,223,193,6,125,106,98,87,0.03727733073679451,416,0.5360576923076923,0.5411255411255411,185,0.5297297297297298,0.15498774091701695,0.2362218783632162,1.0,0.03605769230769229,ON,True,True,True
opp made playoffs last yr + weeks 13+ (reg) + division game,3,130,155,9,79,94,51,61,-0.11086195597312017,285,0.45614035087719296,0.45664739884393063,112,0.45535714285714285,0.15500851362946136,0.28711819509781034,1.0,0.04385964912280704,FADE,True,True,True
off ATS loss + opp off ATS miss by 14+ + 1pm ET window,3,119,143,5,78,86,41,57,-0.11205180394415308,262,0.4541984732824427,0.47560975609756095,98,0.41836734693877553,0.15519918039132657,0.584783499116973,1.0,0.04580152671755727,FADE,True,True,True
worse record than opp by .3+ + 1pm ET window + dome/closed,3,72,55,3,43,30,29,25,0.08559096498687105,127,0.5669291338582677,0.589041095890411,54,0.5370370370370371,0.15540010008390473,0.15971168311801956,1.0,0.06692913385826771,ON,True,True,True
fav + off 2 straight SU losses + 1pm ET window,3,167,195,10,105,124,62,71,-0.09540603491565806,362,0.4613259668508287,0.4585152838427948,133,0.46616541353383456,0.15577681421033193,0.23418356221827022,1.0,0.03867403314917128,FADE,True,True,True
fav + off 2 straight SU wins + dome/closed,3,167,195,6,93,110,74,85,-0.09842811262695471,362,0.4613259668508287,0.458128078817734,159,0.46540880503144655,0.15577681421033193,0.2613960516826494,1.0,0.03867403314917128,FADE,True,True,True
off ATS loss + opp off blowout win (17+) + weeks 5-12,3,89,110,3,54,68,35,42,-0.13524443704782804,199,0.4472361809045226,0.4426229508196721,77,0.45454545454545453,0.1560854757677101,0.23908881247691507,1.0,0.05276381909547739,FADE,True,True,True
off upset win (won as dog) + off ATS cover by 14+ + weeks 5-12,3,89,110,5,55,63,34,47,-0.1270333594814193,199,0.4472361809045226,0.4661016949152542,81,0.41975308641975306,0.1560854757677101,0.5194908187566278,1.0,0.05276381909547739,FADE,True,True,True
home + rest disadv 3+ days + division game,3,63,81,3,41,53,22,28,-0.14353063651624637,144,0.4375,0.43617021276595747,50,0.44,0.15633984208003943,0.25644234893296985,1.0,0.0625,FADE,True,True,True
dog 0.5-2.5 + off upset loss (lost as fav) + off ATS loss,3,81,63,1,44,30,37,33,0.10855211581594049,144,0.5625,0.5945945945945946,70,0.5285714285714286,0.15633984208003943,0.13017768031912758,1.0,0.0625,ON,True,True,True
dog 0.5-2.5 + off upset loss (lost as fav),2,81,63,1,44,30,37,33,0.10855211581594049,144,0.5625,0.5945945945945946,70,0.5285714285714286,0.15633984208003943,0.13017768031912758,1.0,0.0625,ON,True,True,True
away + dog 7+ + off 2 straight ATS wins,3,63,81,8,41,51,22,30,-0.14903580843567307,144,0.4375,0.44565217391304346,52,0.4230769230769231,0.15633984208003943,0.3481412903192068,1.0,0.0625,FADE,True,True,True
away + rest adv 3+ days + division game,3,81,63,3,53,41,28,22,0.09515986226765893,144,0.5625,0.5638297872340425,50,0.56,0.15633984208003943,0.25644234893296985,1.0,0.0625,ON,True,True,True
win pct <= .333 (4+ gp) + non-division + new starting QB vs last game,3,81,63,3,36,27,45,36,0.08542450815342541,144,0.5625,0.5714285714285714,81,0.5555555555555556,0.15633984208003943,0.31350305329645284,1.0,0.0625,ON,True,True,True
off upset loss (lost as fav) + opp off SU loss,2,325,289,16,188,169,137,120,0.031410045170402315,614,0.5293159609120521,0.5266106442577031,257,0.5330739299610895,0.15775110863503103,0.3407726903981396,1.0,0.02931596091205213,ON,True,True,True
off upset loss (lost as fav) + off ATS loss + opp off SU loss,3,325,289,16,188,169,137,120,0.031410045170402315,614,0.5293159609120521,0.5266106442577031,257,0.5330739299610895,0.15775110863503103,0.3407726903981396,1.0,0.02931596091205213,ON,True,True,True
off ATS win + opp off ATS cover by 14+ + weeks 5-12,3,122,100,5,73,58,49,42,0.0672525870153361,222,0.5495495495495496,0.5572519083969466,91,0.5384615384615384,0.15855489498189748,0.22111601916299528,1.0,0.0495495495495496,ON,True,True,True
dog 3.5-6.5 + rest adv 3+ days,2,73,56,0,42,37,31,19,0.09399181820406409,129,0.5658914728682171,0.5316455696202531,50,0.62,0.15865371419232274,0.6529643755164601,1.0,0.06589147286821706,ON,True,True,True
fav 3.5-6.5 + rest disadv 3+ days,2,56,73,0,37,42,19,31,-0.15814305952504998,129,0.43410852713178294,0.46835443037974683,50,0.38,0.15865371419232274,0.6529643755164601,1.0,0.06589147286821706,FADE,True,True,True
away + off blowout win (17+) + division game,3,101,81,4,60,47,41,34,0.07698707038153553,182,0.554945054945055,0.5607476635514018,75,0.5466666666666666,0.15883333227242027,0.24589131461268413,1.0,0.05494505494505497,ON,True,True,True
opp off SU loss + pt diff/gm >= +7 (4+ gp) + weeks 13+ (reg),3,101,81,2,57,51,44,30,0.08690562405251243,182,0.554945054945055,0.5277777777777778,74,0.5945945945945946,0.15883333227242027,0.6306338345308321,1.0,0.05494505494505497,ON,True,True,True
off 1-score loss + off ATS loss + win pct >= .667 (4+ gp),3,101,81,7,58,44,43,37,0.0765603008476107,182,0.554945054945055,0.5686274509803921,80,0.5375,0.15883333227242027,0.19778986306808305,1.0,0.05494505494505497,ON,True,True,True
home + opp off blowout win (17+) + division game,3,81,101,4,47,60,34,41,-0.13317068041074678,182,0.44505494505494503,0.4392523364485981,75,0.4533333333333333,0.15883333227242027,0.24589131461268413,1.0,0.05494505494505497,FADE,True,True,True
win pct <= .333 (4+ gp) + total >=50,2,82,64,3,44,40,38,24,0.08091482505310366,146,0.5616438356164384,0.5238095238095238,62,0.6129032258064516,0.15921582224632172,0.7436441861052041,1.0,0.06164383561643838,ON,True,True,True
opp off blowout loss (17+) + weeks 5-12 + 1pm ET window,3,111,134,3,68,77,43,57,-0.11307656131315652,245,0.4530612244897959,0.4689655172413793,100,0.43,0.15972595314862986,0.5065964185708862,1.0,0.04693877551020409,FADE,True,True,True
off blowout loss (17+) + weeks 5-12 + 1pm ET window,3,134,111,3,77,68,57,43,0.05954867955175705,245,0.5469387755102041,0.5310344827586206,100,0.57,0.15972595314862986,0.5065964185708862,1.0,0.04693877551020409,ON,True,True,True
dog + opp off bye + opp off SU loss,3,65,49,4,34,29,31,20,0.10205973911391023,114,0.5701754385964912,0.5396825396825397,51,0.6078431372549019,0.1597615077850186,0.6146550157654618,1.0,0.07017543859649122,ON,True,True,True
fav + off bye + off SU loss,3,49,65,4,29,34,20,31,-0.15617355056655832,114,0.4298245614035088,0.4603174603174603,51,0.39215686274509803,0.1597615077850186,0.6146550157654618,1.0,0.07017543859649122,FADE,True,True,True
away + ATS >= .65 (6+ gp),2,185,214,11,102,120,83,94,-0.0957595060517805,399,0.46365914786967416,0.4594594594594595,177,0.4689265536723164,0.16090467296284708,0.2538314824937377,1.0,0.03634085213032584,FADE,True,True,True
home + opp ATS >= .65 (6+ gp),2,214,185,11,120,102,94,83,0.0370905800716016,399,0.5363408521303258,0.5405405405405406,177,0.5310734463276836,0.16090467296284708,0.2538314824937377,1.0,0.036340852130325785,ON,True,True,True
off 2 straight SU wins + opp made playoffs last yr + division game,3,73,92,9,48,58,25,34,-0.12918999070407794,165,0.44242424242424244,0.4528301886792453,59,0.423728813559322,0.16092184628215234,0.38212581052922,1.0,0.05757575757575756,FADE,True,True,True
home + off SU win + opp ATS >= .65 (6+ gp),3,113,92,5,61,47,52,45,0.06543872512589212,205,0.551219512195122,0.5648148148148148,97,0.5360824742268041,0.16229353786914655,0.210765793978782,1.0,0.051219512195122,ON,True,True,True
off ATS loss + opp off ATS cover by 14+ + weeks 5-12,3,92,113,4,56,69,36,44,-0.13052043883708278,205,0.44878048780487806,0.448,80,0.45,0.16229353786914655,0.2830852395827476,1.0,0.05121951219512194,FADE,True,True,True
away + opp off SU win + ATS >= .65 (6+ gp),3,92,113,5,47,61,45,52,-0.12847223324210968,205,0.44878048780487806,0.4351851851851852,97,0.4639175257731959,0.16229353786914655,0.210765793978782,1.0,0.05121951219512194,FADE,True,True,True
opp off SU loss + win pct <= .35 last yr + division game,3,161,136,11,90,80,71,56,0.05320861905093471,297,0.5420875420875421,0.5294117647058824,127,0.5590551181102362,0.1636235376868416,0.49013856710390047,1.0,0.04208754208754206,ON,True,True,True
off ATS cover by 14+ + win pct >= .667 (4+ gp) + 1pm ET window,3,58,75,3,33,44,25,31,-0.14741890028471558,133,0.43609022556390975,0.42857142857142855,56,0.44642857142857145,0.16508338915578696,0.2543046661477,1.0,0.06390977443609025,FADE,True,True,True
home + weeks 13+ (reg) + dome/closed,3,189,162,8,94,82,95,80,0.04699948319272275,351,0.5384615384615384,0.5340909090909091,175,0.5428571428571428,0.16511210963963455,0.4070872345039546,1.0,0.038461538461538436,ON,True,True,True
away + weeks 13+ (reg) + dome/closed,3,162,189,8,82,94,80,95,-0.09721080335464881,351,0.46153846153846156,0.4659090909090909,175,0.45714285714285713,0.16511210963963455,0.4070872345039546,1.0,0.038461538461538436,FADE,True,True,True
dog 7+ + off SU loss + ATS <= .35 (6+ gp),3,104,84,5,63,57,41,27,0.05590270872297954,188,0.5531914893617021,0.525,68,0.6029411764705882,0.16566117169897776,0.6482600518210054,1.0,0.05319148936170215,ON,True,True,True
fav 7+ + opp off SU loss + opp ATS <= .35 (6+ gp),3,84,104,5,57,63,27,41,-0.11338463293936087,188,0.44680851063829785,0.475,68,0.39705882352941174,0.16566117169897776,0.6482600518210054,1.0,0.05319148936170215,FADE,True,True,True
fav 7+ + pt diff/gm >= +7 (4+ gp) + division game,3,94,75,10,55,45,39,30,0.08928790419587221,169,0.5562130177514792,0.55,69,0.5652173913043478,0.1659793088829046,0.36820161732669604,1.0,0.056213017751479244,ON,True,True,True
fav 7+ + off ATS win + ATS >= .65 (6+ gp),3,75,94,4,46,56,29,38,-0.12731349699784936,169,0.4437869822485207,0.45098039215686275,67,0.43283582089552236,0.1659793088829046,0.37294366808362983,1.0,0.0562130177514793,FADE,True,True,True
home + weeks 1-4 + 1pm ET window,3,235,267,9,141,160,94,107,-0.08461662920361297,502,0.4681274900398406,0.4684385382059801,201,0.46766169154228854,0.16641741744750707,0.29949195231293035,1.0,0.03187250996015939,FADE,True,True,True
away + weeks 1-4 + 1pm ET window,3,267,235,9,160,141,107,94,0.03596177270246776,502,0.5318725099601593,0.53156146179402,201,0.5323383084577115,0.16641741744750707,0.29949195231293035,1.0,0.031872509960159334,ON,True,True,True
fav 3.5-6.5 + opp off SU loss + weeks 1-4,3,67,85,1,41,48,26,37,-0.13374143775724795,152,0.4407894736842105,0.4606741573033708,63,0.4126984126984127,0.1677219931791975,0.5250147872924263,1.0,0.05921052631578949,FADE,True,True,True
fav + playoffs + non-division,3,67,85,2,42,47,25,38,-0.14193524068865462,152,0.4407894736842105,0.47191011235955055,63,0.3968253968253968,0.1677219931791975,0.6718086491746105,1.0,0.05921052631578949,FADE,True,True,True
dog + playoffs + non-division,3,85,67,2,47,42,38,25,0.08592273124917936,152,0.5592105263157895,0.5280898876404494,63,0.6031746031746031,0.1677219931791975,0.6718086491746105,1.0,0.05921052631578949,ON,True,True,True
dog 3.5-6.5 + off SU loss + weeks 1-4,3,85,67,1,48,41,37,26,0.08596160235812392,152,0.5592105263157895,0.5393258426966292,63,0.5873015873015873,0.1677219931791975,0.5250147872924263,1.0,0.05921052631578949,ON,True,True,True
off 2 straight ATS wins + opp off SU loss + opp ATS <= .35 (6+ gp),3,59,76,4,40,44,19,32,-0.13852323740000863,135,0.43703703703703706,0.47619047619047616,51,0.37254901960784315,0.16825920465992453,0.7436441861052041,1.0,0.06296296296296294,FADE,True,True,True
off ATS miss by 14+ + opp off SU loss + weeks 5-12,3,116,95,6,68,52,48,43,0.0680376703205718,211,0.5497630331753555,0.5666666666666667,91,0.5274725274725275,0.16840642629329217,0.17064521313035166,1.0,0.049763033175355464,ON,True,True,True
off SU loss + opp off ATS miss by 14+ + weeks 5-12,3,95,116,6,52,68,43,48,-0.12081284472258304,211,0.45023696682464454,0.43333333333333335,91,0.4725274725274725,0.16840642629329217,0.17064521313035166,1.0,0.049763033175355464,FADE,True,True,True
away + off 1-score loss + off ATS loss,3,341,305,21,195,173,146,132,0.025839282468387535,646,0.5278637770897833,0.529891304347826,278,0.5251798561151079,0.16844558867890325,0.2736265955056988,1.0,0.02786377708978327,ON,True,True,True
fav + off upset win (won as dog) + made playoffs last yr,3,128,106,8,71,56,57,50,0.06619385541463381,234,0.5470085470085471,0.5590551181102362,107,0.5327102803738317,0.16967644986005453,0.21396515403542085,1.0,0.047008547008547064,ON,True,True,True
dog + off 2 straight SU wins + division game,3,106,128,8,62,78,44,50,-0.11353902553274274,234,0.452991452991453,0.44285714285714284,94,0.46808510638297873,0.16967644986005453,0.2047319763305935,1.0,0.04700854700854701,FADE,True,True,True
rest disadv 3+ days + off SU loss + opp off SU loss,3,117,96,6,71,58,46,38,0.06691756276528614,213,0.5492957746478874,0.5503875968992248,84,0.5476190476190477,0.17042278392920943,0.2906878547807367,1.0,0.04929577464788737,ON,True,True,True
rest adv 3+ days + off SU loss + opp off SU loss,3,96,117,6,58,71,38,46,-0.11737917902141713,213,0.4507042253521127,0.4496124031007752,84,0.4523809523809524,0.17042278392920943,0.2906878547807367,1.0,0.049295774647887314,FADE,True,True,True
off 2 straight ATS wins + opp off SU loss + opp made playoffs last yr,3,68,86,6,37,49,31,37,-0.1351439575519803,154,0.44155844155844154,0.43023255813953487,68,0.45588235294117646,0.17051654860818807,0.2353798622110552,1.0,0.05844155844155846,FADE,True,True,True
dog + playoffs,2,96,77,3,51,44,45,33,0.07723208773329143,173,0.5549132947976878,0.5368421052631579,78,0.5769230769230769,0.17097186370126674,0.538394026292168,1.0,0.054913294797687806,ON,True,True,True
fav + playoffs,2,77,96,3,44,51,33,45,-0.13276371646319426,173,0.44508670520231214,0.4631578947368421,78,0.4230769230769231,0.17097186370126674,0.538394026292168,1.0,0.05491329479768786,FADE,True,True,True
fav + off 2 straight SU losses + opp off blowout loss (17+),3,60,77,3,35,45,25,32,-0.1389163114730659,137,0.43795620437956206,0.4375,57,0.43859649122807015,0.17140890326024466,0.31430657986393706,1.0,0.062043795620437936,FADE,True,True,True
rest adv 3+ days + weeks 5-12 + dome/closed,3,77,60,1,43,34,34,26,0.09278304094672608,137,0.5620437956204379,0.5584415584415584,60,0.5666666666666667,0.17140890326024466,0.36203179773966154,1.0,0.062043795620437936,ON,True,True,True
rest disadv 3+ days + weeks 5-12 + dome/closed,3,60,77,1,34,43,26,34,-0.14367944922896678,137,0.43795620437956206,0.44155844155844154,60,0.43333333333333335,0.17140890326024466,0.36203179773966154,1.0,0.062043795620437936,FADE,True,True,True
off 2 straight ATS losses + win pct >= .667 (4+ gp) + weeks 5-12,3,60,45,4,28,19,32,26,0.1093283105614459,105,0.5714285714285714,0.5957446808510638,58,0.5517241379310345,0.17156469715424233,0.24296021728332556,1.0,0.0714285714285714,ON,True,True,True
dog + ATS <= .35 (6+ gp) + made playoffs last yr,3,87,69,5,47,40,40,29,0.07711616889132698,156,0.5576923076923077,0.5402298850574713,69,0.5797101449275363,0.17329061816573235,0.5202915935750735,1.0,0.05769230769230771,ON,True,True,True
off bye + off ATS loss,2,108,130,8,69,80,39,50,-0.1143563602124903,238,0.453781512605042,0.46308724832214765,89,0.43820224719101125,0.17331371005499496,0.41274255882414196,1.0,0.046218487394957986,FADE,True,True,True
rest disadv 3+ days + off SU win + off ATS win,3,169,196,5,103,118,66,78,-0.09981636775250895,365,0.46301369863013697,0.4660633484162896,144,0.4583333333333333,0.17346110944948315,0.34634647690632486,1.0,0.03698630136986303,FADE,True,True,True
off SU loss + off ATS miss by 14+ + opp made playoffs last yr,3,98,119,5,59,74,39,45,-0.11921850020521813,217,0.45161290322580644,0.44360902255639095,84,0.4642857142857143,0.17442351224521452,0.22462992985836275,1.0,0.04838709677419356,FADE,True,True,True
off ATS miss by 14+ + opp made playoffs last yr,2,98,119,5,59,74,39,45,-0.11921850020521813,217,0.45161290322580644,0.44360902255639095,84,0.4642857142857143,0.17442351224521452,0.22462992985836275,1.0,0.04838709677419356,FADE,True,True,True
dog 7+ + weeks 5-12 + dome/closed,3,78,61,3,41,31,37,30,0.07296216880383781,139,0.5611510791366906,0.5694444444444444,67,0.5522388059701493,0.17453244937059004,0.2887842804141049,1.0,0.0611510791366906,ON,True,True,True
fav 7+ + weeks 5-12 + dome/closed,3,61,78,3,31,41,30,37,-0.14034825751071525,139,0.43884892086330934,0.4305555555555556,67,0.44776119402985076,0.17453244937059004,0.2887842804141049,1.0,0.061151079136690656,FADE,True,True,True
off 2 straight ATS wins + ATS >= .65 (6+ gp) + made playoffs last yr,3,88,108,3,48,59,40,49,-0.12279478992343743,196,0.4489795918367347,0.4485981308411215,89,0.449438202247191,0.17458216426608178,0.33370511619743876,1.0,0.05102040816326531,FADE,True,True,True
away + fav 3.5-6.5 + off ATS loss,3,108,88,2,60,49,48,39,0.07672811025764344,196,0.5510204081632653,0.5504587155963303,87,0.5517241379310345,0.17458216426608178,0.3381854121966612,1.0,0.05102040816326525,ON,True,True,True
dog 10+ + off 2 straight SU losses + weeks 13+ (reg),3,46,61,3,23,31,23,30,-0.17186112919021632,107,0.42990654205607476,0.42592592592592593,53,0.4339622641509434,0.17564027334487992,0.3408909412200971,1.0,0.07009345794392524,FADE,True,True,True
off 2 straight SU losses + weeks 1-4 + non-division,3,98,79,3,51,46,47,33,0.07110342182873815,177,0.5536723163841808,0.5257731958762887,80,0.5875,0.17589930239341037,0.6848587772144039,1.0,0.053672316384180796,ON,True,True,True
away + pt diff/gm >= +7 (4+ gp) + weeks 13+ (reg),3,98,79,2,56,50,42,29,0.08061216236476001,177,0.5536723163841808,0.5283018867924528,71,0.5915492957746479,0.17589930239341037,0.627430977078634,1.0,0.053672316384180796,ON,True,True,True
opp off SU loss + win pct >= .667 (4+ gp) + opp made playoffs last yr,3,70,88,4,36,50,34,38,-0.13253713564990058,158,0.4430379746835443,0.4186046511627907,72,0.4722222222222222,0.1760441896723597,0.16057841913397977,1.0,0.05696202531645572,FADE,True,True,True
away + off upset loss (lost as fav) + opp off SU win,3,170,145,13,99,87,71,58,0.04498365844606457,315,0.5396825396825397,0.532258064516129,129,0.5503875968992248,0.1762018418932653,0.4199949098683647,1.0,0.03968253968253965,ON,True,True,True
away + late afternoon + total <=41,3,89,109,6,55,69,34,40,-0.12344596238051352,198,0.4494949494949495,0.4435483870967742,74,0.4594594594594595,0.17677965404809967,0.24292283198051148,1.0,0.0505050505050505,FADE,True,True,True
home + late afternoon + total <=41,3,109,89,6,69,55,40,34,0.06845210397230934,198,0.5505050505050505,0.5564516129032258,74,0.5405405405405406,0.17677965404809967,0.24292283198051148,1.0,0.0505050505050505,ON,True,True,True
dog 3.5-6.5 + opp off SU loss + made playoffs last yr,3,70,54,0,40,32,30,22,0.09439015443854533,124,0.5645161290322581,0.5555555555555556,52,0.5769230769230769,0.17773167761166417,0.40957939592707177,1.0,0.06451612903225812,ON,True,True,True
fav 7+ + off 2 straight SU wins + better record than opp by .3+,3,122,145,4,69,84,53,61,-0.1040778773045367,267,0.45692883895131087,0.45098039215686275,114,0.4649122807017544,0.17807088068869922,0.25763377654672226,1.0,0.04307116104868913,FADE,True,True,True
dog 7+ + made playoffs last yr + non-division,3,89,71,2,52,41,37,30,0.06685077504638076,160,0.55625,0.5591397849462365,67,0.5522388059701493,0.17877726804917515,0.29973169689703033,1.0,0.05625000000000002,ON,True,True,True
dog + off ATS miss by 14+ + total <=41,3,62,47,3,32,20,30,27,0.09306915714075092,109,0.5688073394495413,0.6153846153846154,57,0.5263157894736842,0.17967107079467196,0.12634707581392135,1.0,0.06880733944954132,ON,True,True,True
fav + opp off ATS miss by 14+ + total <=41,3,47,62,3,20,32,27,30,-0.16440018128593373,109,0.43119266055045874,0.38461538461538464,57,0.47368421052631576,0.17967107079467196,0.12634707581392135,1.0,0.06880733944954126,FADE,True,True,True
dog + off 2 straight ATS losses + 1pm ET window,3,266,235,15,162,144,104,91,0.02795751159381879,501,0.530938123752495,0.5294117647058824,195,0.5333333333333333,0.18008986320873363,0.3311453468825241,1.0,0.03093812375249505,ON,True,True,True
dog 0.5-2.5 + off ATS loss + division game,3,80,63,2,41,34,39,29,0.10578074159684982,143,0.5594405594405595,0.5466666666666666,68,0.5735294117647058,0.18070108584148603,0.48868297090314317,1.0,0.05944055944055948,ON,True,True,True
dog 7+ + off 2 straight ATS wins,2,81,100,9,48,60,33,40,-0.13134046797598198,181,0.44751381215469616,0.4444444444444444,73,0.4520547945205479,0.18076160320203438,0.2897982154050607,1.0,0.052486187845303844,FADE,True,True,True
off ATS win + opp off SU loss + pt diff/gm <= -7 (4+ gp),3,81,100,6,50,56,31,44,-0.1250633052966593,181,0.44751381215469616,0.4716981132075472,75,0.41333333333333333,0.18076160320203438,0.627430977078634,1.0,0.052486187845303844,FADE,True,True,True
away + off upset win (won as dog) + opp off SU win,3,136,160,10,80,95,56,65,-0.10420508140995859,296,0.4594594594594595,0.45714285714285713,121,0.4628099173553719,0.181175894177898,0.2898925237752056,1.0,0.040540540540540515,FADE,True,True,True
better record than opp by .3+ + 1pm ET window + dome/closed,3,55,71,3,30,42,25,29,-0.14145267560017222,126,0.4365079365079365,0.4166666666666667,54,0.46296296296296297,0.18122406088142368,0.1945051658673991,1.0,0.06349206349206349,FADE,True,True,True
fav 3,1,253,285,53,149,168,104,117,-0.07757502110419903,538,0.47026022304832715,0.47003154574132494,221,0.47058823529411764,0.18133122808670837,0.3120233664996723,1.0,0.029739776951672847,FADE,True,True,True
dog 3,1,285,253,53,168,149,117,104,0.03435122006204356,538,0.5297397769516728,0.5299684542586751,221,0.5294117647058824,0.18133122808670837,0.3120233664996723,1.0,0.029739776951672847,ON,True,True,True
off SU win + off ATS win + opp ATS >= .65 (6+ gp),3,188,162,8,105,90,83,72,0.041228062545145036,350,0.5371428571428571,0.5384615384615384,155,0.535483870967742,0.18136775342071118,0.31607312611901267,1.0,0.037142857142857144,ON,True,True,True
home + off SU win + outdoor <=35F,3,90,72,5,45,38,45,34,0.07590101909373205,162,0.5555555555555556,0.5421686746987951,79,0.569620253164557,0.18148987392878657,0.5104099416812344,1.0,0.05555555555555558,ON,True,True,True
away + opp off SU win + outdoor <=35F,3,72,90,5,38,45,34,45,-0.12917307690562838,162,0.4444444444444444,0.4578313253012048,79,0.43037974683544306,0.18148987392878657,0.5104099416812344,1.0,0.05555555555555558,FADE,True,True,True
home + win pct >= .667 (4+ gp) + non-division,3,304,271,8,172,154,132,117,0.026942846202069878,575,0.528695652173913,0.5276073619631901,249,0.5301204819277109,0.18199320556773652,0.34644120907129866,1.0,0.02869565217391301,ON,True,True,True
home + rest disadv 3+ days + off SU win,3,102,123,4,63,72,39,51,-0.11664198542406246,225,0.4533333333333333,0.4666666666666667,90,0.43333333333333335,0.1822969969092855,0.4912624577829227,1.0,0.04666666666666669,FADE,True,True,True
away + rest adv 3+ days + opp off SU win,3,123,102,4,72,63,51,39,0.057564654422212466,225,0.5466666666666666,0.5333333333333333,90,0.5666666666666667,0.1822969969092855,0.4912624577829227,1.0,0.046666666666666634,ON,True,True,True
away + fav + off upset loss (lost as fav),3,148,125,7,79,65,69,60,0.05703364940633423,273,0.5421245421245421,0.5486111111111112,129,0.5348837209302325,0.1829214350544694,0.27861454634422145,1.0,0.042124542124542086,ON,True,True,True
off upset win (won as dog) + off 2 straight ATS wins + weeks 5-12,3,148,125,12,89,77,59,48,0.05256275338604707,273,0.5421245421245421,0.536144578313253,107,0.5514018691588785,0.1829214350544694,0.3933012967183943,1.0,0.042124542124542086,ON,True,True,True
off SU win + off 2 straight ATS losses + win pct >= .667 (4+ gp),3,63,48,3,29,21,34,27,0.10203478665517118,111,0.5675675675675675,0.58,61,0.5573770491803278,0.18365717190177477,0.3222363203575469,1.0,0.06756756756756754,ON,True,True,True
fav + off SU loss + opp made playoffs last yr,3,73,91,3,43,49,30,42,-0.13652957183160913,164,0.4451219512195122,0.4673913043478261,72,0.4166666666666667,0.18418204236683927,0.6024122776961505,1.0,0.0548780487804878,FADE,True,True,True
dog 7+ + off ATS loss + win pct <= .35 last yr,3,124,103,4,65,55,59,48,0.04284688913457722,227,0.5462555066079295,0.5416666666666666,107,0.5514018691588785,0.18423875257376615,0.4114232202639375,1.0,0.04625550660792954,ON,True,True,True
off upset win (won as dog) + opp new starting QB,2,72,56,3,41,34,31,22,0.09415184629824841,128,0.5625,0.5466666666666666,53,0.5849056603773585,0.184682627059663,0.48868297090314317,1.0,0.0625,ON,True,True,True
off upset win (won as dog) + off ATS win + opp new starting QB,3,72,56,3,41,34,31,22,0.09415184629824841,128,0.5625,0.5466666666666666,53,0.5849056603773585,0.184682627059663,0.48868297090314317,1.0,0.0625,ON,True,True,True
off 2 straight SU losses + worse record than opp by .3+ + dome/closed,3,56,72,2,27,37,29,35,-0.15863443903371074,128,0.4375,0.421875,64,0.453125,0.184682627059663,0.26043547657665356,1.0,0.0625,FADE,True,True,True
off SU win + win pct <= .35 last yr + dome/closed,3,102,83,3,49,42,53,41,0.06863261448017241,185,0.5513513513513514,0.5384615384615384,94,0.5638297872340425,0.18555890492457616,0.5296020954762445,1.0,0.05135135135135138,ON,True,True,True
fav + off 2 straight ATS losses + dome/closed,3,102,83,3,50,39,52,44,0.07202317263694531,185,0.5513513513513514,0.5617977528089888,96,0.5416666666666666,0.18555890492457616,0.28909608069606096,1.0,0.05135135135135138,ON,True,True,True
fav + off 1-score loss + weeks 1-4,3,83,102,5,49,59,34,43,-0.12139563724378954,185,0.4486486486486487,0.4537037037037037,77,0.44155844155844154,0.18555890492457616,0.3865726089882609,1.0,0.051351351351351326,FADE,True,True,True
rest adv 3+ days + opp off SU loss + 1pm ET window,3,115,137,7,73,84,42,53,-0.10034022529783661,252,0.45634920634920634,0.46496815286624205,95,0.4421052631578947,0.18576805752238648,0.4249115601338557,1.0,0.04365079365079366,FADE,True,True,True
rest disadv 3+ days + off SU loss + 1pm ET window,3,137,115,7,84,73,53,42,0.05696927962992886,252,0.5436507936507936,0.535031847133758,95,0.5578947368421052,0.18576805752238648,0.4249115601338557,1.0,0.04365079365079361,ON,True,True,True
away + off upset loss (lost as fav) + off ATS miss by 14+,3,137,115,5,84,72,53,43,0.05746450908249583,252,0.5436507936507936,0.5384615384615384,96,0.5520833333333334,0.18576805752238648,0.3785370170481052,1.0,0.04365079365079361,ON,True,True,True
opp off bye + off ATS loss + non-division,3,65,82,6,35,45,30,37,-0.13461196366504233,147,0.4421768707482993,0.4375,67,0.44776119402985076,0.186765369812017,0.31430657986393706,1.0,0.05782312925170069,FADE,True,True,True
away + off 2 straight SU losses + new starting QB vs last game,3,74,92,4,42,48,32,44,-0.13646823752188758,166,0.4457831325301205,0.4666666666666667,76,0.42105263157894735,0.1868538216468365,0.5984117182335192,1.0,0.054216867469879526,FADE,True,True,True
off blowout loss (17+) + 1pm ET window + division game,3,114,94,1,64,55,50,39,0.06257920726008592,208,0.5480769230769231,0.5378151260504201,89,0.5617977528089888,0.1875708463740632,0.4634881766227642,1.0,0.04807692307692313,ON,True,True,True
off ATS cover by 14+ + opp off SU win + win pct >= .667 (4+ gp),3,94,114,2,49,64,45,50,-0.12219855163921134,208,0.4519230769230769,0.4336283185840708,95,0.47368421052631576,0.1875708463740632,0.1875987247457759,1.0,0.04807692307692307,FADE,True,True,True
opp off blowout loss (17+) + 1pm ET window + division game,3,94,114,1,55,64,39,50,-0.11404428553348385,208,0.4519230769230769,0.46218487394957986,89,0.43820224719101125,0.1875708463740632,0.4634881766227642,1.0,0.04807692307692307,FADE,True,True,True
off 2 straight ATS wins + opp off SU win + playoffs,3,49,64,0,27,34,22,30,-0.15242493245414998,113,0.4336283185840708,0.4426229508196721,52,0.4230769230769231,0.1875987247457759,0.4426260049464714,1.0,0.0663716814159292,FADE,True,True,True
off 2 straight ATS wins + ATS >= .65 (6+ gp) + non-division,3,128,151,3,70,79,58,72,-0.1039064513760764,279,0.45878136200716846,0.4697986577181208,130,0.4461538461538462,0.1877067454980802,0.5123564769095188,1.0,0.04121863799283154,FADE,True,True,True
off SU loss + off 2 straight ATS losses + opp off ATS miss by 14+,3,84,103,6,52,61,32,42,-0.12122097164017524,187,0.44919786096256686,0.46017699115044247,74,0.43243243243243246,0.1879332627414172,0.4518532686657418,1.0,0.050802139037433136,FADE,True,True,True
off 2 straight SU wins + opp off blowout loss (17+) + made playoffs last yr,3,57,73,0,33,41,24,32,-0.14623483534512385,130,0.43846153846153846,0.44594594594594594,56,0.42857142857142855,0.18810748401589167,0.4159851975073046,1.0,0.06153846153846154,FADE,True,True,True
ATS >= .65 (6+ gp) + made playoffs last yr + division game,3,57,73,8,31,44,26,29,-0.1355977179898071,130,0.43846153846153846,0.41333333333333333,55,0.4727272727272727,0.18810748401589167,0.16542794172425662,1.0,0.06153846153846154,FADE,True,True,True
home + off upset win (won as dog) + win pct <= .35 last yr,3,75,93,4,39,53,36,40,-0.12854088260111662,168,0.44642857142857145,0.42391304347826086,76,0.47368421052631576,0.1895052721714436,0.17498389846296178,1.0,0.05357142857142855,FADE,True,True,True
off ATS loss + worse record than opp by .3+ + non-division,3,180,155,8,108,91,72,64,0.03273103637398424,335,0.5373134328358209,0.542713567839196,136,0.5294117647058824,0.18969092553334235,0.25665059122063877,1.0,0.03731343283582089,ON,True,True,True
home + fav 0.5-2.5 + off SU loss,3,106,127,0,63,75,43,52,-0.13119754120980767,233,0.45493562231759654,0.45652173913043476,95,0.45263157894736844,0.19000041751490285,0.34911516637678036,1.0,0.045064377682403456,FADE,True,True,True
dog 7+ + worse record than opp by .3+ + weeks 13+ (reg),3,106,127,4,60,67,46,60,-0.12544564160527366,233,0.45493562231759654,0.47244094488188976,106,0.4339622641509434,0.19000041751490285,0.5946154859354935,1.0,0.045064377682403456,FADE,True,True,True
away + dog 0.5-2.5 + opp off SU loss,3,127,106,0,75,63,52,43,0.08371488409193743,233,0.5450643776824035,0.5434782608695652,95,0.5473684210526316,0.19000041751490285,0.34911516637678036,1.0,0.045064377682403456,ON,True,True,True
fav 7+ + better record than opp by .3+ + weeks 13+ (reg),3,127,106,4,67,60,60,46,0.06780058576379712,233,0.5450643776824035,0.5275590551181102,106,0.5660377358490566,0.19000041751490285,0.5946154859354935,1.0,0.045064377682403456,ON,True,True,True
fav 9+ + opp off SU loss + weeks 5-12,3,85,104,4,51,60,34,44,-0.11062129369727347,189,0.4497354497354497,0.4594594594594595,78,0.4358974358974359,0.1902914841459104,0.44780613214374815,1.0,0.05026455026455029,FADE,True,True,True
dog 9+ + off SU loss + weeks 5-12,3,104,85,4,60,51,44,34,0.05300602535193227,189,0.5502645502645502,0.5405405405405406,78,0.5641025641025641,0.1902914841459104,0.44780613214374815,1.0,0.050264550264550234,ON,True,True,True
dog + ATS >= .65 (6+ gp) + 1pm ET window,3,50,65,3,28,34,22,31,-0.1447581602914996,115,0.43478260869565216,0.45161290322580644,53,0.41509433962264153,0.19149593512028162,0.52577336017565,1.0,0.06521739130434784,FADE,True,True,True
fav + opp ATS >= .65 (6+ gp) + 1pm ET window,3,65,50,3,34,28,31,22,0.08827147534197963,115,0.5652173913043478,0.5483870967741935,53,0.5849056603773585,0.19149593512028162,0.52577336017565,1.0,0.06521739130434778,ON,True,True,True
fav 9+ + weeks 13+ (reg) + division game,3,74,58,4,44,33,30,25,0.0974318508391294,132,0.5606060606060606,0.5714285714285714,55,0.5454545454545454,0.1914987718734708,0.2543046661477,1.0,0.06060606060606055,ON,True,True,True
dog 9+ + weeks 13+ (reg) + division game,3,58,74,4,33,44,25,30,-0.1533263110671512,132,0.4393939393939394,0.42857142857142855,55,0.45454545454545453,0.1914987718734708,0.2543046661477,1.0,0.06060606060606061,FADE,True,True,True
dog 9+ + win pct <= .333 (4+ gp) + division game,3,58,74,4,37,43,21,31,-0.15367514950182692,132,0.4393939393939394,0.4625,52,0.40384615384615385,0.1914987718734708,0.5764306261883931,1.0,0.06060606060606061,FADE,True,True,True
rest disadv 3+ days + off ATS loss + 1pm ET window,3,128,107,6,79,64,49,43,0.05852241719097389,235,0.5446808510638298,0.5524475524475524,92,0.532608695652174,0.19189985374432791,0.24160419524510135,1.0,0.044680851063829796,ON,True,True,True
fav + week 1,2,107,128,4,62,77,45,51,-0.1098786149050903,235,0.4553191489361702,0.4460431654676259,96,0.46875,0.19189985374432791,0.23493150329059714,1.0,0.044680851063829796,FADE,True,True,True
dog + week 1,2,128,107,4,77,62,51,45,0.05855505593732733,235,0.5446808510638298,0.5539568345323741,96,0.53125,0.19189985374432791,0.23493150329059714,1.0,0.044680851063829796,ON,True,True,True
dog + weeks 13+ (reg) + outdoor <=35F,3,86,105,2,49,56,37,49,-0.1235361647363555,191,0.450261780104712,0.4666666666666667,86,0.43023255813953487,0.19263362197418868,0.5583942911655911,1.0,0.04973821989528798,FADE,True,True,True
fav + weeks 13+ (reg) + outdoor <=35F,3,105,86,2,56,49,49,37,0.06642833627716196,191,0.5497382198952879,0.5333333333333333,86,0.5697674418604651,0.19263362197418868,0.5583942911655911,1.0,0.04973821989528793,ON,True,True,True
opp off bye + off SU loss + off ATS loss,3,105,86,9,62,52,43,34,0.06466889413748758,191,0.5497382198952879,0.543859649122807,77,0.5584415584415584,0.19263362197418868,0.3993731868805379,1.0,0.04973821989528793,ON,True,True,True
away + win pct >= .667 (4+ gp) + primetime,3,97,117,4,54,67,43,50,-0.11670302892188782,214,0.4532710280373832,0.4462809917355372,93,0.46236559139784944,0.19388944511670775,0.2752533344023912,1.0,0.04672897196261683,FADE,True,True,True
away + off 2 straight SU wins + off ATS cover by 14+,3,120,142,8,71,85,49,57,-0.1052153138329316,262,0.4580152671755725,0.4551282051282051,106,0.46226415094339623,0.1944024798524062,0.29793364454191973,1.0,0.041984732824427495,FADE,True,True,True
late afternoon + East team at West coast,2,95,77,4,54,46,41,31,0.06595136035759856,172,0.5523255813953488,0.54,72,0.5694444444444444,0.19474748306428247,0.48411841360729163,1.0,0.05232558139534882,ON,True,True,True
late afternoon + non-division + East team at West coast,3,95,77,4,54,46,41,31,0.06595136035759856,172,0.5523255813953488,0.54,72,0.5694444444444444,0.19474748306428247,0.48411841360729163,1.0,0.05232558139534882,ON,True,True,True
away + late afternoon + East team at West coast,3,95,77,4,54,46,41,31,0.06595136035759856,172,0.5523255813953488,0.54,72,0.5694444444444444,0.19474748306428247,0.48411841360729163,1.0,0.05232558139534882,ON,True,True,True
off SU win + opp ATS >= .65 (6+ gp) + dome/closed,3,75,59,2,39,30,36,29,0.0837778205563437,134,0.5597014925373134,0.5652173913043478,65,0.5538461538461539,0.19485665950707512,0.3355576182340152,1.0,0.05970149253731338,ON,True,True,True
opp off SU win + ATS >= .65 (6+ gp) + dome/closed,3,59,75,2,30,39,29,36,-0.14563713374438284,134,0.44029850746268656,0.43478260869565216,65,0.4461538461538462,0.19485665950707512,0.3355576182340152,1.0,0.05970149253731344,FADE,True,True,True
ATS >= .65 (6+ gp) + opp made playoffs last yr + non-division,3,59,75,2,37,45,22,30,-0.14456594889361243,134,0.44029850746268656,0.45121951219512196,52,0.4230769230769231,0.19485665950707512,0.439705429185822,1.0,0.05970149253731344,FADE,True,True,True
fav 0.5-2.5 + off ATS loss + opp off SU loss,3,87,106,2,40,52,47,54,-0.13617370165405315,193,0.45077720207253885,0.43478260869565216,101,0.46534653465346537,0.1949597353236197,0.2513221034748543,1.0,0.04922279792746115,FADE,True,True,True
off 2 straight ATS losses + win pct <= .333 (4+ gp) + new starting QB vs last game,3,51,66,3,29,37,22,29,-0.1527554440907762,117,0.4358974358974359,0.4393939393939394,51,0.43137254901960786,0.1953490594045784,0.3890524605477928,1.0,0.0641025641025641,FADE,True,True,True
pt diff/gm >= +7 (4+ gp) + made playoffs last yr + playoffs,3,51,66,2,29,36,22,30,-0.15046795335401067,117,0.4358974358974359,0.4461538461538462,52,0.4230769230769231,0.1953490594045784,0.45702078541058977,1.0,0.0641025641025641,FADE,True,True,True
rest disadv 3+ days + off 2 straight SU losses,2,130,109,8,81,68,49,41,0.05647641575138312,239,0.5439330543933054,0.5436241610738255,90,0.5444444444444444,0.19566722544182194,0.32558038049943555,1.0,0.043933054393305415,ON,True,True,True
away + off ATS win + primetime,3,174,200,12,91,106,83,94,-0.09409280590277017,374,0.46524064171123,0.4619289340101523,177,0.4689265536723164,0.19604152969692418,0.3185443080515233,1.0,0.034759358288770026,FADE,True,True,True
off upset win (won as dog) + made playoffs last yr,2,216,189,12,118,105,98,84,0.03726431934235364,405,0.5333333333333333,0.5291479820627802,182,0.5384615384615384,0.19631291500238565,0.42170247551335605,1.0,0.033333333333333326,ON,True,True,True
off upset win (won as dog) + off ATS win + made playoffs last yr,3,216,189,12,118,105,98,84,0.03726431934235364,405,0.5333333333333333,0.5291479820627802,182,0.5384615384615384,0.19631291500238565,0.42170247551335605,1.0,0.033333333333333326,ON,True,True,True
off ATS loss + opp off ATS miss by 14+ + weeks 5-12,3,99,119,5,58,71,41,48,-0.11442095612698737,218,0.4541284403669725,0.4496124031007752,89,0.4606741573033708,0.19803742200659788,0.2906878547807367,1.0,0.045871559633027525,FADE,True,True,True
away + made playoffs last yr + outdoor <=35F,3,60,76,2,31,37,29,39,-0.1400588279348441,136,0.4411764705882353,0.45588235294117646,68,0.4264705882352941,0.19818134136296864,0.5446122234192592,1.0,0.05882352941176472,FADE,True,True,True
ATS >= .65 (6+ gp) + made playoffs last yr,2,176,202,12,101,114,75,88,-0.08881417403306946,378,0.4656084656084656,0.4697674418604651,163,0.4601226993865031,0.1984270571651333,0.41319369451887555,1.0,0.03439153439153442,FADE,True,True,True
off 2 straight ATS losses + weeks 1-4 + non-division,3,86,69,3,52,44,34,25,0.08053531486767727,155,0.5548387096774193,0.5416666666666666,59,0.576271186440678,0.19858360530805091,0.47515204998657296,1.0,0.05483870967741933,ON,True,True,True
away + final 2 reg weeks + 1pm ET window,3,111,132,7,70,82,41,50,-0.10655140275041529,243,0.4567901234567901,0.4605263157894737,91,0.45054945054945056,0.19939282692738058,0.3723320515452937,1.0,0.0432098765432099,FADE,True,True,True
away + opp off SU loss + final 2 reg weeks,3,111,132,5,66,73,45,59,-0.10681975344076784,243,0.4567901234567901,0.4748201438848921,104,0.4326923076923077,0.19939282692738058,0.6109736899560239,1.0,0.0432098765432099,FADE,True,True,True
home + final 2 reg weeks + 1pm ET window,3,132,111,7,82,70,50,41,0.05619863610453463,243,0.5432098765432098,0.5394736842105263,91,0.5494505494505495,0.19939282692738058,0.3723320515452937,1.0,0.043209876543209846,ON,True,True,True
home + off SU loss + final 2 reg weeks,3,132,111,5,73,66,59,45,0.055134512932685335,243,0.5432098765432098,0.5251798561151079,104,0.5673076923076923,0.19939282692738058,0.6109736899560239,1.0,0.043209876543209846,ON,True,True,True
away + win pct <= .35 last yr + weeks 13+ (reg),3,145,123,10,83,68,62,55,0.049102692917696845,268,0.5410447761194029,0.5496688741721855,117,0.5299145299145299,0.19947967705602676,0.2545002933425908,1.0,0.04104477611940294,ON,True,True,True
away + win pct <= .35 last yr + non-division,3,289,258,17,164,148,125,110,0.02379507469813013,547,0.5283363802559415,0.5256410256410257,235,0.5319148936170213,0.19955052593051645,0.3958014452706359,1.0,0.02833638025594154,ON,True,True,True
away + dog 7+ + opp off blowout win (17+),3,89,108,4,56,67,33,41,-0.13023002870338204,197,0.4517766497461929,0.45528455284552843,74,0.44594594594594594,0.19956415336691113,0.3672967393938885,1.0,0.048223350253807085,FADE,True,True,True
home + fav 7+ + off blowout win (17+),3,108,89,4,67,56,41,33,0.08526213836827432,197,0.5482233502538071,0.5447154471544715,74,0.5540540540540541,0.19956415336691113,0.3672967393938885,1.0,0.048223350253807085,ON,True,True,True
home + opp off SU win + outdoor <=35F,3,97,79,6,51,44,46,35,0.06150819563684185,176,0.5511363636363636,0.5368421052631579,81,0.5679012345679012,0.19990936338335355,0.538394026292168,1.0,0.051136363636363646,ON,True,True,True
away + off SU win + outdoor <=35F,3,79,97,6,44,51,35,46,-0.12292986011977203,176,0.44886363636363635,0.4631578947368421,81,0.43209876543209874,0.19990936338335355,0.538394026292168,1.0,0.051136363636363646,FADE,True,True,True
off SU win + win pct <= .35 last yr + weeks 13+ (reg),3,133,112,10,74,65,59,47,0.05264565559598506,245,0.5428571428571428,0.5323741007194245,106,0.5566037735849056,0.20124005879452764,0.4975641415966093,1.0,0.042857142857142816,ON,True,True,True
off blowout loss (17+) + off ATS miss by 14+ + made playoffs last yr,3,133,112,6,76,62,57,50,0.051182948374095455,245,0.5428571428571428,0.5507246376811594,107,0.5327102803738317,0.20124005879452764,0.2683899720088745,1.0,0.042857142857142816,ON,True,True,True
home + fav 10+ + weeks 13+ (reg),3,87,70,6,50,43,37,27,0.08335350039862903,157,0.554140127388535,0.5376344086021505,64,0.578125,0.20147423241002965,0.5340598617346066,1.0,0.05414012738853502,ON,True,True,True
away + dog 10+ + weeks 13+ (reg),3,70,87,6,43,50,27,37,-0.13814350781861431,157,0.445859872611465,0.46236559139784944,64,0.421875,0.20147423241002965,0.5340598617346066,1.0,0.05414012738853502,FADE,True,True,True
rest adv 3+ days + opp made playoffs last yr + non-division,3,87,70,5,53,41,34,29,0.07500501799912843,157,0.554140127388535,0.5638297872340425,63,0.5396825396825397,0.20147423241002965,0.25644234893296985,1.0,0.05414012738853502,ON,True,True,True
off 2 straight SU losses + off 2 straight ATS losses + dome/closed,3,160,137,9,84,68,76,69,0.04513562837766567,297,0.5387205387205387,0.5526315789473685,145,0.5241379310344828,0.20167499664920424,0.2236131017590096,1.0,0.03872053872053871,ON,True,True,True
away + dog 0.5-2.5 + made playoffs last yr,3,109,90,0,56,46,53,44,0.08679924966841618,199,0.5477386934673367,0.5490196078431373,97,0.5463917525773195,0.20184260329879267,0.37294366808362983,1.0,0.047738693467336724,ON,True,True,True
dog + off 2 straight ATS wins + opp off SU win,3,210,238,14,117,131,93,107,-0.08577001648330101,448,0.46875,0.4717741935483871,200,0.465,0.2020338395270829,0.40913836160998523,1.0,0.03125,FADE,True,True,True
off 2 straight ATS losses + opp off ATS miss by 14+,2,101,121,7,61,72,40,49,-0.11218308263063195,222,0.45495495495495497,0.45864661654135336,89,0.449438202247191,0.20213432065995837,0.38595875434107874,1.0,0.04504504504504503,FADE,True,True,True
off ATS win + win pct <= .35 last yr + dome/closed,3,121,101,5,55,50,66,51,0.05617244268400874,222,0.545045045045045,0.5238095238095238,117,0.5641025641025641,0.20213432065995837,0.6964676629916763,1.0,0.04504504504504503,ON,True,True,True
fav + off 2 straight SU wins + opp made playoffs last yr,3,101,121,9,63,75,38,46,-0.1041148273469798,222,0.45495495495495497,0.45652173913043476,84,0.4523809523809524,0.20213432065995837,0.34911516637678036,1.0,0.04504504504504503,FADE,True,True,True
fav 7+ + pt diff/gm >= +7 (4+ gp) + dome/closed,3,45,59,1,22,32,23,27,-0.15262308779844302,104,0.4326923076923077,0.4074074074074074,50,0.46,0.2021731060961757,0.22032849417661093,1.0,0.06730769230769229,FADE,True,True,True
dog 9+ + off ATS win + opp made playoffs last yr,3,53,68,4,31,39,22,29,-0.15399224598783295,121,0.4380165289256198,0.44285714285714284,51,0.43137254901960786,0.20292429055143762,0.40296307504607976,1.0,0.06198347107438018,FADE,True,True,True
off ATS loss + opp ATS >= .65 (6+ gp) + non-division,3,134,113,3,74,64,60,49,0.04659355243477134,247,0.5425101214574899,0.5362318840579711,109,0.5504587155963303,0.20307696612399262,0.4437150035266714,1.0,0.04251012145748989,ON,True,True,True
opp off SU loss + win pct >= .667 (4+ gp) + weeks 13+ (reg),3,161,138,5,84,75,77,63,0.05217730003468793,299,0.5384615384615384,0.5283018867924528,140,0.55,0.20319154030350128,0.5259245063255036,1.0,0.038461538461538436,ON,True,True,True
dog + off bye + non-division,3,88,71,3,49,44,39,27,0.07511472088054605,159,0.5534591194968553,0.5268817204301075,66,0.5909090909090909,0.20433958933821758,0.6785320136533244,1.0,0.053459119496855334,ON,True,True,True
fav + opp off bye + non-division,3,71,88,3,44,49,27,39,-0.13323046910574318,159,0.44654088050314467,0.4731182795698925,66,0.4090909090909091,0.20433958933821758,0.6785320136533244,1.0,0.053459119496855334,FADE,True,True,True
off 2 straight ATS wins + made playoffs last yr + total >=50,3,71,88,2,43,51,28,37,-0.12307849840910368,159,0.44654088050314467,0.4574468085106383,65,0.4307692307692308,0.20433958933821758,0.4704921148903704,1.0,0.053459119496855334,FADE,True,True,True
away + off ATS win + better record than opp by .3+,3,126,148,7,75,85,51,63,-0.09884593754856394,274,0.45985401459854014,0.46875,114,0.4473684210526316,0.2044801823272058,0.47688215872526774,1.0,0.04014598540145986,FADE,True,True,True
fav + opp made playoffs last yr + 1pm ET window,3,81,99,3,56,65,25,34,-0.12431544655213637,180,0.45,0.4628099173553719,59,0.423728813559322,0.20499173682591762,0.46720710207696564,1.0,0.04999999999999999,FADE,True,True,True
off 2 straight ATS wins + primetime + non-division,3,103,123,3,53,60,50,63,-0.1172898633389027,226,0.4557522123893805,0.4690265486725664,113,0.4424778761061947,0.20618059158239535,0.5726564757939475,1.0,0.04424778761061948,FADE,True,True,True
win pct <= .333 (4+ gp) + non-division + opp new starting QB,3,46,60,2,21,29,25,31,-0.15922266121285028,106,0.4339622641509434,0.42,56,0.44642857142857145,0.20649820735970992,0.3222363203575469,1.0,0.06603773584905659,FADE,True,True,True
dog + made playoffs last yr + Monday,3,60,46,1,31,23,29,23,0.09962535436623142,106,0.5660377358490566,0.5740740740740741,52,0.5576923076923077,0.20649820735970992,0.3408909412200971,1.0,0.06603773584905659,ON,True,True,True
win pct <= .333 (4+ gp) + win pct <= .35 last yr + total <=41,3,69,54,3,36,25,33,29,0.08503609266327529,123,0.5609756097560976,0.5901639344262295,62,0.532258064516129,0.20664710898494285,0.20003136851310313,1.0,0.060975609756097615,ON,True,True,True
dog 3.5-6.5 + win pct <= .35 last yr + division game,3,89,72,1,55,42,34,30,0.06679017826168598,161,0.5527950310559007,0.5670103092783505,64,0.53125,0.20717984725922245,0.2228776545833757,1.0,0.052795031055900665,ON,True,True,True
fav + off 2 straight SU losses + dome/closed,3,89,72,4,43,35,46,37,0.07607563828176327,161,0.5527950310559007,0.5512820512820513,83,0.5542168674698795,0.20717984725922245,0.4282070357175807,1.0,0.052795031055900665,ON,True,True,True
home + ATS >= .65 (6+ gp) + 1pm ET window,3,82,100,5,46,59,36,41,-0.11925712782576409,182,0.45054945054945056,0.4380952380952381,77,0.4675324675324675,0.20750339701863751,0.2414317175651776,1.0,0.04945054945054944,FADE,True,True,True
away + opp ATS >= .65 (6+ gp) + 1pm ET window,3,100,82,5,59,46,41,36,0.06264903563170594,182,0.5494505494505495,0.5619047619047619,77,0.5324675324675324,0.20750339701863751,0.2414317175651776,1.0,0.0494505494505495,ON,True,True,True
opp off bye + off 2 straight SU losses,2,79,63,8,48,42,31,21,0.07619030715336905,142,0.5563380281690141,0.5333333333333333,52,0.5961538461538461,0.20795842151862817,0.5984117182335192,1.0,0.05633802816901412,ON,True,True,True
away + rest disadv 3+ days + off ATS loss,3,112,93,9,61,52,51,41,0.057296939802006626,205,0.5463414634146342,0.5398230088495575,92,0.5543478260869565,0.2085838824127813,0.4518532686657418,1.0,0.04634146341463419,ON,True,True,True
fav + off ATS loss + opp made playoffs last yr,3,93,112,4,52,66,41,46,-0.11880402808809144,205,0.45365853658536587,0.4406779661016949,87,0.47126436781609193,0.2085838824127813,0.23126568219748747,1.0,0.04634146341463413,FADE,True,True,True
win pct <= .333 (4+ gp) + opp made playoffs last yr + division game,3,73,90,3,43,57,30,33,-0.13167967945945636,163,0.44785276073619634,0.43,63,0.47619047619047616,0.20999518680228427,0.19334790449564243,1.0,0.05214723926380366,FADE,True,True,True
dog + opp off blowout win (17+) + win pct <= .333 (4+ gp),3,73,90,4,38,51,35,39,-0.1341260082495819,163,0.44785276073619634,0.42696629213483145,74,0.47297297297297297,0.20999518680228427,0.20311681873649565,1.0,0.05214723926380366,FADE,True,True,True
home + off upset win (won as dog) + opp made playoffs last yr,3,73,90,3,46,55,27,35,-0.12574313953930163,163,0.44785276073619634,0.45544554455445546,62,0.43548387096774194,0.20999518680228427,0.42616001546699406,1.0,0.05214723926380366,FADE,True,True,True
off 2 straight ATS losses + opp off SU win + pt diff/gm <= -7 (4+ gp),3,73,90,3,46,51,27,39,-0.13658605750716368,163,0.44785276073619634,0.4742268041237113,66,0.4090909090909091,0.20999518680228427,0.6848587772144039,1.0,0.05214723926380366,FADE,True,True,True
fav 7+ + off 2 straight ATS wins + better record than opp by .3+,3,73,90,2,47,53,26,37,-0.11792775010137811,163,0.44785276073619634,0.47,63,0.4126984126984127,0.20999518680228427,0.6172994135892526,1.0,0.05214723926380366,FADE,True,True,True
off blowout loss (17+) + pt diff/gm <= -7 (4+ gp) + 1pm ET window,3,101,83,3,53,45,48,38,0.05288354683191302,184,0.5489130434782609,0.5408163265306123,86,0.5581395348837209,0.20999553888817196,0.4796924995674868,1.0,0.048913043478260865,ON,True,True,True
dog 7+ + weeks 13+ (reg) + division game,3,105,125,8,64,74,41,51,-0.11829435403550335,230,0.45652173913043476,0.463768115942029,92,0.44565217391304346,0.21017672762224282,0.4437150035266714,1.0,0.043478260869565244,FADE,True,True,True
fav 7+ + weeks 13+ (reg) + division game,3,125,105,8,74,64,51,41,0.06990555117493293,230,0.5434782608695652,0.5362318840579711,92,0.5543478260869565,0.21017672762224282,0.4437150035266714,1.0,0.04347826086956519,ON,True,True,True
home + win pct >= .667 (4+ gp) + outdoor <=35F,3,70,55,3,37,29,33,26,0.0821010427124242,125,0.56,0.5606060606060606,59,0.559322033898305,0.21032725479608833,0.3890524605477928,1.0,0.06000000000000005,ON,True,True,True
off upset win (won as dog) + weeks 13+ (reg) + dome/closed,3,70,55,1,33,30,37,25,0.0971806648393219,125,0.56,0.5238095238095238,62,0.5967741935483871,0.21032725479608833,0.8013064925040663,1.0,0.06000000000000005,ON,True,True,True
off 2 straight ATS losses + opp off ATS miss by 14+ + 1pm ET window,3,55,70,4,34,40,21,30,-0.1422946272563098,125,0.44,0.4594594594594595,51,0.4117647058823529,0.21032725479608833,0.5613807442989817,1.0,0.06,FADE,True,True,True
away + off 2 straight ATS wins + win pct >= .667 (4+ gp),3,143,166,6,77,90,66,76,-0.09397872073218821,309,0.4627831715210356,0.46107784431137727,142,0.4647887323943662,0.21066956727345731,0.35313775401242087,1.0,0.0372168284789644,FADE,True,True,True
home + fav 10+ + better record than opp by .3+,3,113,94,6,66,60,47,34,0.06693379952333077,207,0.5458937198067633,0.5238095238095238,81,0.5802469135802469,0.21079990954518985,0.6561782216034292,1.0,0.04589371980676327,ON,True,True,True
fav + win pct >= .667 (4+ gp) + dome/closed,3,172,197,3,92,105,80,92,-0.09090196634267043,369,0.46612466124661245,0.467005076142132,172,0.46511627906976744,0.21146482762635208,0.3926260446804673,1.0,0.03387533875338755,FADE,True,True,True
dog + off 2 straight ATS wins + dome/closed,3,114,95,4,65,54,49,41,0.059124580457738156,209,0.5454545454545454,0.5462184873949579,90,0.5444444444444444,0.21300055763508588,0.3593582639051107,1.0,0.045454545454545414,ON,True,True,True
home + fav + rest disadv 3+ days,3,132,154,2,88,101,44,53,-0.103848291709386,286,0.46153846153846156,0.4656084656084656,97,0.4536082474226804,0.21425466550479605,0.3827845942503981,1.0,0.038461538461538436,FADE,True,True,True
fav + off 2 straight ATS wins + better record than opp by .3+,3,132,154,7,78,94,54,60,-0.09492117378123885,286,0.46153846153846156,0.45348837209302323,114,0.47368421052631576,0.21425466550479605,0.2526624533075268,1.0,0.038461538461538436,FADE,True,True,True
away + dog + rest adv 3+ days,3,154,132,2,101,88,53,44,0.047751071059186245,286,0.5384615384615384,0.5343915343915344,97,0.5463917525773195,0.21425466550479605,0.3827845942503981,1.0,0.038461538461538436,ON,True,True,True
dog 9+ + win pct <= .333 (4+ gp) + weeks 13+ (reg),3,65,81,2,38,43,27,38,-0.14623593880962343,146,0.4452054794520548,0.4691358024691358,65,0.4153846153846154,0.21431491737771186,0.6569924675863577,1.0,0.0547945205479452,FADE,True,True,True
dog 7+ + off ATS loss + new starting QB vs last game,3,81,65,6,43,34,38,31,0.05740335906173528,146,0.5547945205479452,0.5584415584415584,69,0.5507246376811594,0.21431491737771186,0.36203179773966154,1.0,0.0547945205479452,ON,True,True,True
dog + off 2 straight SU wins + off ATS cover by 14+,3,85,103,3,51,61,34,42,-0.11803873092621806,188,0.4521276595744681,0.45535714285714285,76,0.4473684210526316,0.21492179659284347,0.39519335735782307,1.0,0.0478723404255319,FADE,True,True,True
off 2 straight SU wins + off ATS win + outdoor <=35F,3,75,92,4,38,49,37,43,-0.12152334826067213,167,0.4491017964071856,0.4367816091954023,80,0.4625,0.2155518743837543,0.2836071084054854,1.0,0.050898203592814384,FADE,True,True,True
away + off blowout loss (17+) + 1pm ET window,3,128,108,2,71,64,57,44,0.04963875993135784,236,0.5423728813559322,0.5259259259259259,101,0.5643564356435643,0.21607809408138468,0.6057422651905515,1.0,0.0423728813559322,ON,True,True,True
home + opp off blowout loss (17+) + 1pm ET window,3,108,128,2,64,71,44,57,-0.10374153323030233,236,0.4576271186440678,0.4740740740740741,101,0.43564356435643564,0.21607809408138468,0.6057422651905515,1.0,0.0423728813559322,FADE,True,True,True
dog + win pct <= .35 last yr + total <=41,3,116,97,7,69,56,47,41,0.05599613323436787,213,0.5446009389671361,0.552,88,0.5340909090909091,0.21735610630420701,0.2830852395827476,1.0,0.04460093896713613,ON,True,True,True
off bye + off SU loss + off ATS loss,3,86,104,6,53,65,33,39,-0.1177881509577213,190,0.45263157894736844,0.4491525423728814,72,0.4583333333333333,0.2173561879393425,0.3112309933213222,1.0,0.04736842105263156,FADE,True,True,True
dog 0.5-2.5 + off ATS loss + made playoffs last yr,3,82,66,1,44,35,38,31,0.09651530496601975,148,0.5540540540540541,0.5569620253164557,69,0.5507246376811594,0.21744554778290445,0.3681876338306311,1.0,0.05405405405405406,ON,True,True,True
off 2 straight ATS wins + opp ATS >= .65 (6+ gp) + non-division,3,72,57,1,42,35,30,22,0.0868298777672408,129,0.5581395348837209,0.5454545454545454,52,0.5769230769230769,0.2175612538394611,0.49438227369550003,1.0,0.05813953488372092,ON,True,True,True
dog + win pct <= .35 last yr + primetime,3,72,57,2,36,29,36,28,0.07845061969059522,129,0.5581395348837209,0.5538461538461539,64,0.5625,0.2175612538394611,0.45702078541058977,1.0,0.05813953488372092,ON,True,True,True
fav + off SU loss + win pct <= .333 (4+ gp),3,122,143,7,73,83,49,60,-0.10199337162474707,265,0.46037735849056605,0.46794871794871795,109,0.44954128440366975,0.21915218513133491,0.47128610321960557,1.0,0.03962264150943395,FADE,True,True,True
away + off 2 straight ATS wins + opp made playoffs last yr,3,98,117,12,57,69,41,48,-0.1054756343583008,215,0.4558139534883721,0.4523809523809524,89,0.4606741573033708,0.21951120784183417,0.32712296721677875,1.0,0.044186046511627886,FADE,True,True,True
rest disadv 3+ days + off ATS win + opp off SU loss,3,87,105,1,54,62,33,43,-0.12062257892433975,192,0.453125,0.46551724137931033,76,0.4342105263157895,0.21977161105088094,0.5159130749957946,1.0,0.046875,FADE,True,True,True
away + dog + opp off bye,3,105,87,7,61,55,44,32,0.05740982817040552,192,0.546875,0.5258620689655172,76,0.5789473684210527,0.21977161105088094,0.6426674253796114,1.0,0.046875,ON,True,True,True
home + fav + off bye,3,87,105,7,55,61,32,44,-0.1162966497968011,192,0.453125,0.47413793103448276,76,0.42105263157894735,0.21977161105088094,0.6426674253796114,1.0,0.046875,FADE,True,True,True
dog 0.5-2.5 + off 2 straight SU wins + non-division,3,83,67,0,46,37,37,30,0.09097377350514026,150,0.5533333333333333,0.5542168674698795,67,0.5522388059701493,0.22054483769441563,0.37999939641191804,1.0,0.053333333333333344,ON,True,True,True
fav 0.5-2.5 + off 1-score loss + non-division,3,67,83,1,38,45,29,38,-0.13965937173773482,150,0.44666666666666666,0.4578313253012048,67,0.43283582089552236,0.22054483769441563,0.5104099416812344,1.0,0.053333333333333344,FADE,True,True,True
dog 10+ + opp off SU win + opp made playoffs last yr,3,77,94,9,44,54,33,40,-0.12798486731392922,171,0.4502923976608187,0.4489795918367347,73,0.4520547945205479,0.22101124863970695,0.3633541876640533,1.0,0.04970760233918131,FADE,True,True,True
fav + off 2 straight SU wins + opp ATS >= .65 (6+ gp),3,73,58,1,38,32,35,26,0.08125945795388567,131,0.5572519083969466,0.5428571428571428,61,0.5737704918032787,0.22111601916299528,0.5504125118224712,1.0,0.057251908396946605,ON,True,True,True
home + rest disadv 3+ days + opp off SU loss,3,99,118,1,61,70,38,48,-0.11115209943840972,217,0.45622119815668205,0.46564885496183206,86,0.4418604651162791,0.2216513317679812,0.48472021812853044,1.0,0.04377880184331795,FADE,True,True,True
home + off ATS loss + opp off blowout loss (17+),3,99,118,4,56,69,43,49,-0.10811548626368579,217,0.45622119815668205,0.448,92,0.4673913043478261,0.2216513317679812,0.2830852395827476,1.0,0.04377880184331795,FADE,True,True,True
away + rest adv 3+ days + off SU loss,3,118,99,1,70,61,48,38,0.05526507626378956,217,0.543778801843318,0.5343511450381679,86,0.5581395348837209,0.2216513317679812,0.48472021812853044,1.0,0.04377880184331795,ON,True,True,True
pt diff/gm >= +7 (4+ gp) + made playoffs last yr + weeks 13+ (reg),3,131,111,7,75,61,56,50,0.05751547689031933,242,0.5413223140495868,0.5514705882352942,106,0.5283018867924528,0.22186976184417911,0.26489299040582126,1.0,0.04132231404958675,ON,True,True,True
off SU win + off 2 straight ATS wins + opp ATS <= .35 (6+ gp),3,68,84,5,44,50,24,34,-0.12035874050192764,152,0.4473684210526316,0.46808510638297873,58,0.41379310344827586,0.2236131017590096,0.6062959376939656,1.0,0.05263157894736842,FADE,True,True,True
off SU loss + opp off SU loss + win pct >= .667 (4+ gp),3,95,78,7,52,40,43,38,0.07496267950538689,173,0.5491329479768786,0.5652173913043478,81,0.5308641975308642,0.22370496818590435,0.2513221034748543,1.0,0.049132947976878616,ON,True,True,True
off upset loss (lost as fav) + opp off SU loss + made playoffs last yr,3,160,138,7,84,72,76,66,0.04626751343692871,298,0.5369127516778524,0.5384615384615384,142,0.5352112676056338,0.22373381343898013,0.3785370170481052,1.0,0.03691275167785235,ON,True,True,True
fav + off ATS loss + win pct <= .333 (4+ gp),3,89,107,5,53,62,36,45,-0.11664258002343489,196,0.45408163265306123,0.4608695652173913,81,0.4444444444444444,0.22454614246774116,0.4558140295551913,1.0,0.04591836734693877,FADE,True,True,True
opp off SU win + opp ATS >= .65 (6+ gp) + dome/closed,3,107,89,2,60,48,47,41,0.05587539805231325,196,0.5459183673469388,0.5555555555555556,88,0.5340909090909091,0.22454614246774116,0.2897982154050607,1.0,0.04591836734693877,ON,True,True,True
off SU win + off ATS win + cross-country road trip,3,107,89,2,54,45,53,44,0.058757035230261656,196,0.5459183673469388,0.5454545454545454,97,0.5463917525773195,0.22454614246774116,0.42152334361577015,1.0,0.04591836734693877,ON,True,True,True
off SU win + ATS >= .65 (6+ gp) + dome/closed,3,89,107,2,48,60,41,47,-0.11549765765523078,196,0.45408163265306123,0.4444444444444444,88,0.4659090909090909,0.22454614246774116,0.2897982154050607,1.0,0.04591836734693877,FADE,True,True,True
dog 7+ + off upset win (won as dog),2,89,107,9,52,64,37,43,-0.12581178072905388,196,0.45408163265306123,0.4482758620689655,80,0.4625,0.22454614246774116,0.3070896636491838,1.0,0.04591836734693877,FADE,True,True,True
weeks 5-12 + non-division + cross-country road trip,3,107,89,7,60,52,47,37,0.05784223023643729,196,0.5459183673469388,0.5357142857142857,84,0.5595238095238095,0.22454614246774116,0.5085131799736622,1.0,0.04591836734693877,ON,True,True,True
dog 7+ + off upset win (won as dog) + off ATS win,3,89,107,9,52,64,37,43,-0.12581178072905388,196,0.45408163265306123,0.4482758620689655,80,0.4625,0.22454614246774116,0.3070896636491838,1.0,0.04591836734693877,FADE,True,True,True
weeks 5-12 + cross-country road trip,2,107,89,7,60,52,47,37,0.05784223023643729,196,0.5459183673469388,0.5357142857142857,84,0.5595238095238095,0.22454614246774116,0.5085131799736622,1.0,0.04591836734693877,ON,True,True,True
away + weeks 5-12 + cross-country road trip,3,107,89,7,60,52,47,37,0.05784223023643729,196,0.5459183673469388,0.5357142857142857,84,0.5595238095238095,0.22454614246774116,0.5085131799736622,1.0,0.04591836734693877,ON,True,True,True
home + fav 3.5-6.5 + division game,3,139,161,0,87,100,52,61,-0.09862434220345467,300,0.4633333333333333,0.46524064171123,113,0.46017699115044247,0.22528556788446566,0.3802509145487756,1.0,0.03666666666666668,FADE,True,True,True
away + dog 3.5-6.5 + division game,3,161,139,0,100,87,61,52,0.04104349069118472,300,0.5366666666666666,0.5347593582887701,113,0.5398230088495575,0.22528556788446566,0.3802509145487756,1.0,0.036666666666666625,ON,True,True,True
off ATS win + opp off ATS miss by 14+ + non-division,3,161,139,7,96,81,65,58,0.04978692916992628,300,0.5366666666666666,0.5423728813559322,123,0.5284552845528455,0.22528556788446566,0.29263710818802957,1.0,0.036666666666666625,ON,True,True,True
dog 9+ + weeks 5-12,2,133,113,7,78,68,55,45,0.03545230602493616,246,0.540650406504065,0.5342465753424658,100,0.55,0.22567092627640536,0.4564822349651257,1.0,0.04065040650406504,ON,True,True,True
dog + off 2 straight ATS wins + division game,3,113,133,13,67,77,46,56,-0.09694043669077948,246,0.45934959349593496,0.4652777777777778,102,0.45098039215686275,0.22567092627640536,0.4533716994309749,1.0,0.04065040650406504,FADE,True,True,True
fav 9+ + weeks 5-12,2,113,133,7,68,78,45,55,-0.09090599523271524,246,0.45934959349593496,0.4657534246575342,100,0.45,0.22567092627640536,0.4564822349651257,1.0,0.04065040650406504,FADE,True,True,True
off upset win (won as dog) + opp off SU win + division game,3,101,120,6,60,73,41,47,-0.11111797582364737,221,0.45701357466063347,0.45112781954887216,88,0.4659090909090909,0.22588707069169456,0.29807066339153937,1.0,0.04298642533936653,FADE,True,True,True
off blowout loss (17+) + opp off SU loss + pt diff/gm <= -7 (4+ gp),3,85,69,3,48,38,37,31,0.06084832946032079,154,0.551948051948052,0.5581395348837209,68,0.5441176470588235,0.22665066200791295,0.3318343545999156,1.0,0.051948051948051965,ON,True,True,True
rest adv 3+ days + off ATS loss + opp off SU loss,3,90,108,5,54,65,36,43,-0.10852657169744127,198,0.45454545454545453,0.453781512605042,79,0.45569620253164556,0.22690555254948583,0.3593582639051107,1.0,0.04545454545454547,FADE,True,True,True
fav 3 + opp off SU win + 1pm ET window,3,65,51,16,34,27,31,24,0.0803406783082985,116,0.5603448275862069,0.5573770491803278,55,0.5636363636363636,0.22727494633160847,0.4426260049464714,1.0,0.06034482758620685,ON,True,True,True
dog 3 + off SU win + 1pm ET window,3,51,65,16,27,34,24,31,-0.12060512570858188,116,0.4396551724137931,0.4426229508196721,55,0.43636363636363634,0.22727494633160847,0.4426260049464714,1.0,0.060344827586206906,FADE,True,True,True
off 2 straight ATS losses + opp off SU loss + opp ATS <= .35 (6+ gp),3,75,60,4,42,30,33,30,0.08142066396192214,135,0.5555555555555556,0.5833333333333334,63,0.5238095238095238,0.22810347806601328,0.1945051658673991,1.0,0.05555555555555558,ON,True,True,True
dog 7.5-9.5 + non-division,2,149,128,0,83,75,66,53,0.031986359437570985,277,0.5379061371841155,0.5253164556962026,119,0.5546218487394958,0.22942446462935764,0.5777428358653732,1.0,0.03790613718411551,ON,True,True,True
fav 7.5-9.5 + non-division,2,128,149,0,75,83,53,66,-0.08535743406027145,277,0.4620938628158845,0.47468354430379744,119,0.44537815126050423,0.22942446462935764,0.5777428358653732,1.0,0.03790613718411551,FADE,True,True,True
off ATS miss by 14+ + opp off SU loss + 1pm ET window,3,149,128,8,91,79,58,49,0.046521868310930053,277,0.5379061371841155,0.5352941176470588,107,0.5420560747663551,0.22942446462935764,0.3989271474964336,1.0,0.03790613718411551,ON,True,True,True
off SU loss + opp off ATS miss by 14+ + 1pm ET window,3,128,149,8,79,91,49,58,-0.09494504208880802,277,0.4620938628158845,0.4647058823529412,107,0.45794392523364486,0.22942446462935764,0.3989271474964336,1.0,0.03790613718411551,FADE,True,True,True
off ATS loss + division game + opp new starting QB,3,86,70,3,46,38,40,32,0.0701648035532993,156,0.5512820512820513,0.5476190476190477,72,0.5555555555555556,0.22965784665432673,0.4452046690465761,1.0,0.05128205128205132,ON,True,True,True
off ATS win + opp off blowout loss (17+) + 1pm ET window,3,116,136,4,69,76,47,60,-0.09669131386310084,252,0.4603174603174603,0.47586206896551725,107,0.4392523364485981,0.2312843077311959,0.6184454660388155,1.0,0.03968253968253971,FADE,True,True,True
off 2 straight SU wins + opp off SU win + outdoor <=35F,3,61,76,5,31,40,30,36,-0.1306764338795673,137,0.44525547445255476,0.43661971830985913,66,0.45454545454545453,0.23153716588439494,0.34247099841986794,1.0,0.054744525547445244,FADE,True,True,True
off ATS loss + pt diff/gm <= -7 (4+ gp) + win pct <= .35 last yr,3,110,92,4,52,47,58,45,0.045756200935845336,202,0.5445544554455446,0.5252525252525253,103,0.5631067961165048,0.23156943280686226,0.6878853435796918,1.0,0.044554455445544594,ON,True,True,True
opp off ATS cover by 14+ + weeks 1-4,2,98,81,3,60,50,38,31,0.0661118037113003,179,0.547486033519553,0.5454545454545454,69,0.5507246376811594,0.231644883812189,0.39092745669950557,1.0,0.04748603351955305,ON,True,True,True
off ATS cover by 14+ + weeks 1-4,2,81,98,3,50,60,31,38,-0.11296245300851569,179,0.45251396648044695,0.45454545454545453,69,0.4492753623188406,0.231644883812189,0.39092745669950557,1.0,0.04748603351955305,FADE,True,True,True
off SU win + off ATS cover by 14+ + weeks 1-4,3,81,98,3,50,60,31,38,-0.11296245300851569,179,0.45251396648044695,0.45454545454545453,69,0.4492753623188406,0.231644883812189,0.39092745669950557,1.0,0.04748603351955305,FADE,True,True,True
away + off upset win (won as dog) + off ATS cover by 14+,3,104,123,5,63,73,41,50,-0.1062687238735816,227,0.4581497797356828,0.4632352941176471,91,0.45054945054945056,0.23213103579452424,0.4403825433795313,1.0,0.04185022026431717,FADE,True,True,True
away + opp off ATS cover by 14+ + division game,3,87,71,4,54,43,33,28,0.06881965908449993,158,0.5506329113924051,0.5567010309278351,61,0.5409836065573771,0.23263498900407575,0.3099335342390071,1.0,0.05063291139240511,ON,True,True,True
home + off ATS cover by 14+ + division game,3,71,87,4,43,54,28,33,-0.11763918596247024,158,0.44936708860759494,0.44329896907216493,61,0.45901639344262296,0.23263498900407575,0.3099335342390071,1.0,0.050632911392405056,FADE,True,True,True
fav 3 + off SU loss + off ATS loss,3,71,87,19,42,51,29,36,-0.11556464302191193,158,0.44936708860759494,0.45161290322580644,65,0.4461538461538462,0.23263498900407575,0.40692436804613397,1.0,0.050632911392405056,FADE,True,True,True
off bye + off ATS loss + non-division,3,71,87,6,46,54,25,33,-0.12281823289957204,158,0.44936708860759494,0.46,58,0.43103448275862066,0.23263498900407575,0.48411841360729163,1.0,0.050632911392405056,FADE,True,True,True
dog 3.5-6.5 + made playoffs last yr + weeks 5-12,3,87,71,1,50,44,37,27,0.06505275610913003,158,0.5506329113924051,0.5319148936170213,64,0.578125,0.23263498900407575,0.6062959376939656,1.0,0.05063291139240511,ON,True,True,True
fav 7+ + made playoffs last yr + late afternoon,3,117,137,6,67,81,50,56,-0.0923380240197546,254,0.46062992125984253,0.4527027027027027,106,0.4716981132075472,0.23313218968411806,0.28521668718128307,1.0,0.039370078740157466,FADE,True,True,True
fav 7+ + off SU win + ATS >= .65 (6+ gp),3,82,99,4,48,56,34,43,-0.11291920416157458,181,0.4530386740331492,0.46153846153846156,77,0.44155844155844154,0.23424519083523948,0.4926450664865023,1.0,0.04696132596685082,FADE,True,True,True
dog 7+ + opp off SU win + opp ATS >= .65 (6+ gp),3,99,82,4,56,48,43,34,0.0493359878274284,181,0.5469613259668509,0.5384615384615384,77,0.5584415584415584,0.23424519083523948,0.4926450664865023,1.0,0.046961325966850875,ON,True,True,True
off 2 straight ATS losses + weeks 5-12 + late afternoon,3,82,99,5,46,51,36,48,-0.11971288135848877,181,0.4530386740331492,0.4742268041237113,84,0.42857142857142855,0.23424519083523948,0.6848587772144039,1.0,0.04696132596685082,FADE,True,True,True
fav 7+ + better record than opp by .3+ + dome/closed,3,62,77,2,33,42,29,35,-0.12717703901155675,139,0.4460431654676259,0.44,64,0.453125,0.23493150329059714,0.3556992390814873,1.0,0.0539568345323741,FADE,True,True,True
win pct <= .333 (4+ gp) + weeks 5-12 + new starting QB vs last game,3,77,62,4,39,34,38,28,0.06698500208342394,139,0.5539568345323741,0.5342465753424658,66,0.5757575757575758,0.23493150329059714,0.6399729317539425,1.0,0.0539568345323741,ON,True,True,True
off 2 straight SU losses + win pct <= .333 (4+ gp) + final 2 reg weeks,3,62,77,1,35,45,27,32,-0.12947518000791577,139,0.4460431654676259,0.4375,59,0.4576271186440678,0.23493150329059714,0.31430657986393706,1.0,0.0539568345323741,FADE,True,True,True
win pct >= .667 (4+ gp) + primetime + dome/closed,3,67,53,2,35,26,32,27,0.0870975264969962,120,0.5583333333333333,0.5737704918032787,59,0.5423728813559322,0.23520336797252533,0.30567741986311836,1.0,0.05833333333333335,ON,True,True,True
home + fav 10+ + pt diff/gm >= +7 (4+ gp),3,88,72,6,52,42,36,30,0.07481921527923496,160,0.55,0.5531914893617021,66,0.5454545454545454,0.23558242646926894,0.3533280324715825,1.0,0.050000000000000044,ON,True,True,True
home + fav 10+ + made playoffs last yr,3,153,132,10,91,79,62,53,0.05200869268180893,285,0.5368421052631579,0.5352941176470588,115,0.5391304347826087,0.23608219514307854,0.3989271474964336,1.0,0.0368421052631579,ON,True,True,True
off 2 straight SU wins + opp off blowout win (17+) + non-division,3,112,94,2,64,55,48,39,0.056428464112000934,206,0.5436893203883495,0.5378151260504201,87,0.5517241379310345,0.23616110894941494,0.4634881766227642,1.0,0.043689320388349495,ON,True,True,True
off 1-score loss + win pct >= .667 (4+ gp),2,112,94,7,65,52,47,42,0.05568937289308989,206,0.5436893203883495,0.5555555555555556,89,0.5280898876404494,0.23616110894941494,0.2671823049903962,1.0,0.043689320388349495,ON,True,True,True
dog + off upset loss (lost as fav) + made playoffs last yr,3,100,83,6,58,45,42,38,0.05726873963907291,183,0.546448087431694,0.5631067961165048,80,0.525,0.236822713130816,0.23690187778029245,1.0,0.04644808743169404,ON,True,True,True
rest disadv 3+ days + off SU loss,2,237,211,11,144,129,93,82,0.026799404623523867,448,0.5290178571428571,0.5274725274725275,175,0.5314285714285715,0.2375132476053409,0.39685898854757506,1.0,0.029017857142857095,ON,True,True,True
rest adv 3+ days + opp off SU loss,2,211,237,11,129,144,82,93,-0.07688545441496904,448,0.47098214285714285,0.4725274725274725,175,0.4685714285714286,0.2375132476053409,0.39685898854757506,1.0,0.02901785714285715,FADE,True,True,True
fav 7+ + opp off ATS miss by 14+ + made playoffs last yr,3,78,63,2,43,38,35,25,0.08642612747161632,141,0.5531914893617021,0.5308641975308642,60,0.5833333333333334,0.23828700628615218,0.6569924675863577,1.0,0.05319148936170215,ON,True,True,True
away + off upset win (won as dog) + division game,3,95,113,4,56,69,39,44,-0.10908299157444055,208,0.4567307692307692,0.448,83,0.46987951807228917,0.2384302688961088,0.2830852395827476,1.0,0.04326923076923078,FADE,True,True,True
home + fav 0.5-2.5 + made playoffs last yr,3,89,73,0,46,34,43,39,0.04577050355218473,162,0.5493827160493827,0.575,82,0.524390243902439,0.23850049967578174,0.21851803947870374,1.0,0.04938271604938271,ON,True,True,True
away + off 1-score loss + non-division,3,297,268,16,171,154,126,114,0.02121574793709221,565,0.5256637168141592,0.5261538461538462,240,0.525,0.2387823059317884,0.37482535807070233,1.0,0.025663716814159243,ON,True,True,True
away + off blowout win (17+) + non-division,3,163,186,8,90,104,73,82,-0.08621474877438218,349,0.4670487106017192,0.4639175257731959,155,0.47096774193548385,0.23889991025024288,0.3506696731741538,1.0,0.03295128939828079,FADE,True,True,True
home + opp off blowout win (17+) + non-division,3,186,163,8,104,90,82,73,0.030906768093005164,349,0.5329512893982808,0.5360824742268041,155,0.5290322580645161,0.23889991025024288,0.3506696731741538,1.0,0.03295128939828085,ON,True,True,True
ATS >= .65 (6+ gp) + late afternoon + non-division,3,84,101,3,49,58,35,43,-0.11498731726018634,185,0.4540540540540541,0.45794392523364486,78,0.44871794871794873,0.239377682106306,0.4394401017790823,1.0,0.04594594594594592,FADE,True,True,True
opp ATS >= .65 (6+ gp) + late afternoon + non-division,3,101,84,3,58,49,43,35,0.05778273964653481,185,0.5459459459459459,0.5420560747663551,78,0.5512820512820513,0.239377682106306,0.4394401017790823,1.0,0.04594594594594592,ON,True,True,True
home + better record than opp by .3+ + made playoffs last yr,3,141,121,7,78,69,63,52,0.05055754507462358,262,0.5381679389312977,0.5306122448979592,115,0.5478260869565217,0.2404096577323521,0.5095015886349891,1.0,0.03816793893129766,ON,True,True,True
fav 3.5-6.5 + off blowout win (17+) + off ATS cover by 14+,3,74,90,1,47,57,27,33,-0.11899238785381243,164,0.45121951219512196,0.4519230769230769,60,0.45,0.24138955165620354,0.37758392329809853,1.0,0.04878048780487804,FADE,True,True,True
ATS >= .65 (6+ gp) + 1pm ET window,2,165,188,11,94,108,71,80,-0.08806728296137233,353,0.46742209631728043,0.46534653465346537,151,0.47019867549668876,0.24158125577536863,0.360395041993775,1.0,0.03257790368271957,FADE,True,True,True
opp ATS >= .65 (6+ gp) + 1pm ET window,2,188,165,11,108,94,80,71,0.031080572379168853,353,0.5325779036827195,0.5346534653465347,151,0.5298013245033113,0.24158125577536863,0.360395041993775,1.0,0.03257790368271951,ON,True,True,True
fav + win pct <= .333 (4+ gp) + weeks 5-12,3,109,128,8,63,76,46,52,-0.10716638376303524,237,0.459915611814346,0.45323741007194246,98,0.46938775510204084,0.242252702886639,0.3087525691928281,1.0,0.04008438818565402,FADE,True,True,True
home + fav + opp made playoffs last yr,3,182,206,9,116,129,66,77,-0.0856671996705085,388,0.4690721649484536,0.47346938775510206,143,0.46153846153846156,0.24291225113990822,0.44335336772611766,1.0,0.030927835051546393,FADE,True,True,True
fav 3.5-6.5 + off ATS miss by 14+,2,55,69,1,32,38,23,31,-0.13276002436506604,124,0.4435483870967742,0.45714285714285713,54,0.42592592592592593,0.24292283198051148,0.5504125118224712,1.0,0.05645161290322581,FADE,True,True,True
opp off blowout win (17+) + made playoffs last yr + division game,3,55,69,2,33,37,22,32,-0.13316587553191622,124,0.4435483870967742,0.4714285714285714,54,0.4074074074074074,0.24292283198051148,0.7202027723528612,1.0,0.05645161290322581,FADE,True,True,True
fav 3.5-6.5 + off SU loss + off ATS miss by 14+,3,55,69,1,32,38,23,31,-0.13276002436506604,124,0.4435483870967742,0.45714285714285713,54,0.42592592592592593,0.24292283198051148,0.5504125118224712,1.0,0.05645161290322581,FADE,True,True,True
fav + opp off ATS cover by 14+ + pt diff/gm >= +7 (4+ gp),3,55,69,1,33,41,22,28,-0.13543504873768272,124,0.4435483870967742,0.44594594594594594,50,0.44,0.24292283198051148,0.4159851975073046,1.0,0.05645161290322581,FADE,True,True,True
dog 3.5-6.5 + opp off ATS miss by 14+,2,69,55,1,38,32,31,23,0.07834284677421922,124,0.5564516129032258,0.5428571428571428,54,0.5740740740740741,0.24292283198051148,0.5504125118224712,1.0,0.056451612903225756,ON,True,True,True
off 2 straight ATS losses + made playoffs last yr + dome/closed,3,91,75,2,51,42,40,33,0.06317167611978117,166,0.5481927710843374,0.5483870967741935,73,0.547945205479452,0.24424992712067162,0.40692436804613397,1.0,0.048192771084337394,ON,True,True,True
opp off blowout win (17+) + win pct >= .667 (4+ gp) + non-division,3,103,86,1,55,50,48,36,0.05763502514053605,189,0.544973544973545,0.5238095238095238,84,0.5714285714285714,0.2444208917327748,0.6964676629916763,1.0,0.044973544973545,ON,True,True,True
fav 3.5-6.5 + made playoffs last yr + 1pm ET window,3,152,174,3,90,101,62,73,-0.08747009751746956,326,0.4662576687116564,0.4712041884816754,135,0.45925925925925926,0.24475391737771116,0.4694207824747447,1.0,0.033742331288343586,FADE,True,True,True
fav + win pct >= .667 (4+ gp) + playoffs,3,65,80,2,36,42,29,38,-0.1283259322697199,145,0.4482758620689655,0.46153846153846156,67,0.43283582089552236,0.24488359344375704,0.5715867180030723,1.0,0.051724137931034475,FADE,True,True,True
rest disadv 3+ days + off ATS win + 1pm ET window,3,98,116,4,60,72,38,44,-0.10796471251740032,214,0.45794392523364486,0.45454545454545453,82,0.4634146341463415,0.24513297056695993,0.3383802389398243,1.0,0.042056074766355145,FADE,True,True,True
fav 3.5-6.5 + off blowout win (17+) + opp off SU win,3,47,60,0,24,33,23,27,-0.1412724847955708,107,0.4392523364485981,0.42105263157894735,50,0.46,0.24589131461268413,0.2892437471090205,1.0,0.060747663551401876,FADE,True,True,True
off ATS loss + worse record than opp by .3+ + new starting QB vs last game,3,60,47,1,31,24,29,23,0.07738049613863872,107,0.5607476635514018,0.5636363636363636,52,0.5576923076923077,0.24589131461268413,0.4187541882690154,1.0,0.06074766355140182,ON,True,True,True
fav 9+ + win pct >= .667 (4+ gp) + late afternoon,3,60,47,3,31,23,29,24,0.09188783578005298,107,0.5607476635514018,0.5740740740740741,53,0.5471698113207547,0.24589131461268413,0.3408909412200971,1.0,0.06074766355140182,ON,True,True,True
dog 3.5-6.5 + off SU win + opp off blowout win (17+),3,60,47,0,33,24,27,23,0.08470260371089275,107,0.5607476635514018,0.5789473684210527,50,0.54,0.24589131461268413,0.2892437471090205,1.0,0.06074766355140182,ON,True,True,True
off ATS cover by 14+ + win pct >= .667 (4+ gp) + non-division,3,111,130,1,65,75,46,55,-0.1012678423609001,241,0.4605809128630705,0.4642857142857143,101,0.45544554455445546,0.24620429468798702,0.4469896132741676,1.0,0.03941908713692949,FADE,True,True,True
dog + week 1 + 1pm ET window,3,70,56,1,40,35,30,21,0.07542560989986363,126,0.5555555555555556,0.5333333333333333,51,0.5882352941176471,0.24670624718941794,0.6444639138942256,1.0,0.05555555555555558,ON,True,True,True
opp off SU win + made playoffs last yr + wind >=15mph,3,70,56,4,40,30,30,26,0.07763118158683939,126,0.5555555555555556,0.5714285714285714,56,0.5357142857142857,0.24670624718941794,0.281978921793656,1.0,0.05555555555555558,ON,True,True,True
off blowout win (17+) + weeks 5-12 + late afternoon,3,70,56,1,38,33,32,23,0.0856392557145551,126,0.5555555555555556,0.5352112676056338,55,0.5818181818181818,0.24670624718941794,0.6353076420876663,1.0,0.05555555555555558,ON,True,True,True
fav + week 1 + 1pm ET window,3,56,70,1,35,40,21,30,-0.1324854367604711,126,0.4444444444444444,0.4666666666666667,51,0.4117647058823529,0.24670624718941794,0.6444639138942256,1.0,0.05555555555555558,FADE,True,True,True
off ATS win + pt diff/gm <= -7 (4+ gp) + win pct <= .35 last yr,3,56,70,2,28,33,28,37,-0.13598402343371818,126,0.4444444444444444,0.45901639344262296,65,0.4307692307692308,0.24670624718941794,0.6089207154048286,1.0,0.05555555555555558,FADE,True,True,True
opp off blowout win (17+) + weeks 5-12 + late afternoon,3,56,70,1,33,38,23,32,-0.13817068236822835,126,0.4444444444444444,0.4647887323943662,55,0.41818181818181815,0.24670624718941794,0.6353076420876663,1.0,0.05555555555555558,FADE,True,True,True
opp off SU win + pt diff/gm <= -7 (4+ gp) + 1pm ET window,3,125,145,9,71,84,54,61,-0.10600651652469695,270,0.46296296296296297,0.45806451612903226,115,0.46956521739130436,0.24750858519029012,0.3351352010832352,1.0,0.037037037037037035,FADE,True,True,True
off 2 straight ATS wins + ATS >= .65 (6+ gp) + dome/closed,3,66,81,0,37,42,29,39,-0.12625142168463555,147,0.4489795918367347,0.46835443037974683,68,0.4264705882352941,0.24812572575379252,0.6529643755164601,1.0,0.05102040816326531,FADE,True,True,True
off 1-score loss + worse record than opp by .3+ + non-division,3,88,105,3,50,57,38,48,-0.12148750573232191,193,0.45595854922279794,0.4672897196261682,86,0.4418604651162791,0.24937669004363613,0.5620926850537897,1.0,0.04404145077720206,FADE,True,True,True
fav + win pct >= .667 (4+ gp) + weeks 13+ (reg),3,249,223,11,135,120,114,103,0.0295379240108273,472,0.527542372881356,0.5294117647058824,217,0.5253456221198156,0.24982125224003165,0.3806788639637045,1.0,0.02754237288135597,ON,True,True,True
away + rest disadv 3+ days + 1pm ET window,3,119,101,5,70,59,49,42,0.05036552107589104,220,0.5409090909090909,0.5426356589147286,91,0.5384615384615384,0.251681912355119,0.3786876626931186,1.0,0.040909090909090895,ON,True,True,True
home + rest adv 3+ days + 1pm ET window,3,101,119,5,59,70,42,49,-0.10205809541965705,220,0.4590909090909091,0.4573643410852713,91,0.46153846153846156,0.251681912355119,0.3786876626931186,1.0,0.040909090909090895,FADE,True,True,True
opp off SU loss + made playoffs last yr + final 2 reg weeks,3,106,89,3,63,50,43,39,0.05991095320197407,195,0.5435897435897435,0.5575221238938053,82,0.524390243902439,0.25182239587374894,0.25886200016531563,1.0,0.043589743589743546,ON,True,True,True
off blowout win (17+) + opp off SU win + non-division,3,173,196,4,93,108,80,88,-0.08572114711136164,369,0.46883468834688347,0.4626865671641791,168,0.47619047619047616,0.2520625131971112,0.3234117938996339,1.0,0.031165311653116534,FADE,True,True,True
off SU win + opp off blowout win (17+) + non-division,3,196,173,4,108,93,88,80,0.031072294103635767,369,0.5311653116531165,0.5373134328358209,168,0.5238095238095238,0.2520625131971112,0.3234117938996339,1.0,0.031165311653116534,ON,True,True,True
dog 3.5-6.5 + off ATS loss + win pct <= .35 last yr,3,94,78,1,59,48,35,30,0.05765457677526649,172,0.5465116279069767,0.5514018691588785,65,0.5384615384615384,0.2526624533075268,0.33370511619743876,1.0,0.046511627906976716,ON,True,True,True
opp ATS <= .35 (6+ gp) + win pct <= .35 last yr,2,94,78,5,54,49,40,29,0.06661686809068536,172,0.5465116279069767,0.5242718446601942,69,0.5797101449275363,0.2526624533075268,0.6936859650244835,1.0,0.046511627906976716,ON,True,True,True
off ATS cover by 14+ + weeks 5-12 + late afternoon,3,72,58,1,39,34,33,24,0.0790782543157587,130,0.5538461538461539,0.5342465753424658,57,0.5789473684210527,0.25412455431009884,0.6399729317539425,1.0,0.05384615384615388,ON,True,True,True
opp off ATS cover by 14+ + weeks 5-12 + late afternoon,3,58,72,1,34,39,24,33,-0.13607601580910303,130,0.4461538461538462,0.4657534246575342,57,0.42105263157894735,0.25412455431009884,0.6399729317539425,1.0,0.05384615384615382,FADE,True,True,True
fav 3.5-6.5 + off SU win + weeks 1-4,3,68,83,2,35,46,33,37,-0.11278266352394077,151,0.4503311258278146,0.43209876543209874,70,0.4714285714285714,0.2545002933425908,0.2664123096713203,1.0,0.04966887417218541,FADE,True,True,True
dog 3.5-6.5 + opp off SU win + weeks 1-4,3,83,68,2,46,35,37,33,0.06476362276574381,151,0.5496688741721855,0.5679012345679012,70,0.5285714285714286,0.2545002933425908,0.2664123096713203,1.0,0.04966887417218546,ON,True,True,True
off SU loss + win pct >= .667 (4+ gp) + dome/closed,3,62,49,3,34,24,28,25,0.08156256188529007,111,0.5585585585585585,0.5862068965517241,53,0.5283018867924528,0.2546051230937942,0.23704711476271959,1.0,0.058558558558558516,ON,True,True,True
opp off blowout win (17+) + win pct <= .333 (4+ gp) + non-division,3,49,62,2,26,31,23,31,-0.1500000245588858,111,0.44144144144144143,0.45614035087719296,54,0.42592592592592593,0.2546051230937942,0.5966417603730826,1.0,0.05855855855855857,FADE,True,True,True
dog 3.5-6.5 + off ATS loss + new starting QB vs last game,3,49,62,1,26,29,23,33,-0.14237174209115877,111,0.44144144144144143,0.4727272727272727,56,0.4107142857142857,0.2546051230937942,0.7877061896700431,1.0,0.05855855855855857,FADE,True,True,True
home + off SU loss + total >=50,3,103,121,0,63,70,40,51,-0.1139430409294616,224,0.45982142857142855,0.47368421052631576,91,0.43956043956043955,0.2559646178121216,0.6030463891288798,1.0,0.04017857142857145,FADE,True,True,True
away + opp off SU loss + total >=50,3,121,103,0,70,63,51,40,0.04911533578650055,224,0.5401785714285714,0.5263157894736842,91,0.5604395604395604,0.2559646178121216,0.6030463891288798,1.0,0.0401785714285714,ON,True,True,True
opp made playoffs last yr + final 2 reg weeks + division game,3,69,84,4,44,50,25,34,-0.12470888117920118,153,0.45098039215686275,0.46808510638297873,59,0.423728813559322,0.25763377654672226,0.6062959376939656,1.0,0.04901960784313725,FADE,True,True,True
dog + off 2 straight ATS wins + opp ATS >= .65 (6+ gp),3,59,73,4,34,40,25,33,-0.12803641661206294,132,0.44696969696969696,0.4594594594594595,58,0.43103448275862066,0.25776108784325424,0.5613807442989817,1.0,0.05303030303030304,FADE,True,True,True
off 2 straight SU wins + off 2 straight ATS wins + opp ATS <= .35 (6+ gp),3,59,73,5,36,43,23,30,-0.11865573971405143,132,0.44696969696969696,0.45569620253164556,53,0.4339622641509434,0.25776108784325424,0.499896876860327,1.0,0.05303030303030304,FADE,True,True,True
away + dog + outdoor <=35F,3,92,109,4,52,59,40,50,-0.10551718541291746,201,0.4577114427860697,0.46846846846846846,90,0.4444444444444444,0.2590335472172408,0.5692202278035752,1.0,0.04228855721393032,FADE,True,True,True
home + fav + outdoor <=35F,3,109,92,4,59,52,50,40,0.04912288353480199,201,0.5422885572139303,0.5315315315315315,90,0.5555555555555556,0.2590335472172408,0.5692202278035752,1.0,0.04228855721393032,ON,True,True,True
fav + ATS >= .65 (6+ gp) + made playoffs last yr,3,132,152,10,79,90,53,62,-0.09054197492741571,284,0.4647887323943662,0.46745562130177515,115,0.4608695652173913,0.25951806907049685,0.44185016848818254,1.0,0.03521126760563381,FADE,True,True,True
fav + off 2 straight ATS wins + ATS >= .65 (6+ gp),3,132,152,5,78,86,54,66,-0.09669546783557181,284,0.4647887323943662,0.47560975609756095,120,0.45,0.25951806907049685,0.584783499116973,1.0,0.03521126760563381,FADE,True,True,True
dog + win pct <= .35 last yr + weeks 13+ (reg),3,185,163,9,99,88,86,75,0.030015093475965777,348,0.5316091954022989,0.5294117647058824,161,0.5341614906832298,0.26025470931802147,0.46470690460290326,1.0,0.031609195402298895,ON,True,True,True
fav + win pct >= .667 (4+ gp) + opp new starting QB,3,70,85,6,32,36,38,49,-0.11559606943666122,155,0.45161290322580644,0.47058823529411764,87,0.4367816091954023,0.26073208800060255,0.716300760154337,1.0,0.04838709677419356,FADE,True,True,True
off ATS loss + win pct >= .667 (4+ gp) + dome/closed,3,97,81,5,49,43,48,38,0.057616872902087,178,0.5449438202247191,0.532608695652174,86,0.5581395348837209,0.2608293352608434,0.6024122776961505,1.0,0.0449438202247191,ON,True,True,True
opp off SU win + pt diff/gm <= -7 (4+ gp) + weeks 5-12,3,119,138,8,72,83,47,55,-0.1066832370819789,257,0.46303501945525294,0.4645161290322581,102,0.46078431372549017,0.2614789351731681,0.42193883301297325,1.0,0.03696498054474706,FADE,True,True,True
home + fav + win pct <= .333 (4+ gp),3,106,124,7,68,78,38,46,-0.10005996882026691,230,0.4608695652173913,0.4657534246575342,84,0.4523809523809524,0.26226702910418964,0.4564822349651257,1.0,0.03913043478260869,FADE,True,True,True
off SU loss + off 2 straight ATS losses + new starting QB vs last game,3,106,124,7,58,65,48,59,-0.10758019597037562,230,0.4608695652173913,0.4715447154471545,107,0.4485981308411215,0.26226702910418964,0.5886880630911524,1.0,0.03913043478260869,FADE,True,True,True
fav 9+ + made playoffs last yr + weeks 5-12,3,82,98,5,47,55,35,43,-0.09924858108586722,180,0.45555555555555555,0.46078431372549017,78,0.44871794871794873,0.26349864484456237,0.48843446453263245,1.0,0.04444444444444445,FADE,True,True,True
off SU loss + non-division + opp new starting QB,3,94,111,8,45,57,49,54,-0.10500719111904112,205,0.4585365853658537,0.4411764705882353,103,0.47572815533980584,0.26373833548604814,0.27601389249250174,1.0,0.04146341463414632,FADE,True,True,True
opp off SU loss + non-division + new starting QB vs last game,3,111,94,8,57,45,54,49,0.045596610617554906,205,0.5414634146341464,0.5588235294117647,103,0.5242718446601942,0.26373833548604814,0.27601389249250174,1.0,0.04146341463414638,ON,True,True,True
away + week 1,2,125,107,4,76,63,49,44,0.04974238916528752,232,0.5387931034482759,0.5467625899280576,93,0.5268817204301075,0.2643360364060419,0.3087525691928281,1.0,0.03879310344827591,ON,True,True,True
home + week 1,2,107,125,4,63,76,44,49,-0.1008127895247892,232,0.46120689655172414,0.45323741007194246,93,0.4731182795698925,0.2643360364060419,0.3087525691928281,1.0,0.038793103448275856,FADE,True,True,True
away + off 2 straight SU wins + final 2 reg weeks,3,61,75,1,33,43,28,32,-0.1281153176158459,136,0.4485294117647059,0.4342105263157895,60,0.4666666666666667,0.26489299040582126,0.3018724904870079,1.0,0.0514705882352941,FADE,True,True,True
off ATS cover by 14+ + opp off SU loss + weeks 5-12,3,112,95,4,70,60,42,35,0.055656334270924646,207,0.5410628019323671,0.5384615384615384,77,0.5454545454545454,0.266060628247027,0.4300208839753426,1.0,0.04106280193236711,ON,True,True,True
off SU loss + opp off ATS cover by 14+ + weeks 5-12,3,95,112,4,60,70,35,42,-0.11235285976786925,207,0.45893719806763283,0.46153846153846156,77,0.45454545454545453,0.266060628247027,0.4300208839753426,1.0,0.041062801932367166,FADE,True,True,True
fav + off ATS loss + ATS <= .35 (6+ gp),3,83,99,5,46,52,37,47,-0.10759850616360966,182,0.45604395604395603,0.46938775510204084,84,0.44047619047619047,0.2661420292429953,0.613734467630139,1.0,0.043956043956043966,FADE,True,True,True
off SU loss + opp off ATS cover by 14+ + made playoffs last yr,3,72,87,7,44,54,28,33,-0.11152137253984844,159,0.4528301886792453,0.4489795918367347,61,0.45901639344262296,0.26682526360032166,0.3633541876640533,1.0,0.047169811320754707,FADE,True,True,True
opp off SU win + cross-country road trip,2,127,109,3,74,62,53,47,0.041677710282121715,236,0.538135593220339,0.5441176470588235,100,0.53,0.26842731169189293,0.3455925658608849,1.0,0.03813559322033899,ON,True,True,True
away + opp off SU win + cross-country road trip,3,127,109,3,74,62,53,47,0.041677710282121715,236,0.538135593220339,0.5441176470588235,100,0.53,0.26842731169189293,0.3455925658608849,1.0,0.03813559322033899,ON,True,True,True
opp off SU win + non-division + cross-country road trip,3,127,109,3,74,62,53,47,0.041677710282121715,236,0.538135593220339,0.5441176470588235,100,0.53,0.26842731169189293,0.3455925658608849,1.0,0.03813559322033899,ON,True,True,True
off upset loss (lost as fav) + opp off SU loss + 1pm ET window,3,174,153,11,103,90,71,63,0.03783467695749253,327,0.5321100917431193,0.533678756476684,134,0.5298507462686567,0.2686986313239079,0.3877628782642032,1.0,0.032110091743119296,ON,True,True,True
off 2 straight ATS wins + opp off SU win + primetime,3,84,100,5,48,55,36,45,-0.10977301925098946,184,0.45652173913043476,0.46601941747572817,81,0.4444444444444444,0.2687598253244402,0.5546010666648736,1.0,0.043478260869565244,FADE,True,True,True
home + weeks 5-12 + total <=41,3,142,123,15,87,78,55,45,0.040914711404061894,265,0.5358490566037736,0.5272727272727272,100,0.55,0.2688100302830912,0.5335448936308462,1.0,0.03584905660377358,ON,True,True,True
away + weeks 5-12 + total <=41,3,123,142,15,78,87,45,55,-0.09401614989148083,265,0.4641509433962264,0.4727272727272727,100,0.45,0.2688100302830912,0.5335448936308462,1.0,0.03584905660377358,FADE,True,True,True
off upset win (won as dog) + ATS >= .65 (6+ gp),2,73,88,3,41,52,32,36,-0.11577579514145324,161,0.453416149068323,0.44086021505376344,68,0.47058823529411764,0.26982115209234053,0.29973169689703033,1.0,0.046583850931676996,FADE,True,True,True
home + made playoffs last yr + outdoor <=35F,3,88,73,5,45,40,43,33,0.05800514884538595,161,0.546583850931677,0.5294117647058824,76,0.5657894736842105,0.26982115209234053,0.664645490413214,1.0,0.04658385093167705,ON,True,True,True
fav 7+ + opp off SU win + 1pm ET window,3,73,88,8,48,56,25,32,-0.10427127840361158,161,0.453416149068323,0.46153846153846156,57,0.43859649122807015,0.26982115209234053,0.4926450664865023,1.0,0.046583850931676996,FADE,True,True,True
dog 7+ + off SU win + 1pm ET window,3,88,73,8,56,48,32,25,0.04306659659964172,161,0.546583850931677,0.5384615384615384,57,0.5614035087719298,0.26982115209234053,0.4926450664865023,1.0,0.04658385093167705,ON,True,True,True
off upset win (won as dog) + off ATS win + ATS >= .65 (6+ gp),3,73,88,3,41,52,32,36,-0.11577579514145324,161,0.453416149068323,0.44086021505376344,68,0.47058823529411764,0.26982115209234053,0.29973169689703033,1.0,0.046583850931676996,FADE,True,True,True
off 2 straight SU wins + weeks 13+ (reg) + outdoor <=35F,3,53,66,1,25,35,28,31,-0.13450553786925348,119,0.44537815126050423,0.4166666666666667,59,0.4745762711864407,0.27124833775940516,0.2450608330229457,1.0,0.05462184873949577,FADE,True,True,True
dog 3 + win pct <= .35 last yr + 1pm ET window,3,56,44,10,27,21,29,23,0.08502253487805977,100,0.56,0.5625,52,0.5576923076923077,0.27125302407383545,0.470879013621712,1.0,0.06000000000000005,ON,True,True,True
dog 7+ + worse record than opp by .3+ + dome/closed,3,77,63,2,42,34,35,29,0.04847480060271042,140,0.55,0.5526315789473685,64,0.546875,0.27184203624171216,0.42219110499231566,1.0,0.050000000000000044,ON,True,True,True
off bye + opp off SU win + win pct >= .667 (4+ gp),3,63,77,1,41,46,22,31,-0.12362006728879578,140,0.45,0.47126436781609193,53,0.41509433962264153,0.27184203624171216,0.6682849967188081,1.0,0.04999999999999999,FADE,True,True,True
fav + off SU loss + new starting QB vs last game,3,63,77,2,31,39,32,38,-0.12404690107890895,140,0.45,0.44285714285714284,70,0.45714285714285713,0.27184203624171216,0.40296307504607976,1.0,0.04999999999999999,FADE,True,True,True
dog + opp off SU loss + opp new starting QB,3,77,63,2,39,31,38,32,0.064356227711313,140,0.55,0.5571428571428572,70,0.5428571428571428,0.27184203624171216,0.40296307504607976,1.0,0.050000000000000044,ON,True,True,True
home + win pct <= .333 (4+ gp) + late afternoon,3,74,89,2,39,50,35,39,-0.11717093821976336,163,0.4539877300613497,0.43820224719101125,74,0.47297297297297297,0.2727839165101225,0.28909608069606096,1.0,0.04601226993865032,FADE,True,True,True
away + win pct <= .35 last yr + total <=41,3,89,74,8,58,46,31,28,0.056036861212460105,163,0.5460122699386503,0.5576923076923077,59,0.5254237288135594,0.2727839165101225,0.280690329034179,1.0,0.04601226993865026,ON,True,True,True
home + win pct <= .35 last yr + dome/closed,3,115,98,3,51,41,64,57,0.047759427687285416,213,0.539906103286385,0.5543478260869565,121,0.5289256198347108,0.2729098348297137,0.3481412903192068,1.0,0.039906103286385,ON,True,True,True
dog 0.5-2.5 + made playoffs last yr,2,177,156,1,93,81,84,75,0.05089966381659089,333,0.5315315315315315,0.5344827586206896,159,0.5283018867924528,0.2730580092734079,0.4044033069094145,1.0,0.03153153153153154,ON,True,True,True
off ATS loss + win pct >= .667 (4+ gp) + non-division,3,214,191,10,116,102,98,89,0.02496058389432147,405,0.528395061728395,0.5321100917431193,187,0.5240641711229946,0.27429194959623104,0.3786462859772508,1.0,0.02839506172839501,ON,True,True,True
away + primetime + non-division,3,229,254,11,119,133,110,121,-0.0786326612419312,483,0.474120082815735,0.4722222222222222,231,0.47619047619047616,0.274800741633802,0.41288209844860646,1.0,0.025879917184265022,FADE,True,True,True
home + primetime + non-division,3,254,229,11,133,119,121,110,0.01889614196912772,483,0.525879917184265,0.5277777777777778,231,0.5238095238095238,0.274800741633802,0.41288209844860646,1.0,0.025879917184264967,ON,True,True,True
off 2 straight ATS losses + win pct <= .35 last yr + 1pm ET window,3,116,99,8,73,60,43,39,0.04453744395381683,215,0.5395348837209303,0.5488721804511278,82,0.524390243902439,0.27515442992165307,0.29807066339153937,1.0,0.03953488372093028,ON,True,True,True
off 2 straight SU wins + opp off SU loss + ATS >= .65 (6+ gp),3,99,116,4,58,65,41,51,-0.09903849451682051,215,0.4604651162790698,0.4715447154471545,92,0.44565217391304346,0.27515442992165307,0.5886880630911524,1.0,0.039534883720930225,FADE,True,True,True
dog 3.5-6.5 + off 1-score loss + opp off SU loss,3,64,78,1,41,50,23,28,-0.12619638277060988,142,0.4507042253521127,0.45054945054945056,51,0.45098039215686275,0.27524996897157333,0.40181279606987963,1.0,0.049295774647887314,FADE,True,True,True
off upset loss (lost as fav) + opp off blowout loss (17+),2,90,75,3,54,46,36,29,0.06702636450719947,165,0.5454545454545454,0.54,65,0.5538461538461539,0.27571405722982206,0.48411841360729163,1.0,0.045454545454545414,ON,True,True,True
off upset loss (lost as fav) + off ATS loss + opp off blowout loss (17+),3,90,75,3,54,46,36,29,0.06702636450719947,165,0.5454545454545454,0.54,65,0.5538461538461539,0.27571405722982206,0.48411841360729163,1.0,0.045454545454545414,ON,True,True,True
fav 7+ + weeks 13+ (reg) + 1pm ET window,3,117,100,8,68,58,49,42,0.06103980531986342,217,0.5391705069124424,0.5396825396825397,91,0.5384615384615384,0.2773801588048457,0.42279113414588027,1.0,0.03917050691244239,ON,True,True,True
dog 7+ + weeks 13+ (reg) + 1pm ET window,3,100,117,8,58,68,42,49,-0.11236991202795227,217,0.4608294930875576,0.4603174603174603,91,0.46153846153846156,0.2773801588048457,0.42279113414588027,1.0,0.03917050691244239,FADE,True,True,True
fav + off ATS win + opp made playoffs last yr,3,144,164,12,90,99,54,65,-0.08621120680647218,308,0.4675324675324675,0.47619047619047616,119,0.453781512605042,0.278952823977195,0.5607400079004072,1.0,0.03246753246753248,FADE,True,True,True
home + fav + opp ATS >= .65 (6+ gp),3,104,88,5,60,48,44,40,0.0464187858912817,192,0.5416666666666666,0.5555555555555556,84,0.5238095238095238,0.27898176903639166,0.2897982154050607,1.0,0.04166666666666663,ON,True,True,True
home + rest disadv 3+ days + made playoffs last yr,3,88,104,3,53,60,35,44,-0.1056819709009163,192,0.4583333333333333,0.4690265486725664,79,0.4430379746835443,0.27898176903639166,0.5726564757939475,1.0,0.041666666666666685,FADE,True,True,True
off 2 straight SU wins + opp off ATS cover by 14+ + non-division,3,104,88,3,61,53,43,35,0.05373075615685372,192,0.5416666666666666,0.5350877192982456,78,0.5512820512820513,0.27898176903639166,0.5122548722298447,1.0,0.04166666666666663,ON,True,True,True
away + dog + ATS >= .65 (6+ gp),3,88,104,5,48,60,40,44,-0.1010103199780017,192,0.4583333333333333,0.4444444444444444,84,0.47619047619047616,0.27898176903639166,0.2897982154050607,1.0,0.041666666666666685,FADE,True,True,True
off ATS miss by 14+ + win pct >= .667 (4+ gp),2,68,55,2,41,31,27,24,0.08056818870850317,123,0.5528455284552846,0.5694444444444444,51,0.5294117647058824,0.27919855497607954,0.2887842804141049,1.0,0.05284552845528456,ON,True,True,True
off SU loss + off ATS miss by 14+ + win pct >= .667 (4+ gp),3,68,55,2,41,31,27,24,0.08056818870850317,123,0.5528455284552846,0.5694444444444444,51,0.5294117647058824,0.27919855497607954,0.2887842804141049,1.0,0.05284552845528456,ON,True,True,True
fav 9+ + off 2 straight SU wins + better record than opp by .3+,3,77,92,2,43,51,34,41,-0.10921798299586873,169,0.4556213017751479,0.4574468085106383,75,0.4533333333333333,0.28147844170582365,0.4704921148903704,1.0,0.044378698224852076,FADE,True,True,True
off ATS win + opp off SU loss + opp made playoffs last yr,3,162,183,12,95,107,67,76,-0.08453716262285654,345,0.46956521739130436,0.47029702970297027,143,0.46853146853146854,0.2815676815447885,0.439033106362368,1.0,0.030434782608695643,FADE,True,True,True
off 2 straight ATS losses + primetime,2,166,146,6,92,83,74,63,0.031077579952193887,312,0.532051282051282,0.5257142857142857,137,0.5401459854014599,0.2820582345640967,0.5454726578478974,1.0,0.03205128205128205,ON,True,True,True
off 2 straight SU losses + late afternoon + non-division,3,150,131,9,90,77,60,54,0.034586597713601744,281,0.5338078291814946,0.5389221556886228,114,0.5263157894736842,0.28289559967775374,0.35313775401242087,1.0,0.03380782918149461,ON,True,True,True
off upset loss (lost as fav) + made playoffs last yr + weeks 1-4,3,69,56,4,37,29,32,27,0.07569810103525652,125,0.552,0.5606060606060606,59,0.5423728813559322,0.2830852395827476,0.3890524605477928,1.0,0.052000000000000046,ON,True,True,True
fav 3.5-6.5 + off upset loss (lost as fav) + opp off SU loss,3,69,56,0,37,31,32,25,0.07510385374587916,125,0.552,0.5441176470588235,57,0.5614035087719298,0.2830852395827476,0.5446122234192592,1.0,0.052000000000000046,ON,True,True,True
rest disadv 3+ days + win pct <= .333 (4+ gp) + 1pm ET window,3,69,56,5,42,33,27,23,0.07295689815277588,125,0.552,0.56,50,0.54,0.2830852395827476,0.3556992390814873,1.0,0.052000000000000046,ON,True,True,True
dog + off upset win (won as dog) + primetime,3,56,69,2,28,33,28,36,-0.1231546295726219,125,0.448,0.45901639344262296,64,0.4375,0.2830852395827476,0.6089207154048286,1.0,0.05199999999999999,FADE,True,True,True
opp off ATS cover by 14+ + pt diff/gm >= +7 (4+ gp),2,78,93,1,49,56,29,37,-0.11014449584038223,171,0.45614035087719296,0.4666666666666667,66,0.4393939393939394,0.2843136579753455,0.5583942911655911,1.0,0.04385964912280704,FADE,True,True,True
off 2 straight SU wins + opp off SU loss + total <=41,3,67,81,6,43,51,24,30,-0.10957204481683591,148,0.4527027027027027,0.4574468085106383,54,0.4444444444444444,0.28521668718128307,0.4704921148903704,1.0,0.047297297297297314,FADE,True,True,True
off 1-score loss + non-division + opp new starting QB,3,47,59,6,22,30,25,29,-0.13008959278861454,106,0.44339622641509435,0.4230769230769231,54,0.46296296296296297,0.2852844218656583,0.3317497633694906,1.0,0.05660377358490565,FADE,True,True,True
fav 3.5-6.5 + off SU loss + weeks 5-12,3,104,121,2,65,78,39,43,-0.0989188325536078,225,0.4622222222222222,0.45454545454545453,82,0.47560975609756095,0.28609877375780085,0.3156248974433412,1.0,0.0377777777777778,FADE,True,True,True
dog 3.5-6.5 + opp off SU loss + weeks 5-12,3,121,104,2,78,65,43,39,0.043414853063726264,225,0.5377777777777778,0.5454545454545454,82,0.524390243902439,0.28609877375780085,0.3156248974433412,1.0,0.0377777777777778,ON,True,True,True
pt diff/gm >= +7 (4+ gp) + non-division + dome/closed,3,91,107,0,51,63,40,44,-0.10694090700997237,198,0.4595959595959596,0.4473684210526316,84,0.47619047619047616,0.2863956298917919,0.3028775526303248,1.0,0.04040404040404039,FADE,True,True,True
fav 7+ + opp off blowout loss (17+) + made playoffs last yr,3,94,79,0,51,46,43,33,0.06936082548383544,173,0.5433526011560693,0.5257731958762887,76,0.5657894736842105,0.28711819509781034,0.6848587772144039,1.0,0.043352601156069315,ON,True,True,True
off 1-score loss + off 2 straight ATS losses + opp off SU loss,3,153,134,10,92,79,61,55,0.038396948266936334,287,0.5331010452961672,0.5380116959064327,116,0.5258620689655172,0.2879884084524718,0.35883421580084407,1.0,0.0331010452961672,ON,True,True,True
dog 7+ + off SU loss + weeks 13+ (reg),3,134,153,7,73,83,61,70,-0.10032820200653352,287,0.46689895470383275,0.46794871794871795,131,0.46564885496183206,0.2879884084524718,0.47128610321960557,1.0,0.03310104529616725,FADE,True,True,True
fav 7+ + opp off SU loss + weeks 13+ (reg),3,153,134,7,83,73,70,61,0.047221336137535076,287,0.5331010452961672,0.532051282051282,131,0.5343511450381679,0.2879884084524718,0.47128610321960557,1.0,0.0331010452961672,ON,True,True,True
home + off 1-score loss + off ATS win,3,150,170,6,87,98,63,72,-0.08462254114430232,320,0.46875,0.4702702702702703,135,0.4666666666666667,0.28816003219473135,0.4623030339182497,1.0,0.03125,FADE,True,True,True
away + off SU win + off ATS loss,3,170,150,9,102,92,68,58,0.0336190396506298,320,0.53125,0.5257731958762887,126,0.5396825396825397,0.28816003219473135,0.5182802738139709,1.0,0.03125,ON,True,True,True
home + fav 3.5-6.5 + 1pm ET window,3,204,227,1,134,149,70,78,-0.07467221670536472,431,0.4733178654292343,0.4734982332155477,148,0.47297297297297297,0.28926867046743526,0.4053315878032656,1.0,0.02668213457076568,FADE,True,True,True
away + dog 3.5-6.5 + 1pm ET window,3,227,204,1,149,134,78,70,0.024408081114977255,431,0.5266821345707656,0.5265017667844523,148,0.527027027027027,0.28926867046743526,0.4053315878032656,1.0,0.026682134570765625,ON,True,True,True
home + outdoor <=35F,2,154,135,6,84,75,70,60,0.03168336145231831,289,0.532871972318339,0.5283018867924528,130,0.5384615384615384,0.2896639099747189,0.5259245063255036,1.0,0.03287197231833905,ON,True,True,True
away + outdoor <=35F,2,135,154,6,75,84,60,70,-0.08813330300232912,289,0.4671280276816609,0.4716981132075472,130,0.46153846153846156,0.2896639099747189,0.5259245063255036,1.0,0.032871972318339104,FADE,True,True,True
win pct <= .35 last yr + 1pm ET window + new starting QB vs last game,3,60,48,1,29,24,31,24,0.07678551639661059,108,0.5555555555555556,0.5471698113207547,55,0.5636363636363636,0.2897982154050607,0.5831321542611763,1.0,0.05555555555555558,ON,True,True,True
ATS >= .65 (6+ gp) + weeks 5-12 + 1pm ET window,3,106,123,8,62,69,44,54,-0.094814299383052,229,0.462882096069869,0.4732824427480916,98,0.4489795918367347,0.2903504959901082,0.6002946177102675,1.0,0.03711790393013098,FADE,True,True,True
opp ATS >= .65 (6+ gp) + weeks 5-12 + 1pm ET window,3,123,106,8,69,62,54,44,0.04058299599305337,229,0.537117903930131,0.5267175572519084,98,0.5510204081632653,0.2903504959901082,0.6002946177102675,1.0,0.037117903930131035,ON,True,True,True
off 2 straight SU wins + made playoffs last yr + final 2 reg weeks,3,58,71,3,30,39,28,32,-0.12459004302532185,129,0.4496124031007752,0.43478260869565216,60,0.4666666666666667,0.2906878547807367,0.3355576182340152,1.0,0.050387596899224785,FADE,True,True,True
opp off ATS cover by 14+ + non-division + total >=50,3,58,71,2,32,41,26,30,-0.12802833707306616,129,0.4496124031007752,0.4383561643835616,56,0.4642857142857143,0.2906878547807367,0.34918183817058834,1.0,0.050387596899224785,FADE,True,True,True
off ATS cover by 14+ + non-division + total >=50,3,71,58,2,41,32,30,26,0.07380309039710298,129,0.5503875968992248,0.5616438356164384,56,0.5357142857142857,0.2906878547807367,0.34918183817058834,1.0,0.050387596899224785,ON,True,True,True
dog + win pct <= .35 last yr + total >=50,3,71,58,4,41,32,30,26,0.060948314441558765,129,0.5503875968992248,0.5616438356164384,56,0.5357142857142857,0.2906878547807367,0.34918183817058834,1.0,0.050387596899224785,ON,True,True,True
dog + late afternoon + East team at West coast,3,71,58,2,39,32,32,26,0.061192992681525095,129,0.5503875968992248,0.5492957746478874,58,0.5517241379310345,0.2906878547807367,0.47668779343427553,1.0,0.050387596899224785,ON,True,True,True
dog + off ATS loss + new starting QB vs last game,3,172,152,13,88,79,84,73,0.021814607390526024,324,0.5308641975308642,0.5269461077844312,157,0.535031847133758,0.2911576204047689,0.536005062379635,1.0,0.030864197530864224,ON,True,True,True
off ATS cover by 14+ + pt diff/gm >= +7 (4+ gp) + non-division,3,93,109,1,57,63,36,46,-0.10423612510016853,202,0.4603960396039604,0.475,82,0.43902439024390244,0.29122267055843765,0.6482600518210054,1.0,0.039603960396039584,FADE,True,True,True
home + opp off blowout loss (17+) + division game,3,81,96,0,49,55,32,41,-0.10594368199263175,177,0.4576271186440678,0.47115384615384615,73,0.4383561643835616,0.29263710818802957,0.624143515844679,1.0,0.0423728813559322,FADE,True,True,True
away + off blowout loss (17+) + division game,3,96,81,0,55,49,41,32,0.05220419998159879,177,0.5423728813559322,0.5288461538461539,73,0.5616438356164384,0.29263710818802957,0.624143515844679,1.0,0.0423728813559322,ON,True,True,True
off 2 straight SU wins + ATS >= .65 (6+ gp) + late afternoon,3,81,96,1,44,55,37,41,-0.10849106725315026,177,0.4576271186440678,0.4444444444444444,78,0.47435897435897434,0.29263710818802957,0.3148798910376227,1.0,0.0423728813559322,FADE,True,True,True
off SU loss + worse record than opp by .3+ + late afternoon,3,81,96,1,50,55,31,41,-0.11772407804791206,177,0.4576271186440678,0.47619047619047616,72,0.4305555555555556,0.29263710818802957,0.6964676629916763,1.0,0.0423728813559322,FADE,True,True,True
dog + win pct >= .667 (4+ gp) + non-division,3,173,153,5,97,88,76,65,0.03605554911143853,326,0.5306748466257669,0.5243243243243243,141,0.5390070921985816,0.29264334527010466,0.5565347647566323,1.0,0.030674846625766916,ON,True,True,True
dog + non-division + new starting QB vs last game,3,156,137,11,74,66,82,71,0.02779475536169755,293,0.5324232081911263,0.5285714285714286,153,0.5359477124183006,0.29298237456948273,0.5542689157763164,1.0,0.03242320819112632,ON,True,True,True
fav + non-division + opp new starting QB,3,137,156,11,66,74,71,82,-0.08332445097282229,293,0.46757679180887374,0.4714285714285714,153,0.46405228758169936,0.29298237456948273,0.5542689157763164,1.0,0.03242320819112626,FADE,True,True,True
off upset win (won as dog) + total <=41,2,122,140,11,78,91,44,49,-0.09315979595077974,262,0.46564885496183206,0.46153846153846156,93,0.4731182795698925,0.2935818879050747,0.3560041265046844,1.0,0.03435114503816794,FADE,True,True,True
off upset win (won as dog) + off ATS win + total <=41,3,122,140,11,78,91,44,49,-0.09315979595077974,262,0.46564885496183206,0.46153846153846156,93,0.4731182795698925,0.2935818879050747,0.3560041265046844,1.0,0.03435114503816794,FADE,True,True,True
opp off SU loss + weeks 5-12 + primetime,3,154,174,8,92,105,62,69,-0.08799757444654281,328,0.4695121951219512,0.467005076142132,131,0.4732824427480916,0.29412045424730443,0.3926260446804673,1.0,0.030487804878048808,FADE,True,True,True
off SU loss + weeks 5-12 + primetime,3,174,154,8,105,92,69,62,0.0249482824051429,328,0.5304878048780488,0.5329949238578681,131,0.5267175572519084,0.29412045424730443,0.3926260446804673,1.0,0.030487804878048808,ON,True,True,True
dog 3 + off upset win (won as dog),2,61,49,9,31,26,30,23,0.0813473115344225,110,0.5545454545454546,0.543859649122807,53,0.5660377358490566,0.29423370844429203,0.5966417603730826,1.0,0.054545454545454564,ON,True,True,True
dog 3 + off upset win (won as dog) + off ATS win,3,61,49,9,31,26,30,23,0.0813473115344225,110,0.5545454545454546,0.543859649122807,53,0.5660377358490566,0.29423370844429203,0.5966417603730826,1.0,0.054545454545454564,ON,True,True,True
dog 0.5-2.5 + off upset win (won as dog),2,70,84,1,44,50,26,34,-0.09595104617571001,154,0.45454545454545453,0.46808510638297873,60,0.43333333333333335,0.29481351399329214,0.6062959376939656,1.0,0.04545454545454547,FADE,True,True,True
off SU win + made playoffs last yr + Monday,3,84,70,4,42,32,42,38,0.058996287348979014,154,0.5454545454545454,0.5675675675675675,80,0.525,0.29481351399329214,0.29541328065567,1.0,0.045454545454545414,ON,True,True,True
dog 0.5-2.5 + off upset win (won as dog) + off ATS win,3,70,84,1,44,50,26,34,-0.09595104617571001,154,0.45454545454545453,0.46808510638297873,60,0.43333333333333335,0.29481351399329214,0.6062959376939656,1.0,0.04545454545454547,FADE,True,True,True
dog 10+ + off 2 straight SU losses + win pct <= .333 (4+ gp),3,82,97,4,47,55,35,42,-0.12137513633879499,179,0.4581005586592179,0.46078431372549017,77,0.45454545454545453,0.295352405876935,0.48843446453263245,1.0,0.041899441340782106,FADE,True,True,True
opp off SU loss + cross-country road trip,2,111,95,7,58,47,53,48,0.047097446050631195,206,0.5388349514563107,0.5523809523809524,101,0.5247524752475248,0.2959601475446411,0.329137126166139,1.0,0.03883495145631066,ON,True,True,True
away + opp off SU loss + cross-country road trip,3,111,95,7,58,47,53,48,0.047097446050631195,206,0.5388349514563107,0.5523809523809524,101,0.5247524752475248,0.2959601475446411,0.329137126166139,1.0,0.03883495145631066,ON,True,True,True
opp off SU loss + non-division + cross-country road trip,3,111,95,7,58,47,53,48,0.047097446050631195,206,0.5388349514563107,0.5523809523809524,101,0.5247524752475248,0.2959601475446411,0.329137126166139,1.0,0.03883495145631066,ON,True,True,True
off blowout win (17+) + off ATS cover by 14+ + total >=50,3,85,71,2,49,40,36,31,0.06439705224472993,156,0.5448717948717948,0.550561797752809,67,0.5373134328358209,0.29793364454191973,0.39657015814551605,1.0,0.04487179487179482,ON,True,True,True
off SU loss + worse record than opp by .3+ + made playoffs last yr,3,85,71,3,50,40,35,31,0.047382305778415346,156,0.5448717948717948,0.5555555555555556,66,0.5303030303030303,0.29793364454191973,0.3428331194207878,1.0,0.04487179487179482,ON,True,True,True
fav 0.5-2.5 + off ATS win + dome/closed,3,60,73,1,31,40,29,33,-0.12890477932948288,133,0.45112781954887216,0.43661971830985913,62,0.46774193548387094,0.29807066339153937,0.34247099841986794,1.0,0.048872180451127845,FADE,True,True,True
away + opp ATS <= .35 (6+ gp) + weeks 13+ (reg),3,60,73,5,36,43,24,30,-0.11410121181290127,133,0.45112781954887216,0.45569620253164556,54,0.4444444444444444,0.29807066339153937,0.499896876860327,1.0,0.048872180451127845,FADE,True,True,True
dog + win pct <= .35 last yr + new starting QB vs last game,3,73,60,1,34,30,39,30,0.061314642522719044,133,0.5488721804511278,0.53125,69,0.5652173913043478,0.29807066339153937,0.7079807541347641,1.0,0.048872180451127845,ON,True,True,True
home + ATS <= .35 (6+ gp) + weeks 13+ (reg),3,73,60,5,43,36,30,24,0.06400983981495051,133,0.5488721804511278,0.5443037974683544,54,0.5555555555555556,0.29807066339153937,0.499896876860327,1.0,0.048872180451127845,ON,True,True,True
fav 0.5-2.5 + off ATS loss + 1pm ET window,3,96,112,2,54,65,42,47,-0.11360835640036235,208,0.46153846153846156,0.453781512605042,89,0.47191011235955055,0.29829604748976685,0.3593582639051107,1.0,0.038461538461538436,FADE,True,True,True
opp off SU loss + made playoffs last yr + outdoor <=35F,3,62,50,1,32,27,30,23,0.0755493122156828,112,0.5535714285714286,0.5423728813559322,53,0.5660377358490566,0.2985928528328461,0.6029232012571504,1.0,0.0535714285714286,ON,True,True,True
dog + win pct <= .333 (4+ gp) + new starting QB vs last game,3,113,97,3,56,49,57,48,0.03905281806383215,210,0.5380952380952381,0.5333333333333333,105,0.5428571428571428,0.3006104461467382,0.5583942911655911,1.0,0.03809523809523807,ON,True,True,True
off 2 straight SU wins + late afternoon + dome/closed,3,113,97,0,54,48,59,49,0.046195537010695766,210,0.5380952380952381,0.5294117647058824,108,0.5462962962962963,0.3006104461467382,0.6207676687971154,1.0,0.03809523809523807,ON,True,True,True
fav 3.5-6.5 + off ATS win + pt diff/gm >= +7 (4+ gp),3,72,86,1,44,54,28,32,-0.11173058137434526,158,0.45569620253164556,0.4489795918367347,60,0.4666666666666667,0.30101553819656784,0.3633541876640533,1.0,0.044303797468354444,FADE,True,True,True
fav + off upset loss (lost as fav) + weeks 1-4,3,74,61,3,42,36,32,25,0.06639143238472694,135,0.5481481481481482,0.5384615384615384,57,0.5614035087719298,0.30168250274562936,0.5715867180030723,1.0,0.04814814814814816,ON,True,True,True
opp off SU win + weeks 5-12 + primetime,3,198,177,10,115,102,83,75,0.022438425632777585,375,0.528,0.5299539170506913,158,0.5253164556962026,0.30169278409308475,0.41535525707724746,1.0,0.028000000000000025,ON,True,True,True
off SU win + weeks 5-12 + primetime,3,177,198,10,102,115,75,83,-0.08133651690153768,375,0.472,0.4700460829493088,158,0.47468354430379744,0.30169278409308475,0.41535525707724746,1.0,0.028000000000000025,FADE,True,True,True
off ATS win + opp ATS >= .65 (6+ gp) + non-division,3,145,127,2,80,71,65,56,0.03591762083062553,272,0.5330882352941176,0.5298013245033113,121,0.5371900826446281,0.30263711948599564,0.515162502771079,1.0,0.03308823529411764,ON,True,True,True
home + off 2 straight ATS wins + division game,3,143,162,10,83,93,60,69,-0.07995238164122895,305,0.46885245901639344,0.4715909090909091,129,0.46511627906976744,0.30268463464309786,0.49762937022341097,1.0,0.03114754098360656,FADE,True,True,True
away + opp made playoffs last yr + weeks 1-4,3,98,114,5,60,70,38,44,-0.10277290791412723,212,0.46226415094339623,0.46153846153846156,82,0.4634146341463415,0.3029036319209498,0.4300208839753426,1.0,0.037735849056603765,FADE,True,True,True
off bye + off ATS win + non-division,3,114,98,3,64,54,50,44,0.04199502649995812,212,0.5377358490566038,0.5423728813559322,94,0.5319148936170213,0.3029036319209498,0.4074855344889005,1.0,0.037735849056603765,ON,True,True,True
off 2 straight SU losses + off 2 straight ATS losses + new starting QB vs last game,3,98,114,7,53,60,45,54,-0.10433918047850711,212,0.46226415094339623,0.4690265486725664,99,0.45454545454545453,0.3029036319209498,0.5726564757939475,1.0,0.037735849056603765,FADE,True,True,True
away + dog 9+ + weeks 13+ (reg),3,85,100,6,52,58,33,42,-0.11362612858178975,185,0.4594594594594595,0.4727272727272727,75,0.44,0.30332705263989157,0.6337556480191587,1.0,0.040540540540540515,FADE,True,True,True
home + fav 9+ + weeks 13+ (reg),3,100,85,6,58,52,42,33,0.05946508076979762,185,0.5405405405405406,0.5272727272727272,75,0.56,0.30332705263989157,0.6337556480191587,1.0,0.04054054054054057,ON,True,True,True
fav 3.5-6.5 + pt diff/gm >= +7 (4+ gp) + non-division,3,85,100,1,54,62,31,38,-0.10412852512460792,185,0.4594594594594595,0.46551724137931033,69,0.4492753623188406,0.30332705263989157,0.5159130749957946,1.0,0.040540540540540515,FADE,True,True,True
fav 9+ + better record than opp by .3+ + weeks 13+ (reg),3,87,73,2,48,40,39,33,0.06444388305758846,160,0.54375,0.5454545454545454,72,0.5416666666666666,0.30405987771541065,0.45574127943791265,1.0,0.043749999999999956,ON,True,True,True
dog 9+ + worse record than opp by .3+ + weeks 13+ (reg),3,73,87,2,40,48,33,39,-0.12432371461333191,160,0.45625,0.45454545454545453,72,0.4583333333333333,0.30405987771541065,0.45574127943791265,1.0,0.04375000000000001,FADE,True,True,True
off 2 straight SU wins + off ATS loss + division game,3,62,75,5,33,42,29,33,-0.1201922227383227,137,0.45255474452554745,0.44,62,0.46774193548387094,0.3052427781333528,0.3556992390814873,1.0,0.04744525547445255,FADE,True,True,True
off 1-score loss + opp off SU loss + ATS <= .35 (6+ gp),3,62,75,3,36,43,26,32,-0.11972486689881262,137,0.45255474452554745,0.45569620253164556,58,0.4482758620689655,0.3052427781333528,0.499896876860327,1.0,0.04744525547445255,FADE,True,True,True
off upset win (won as dog) + 1pm ET window + dome/closed,3,101,86,3,61,54,40,32,0.05461686883368417,187,0.5401069518716578,0.5304347826086957,72,0.5555555555555556,0.3059296433011418,0.5760121204363974,1.0,0.0401069518716578,ON,True,True,True
off ATS loss + opp off ATS cover by 14+ + made playoffs last yr,3,86,101,6,50,58,36,43,-0.10155168008310253,187,0.45989304812834225,0.46296296296296297,79,0.45569620253164556,0.3059296433011418,0.5007663934164357,1.0,0.04010695187165775,FADE,True,True,True
off 2 straight SU losses + final 2 reg weeks,2,129,147,6,71,83,58,64,-0.08608701334800768,276,0.4673913043478261,0.461038961038961,122,0.47540983606557374,0.30616939332305493,0.37545688817317846,1.0,0.03260869565217389,FADE,True,True,True
off 1-score loss + opp off SU win + dome/closed,3,131,114,6,65,56,66,58,0.03474597270389403,245,0.5346938775510204,0.5371900826446281,124,0.532258064516129,0.30667853950579027,0.46720710207696564,1.0,0.03469387755102038,ON,True,True,True
off upset win (won as dog) + opp off SU win + opp ATS >= .65 (6+ gp),3,64,52,1,36,30,28,22,0.06701990716044905,116,0.5517241379310345,0.5454545454545454,50,0.56,0.3070896636491838,0.5385827752459466,1.0,0.051724137931034475,ON,True,True,True
off upset win (won as dog) + off 2 straight ATS wins + ATS >= .65 (6+ gp),3,52,64,1,27,36,25,28,-0.1280549852862605,116,0.4482758620689655,0.42857142857142855,53,0.4716981132075472,0.3070896636491838,0.31350305329645284,1.0,0.051724137931034475,FADE,True,True,True
fav 3.5-6.5 + off blowout win (17+),2,100,116,1,63,70,37,46,-0.09544583110273896,216,0.46296296296296297,0.47368421052631576,83,0.4457831325301205,0.30742749872794795,0.6030463891288798,1.0,0.037037037037037035,FADE,True,True,True
dog 3.5-6.5 + opp off blowout win (17+),2,116,100,1,70,63,46,37,0.03803852719020335,216,0.5370370370370371,0.5263157894736842,83,0.5542168674698795,0.30742749872794795,0.6030463891288798,1.0,0.03703703703703709,ON,True,True,True
fav 3.5-6.5 + off blowout win (17+) + off ATS win,3,100,116,1,63,70,37,46,-0.09544583110273896,216,0.46296296296296297,0.47368421052631576,83,0.4457831325301205,0.30742749872794795,0.6030463891288798,1.0,0.037037037037037035,FADE,True,True,True
off 2 straight SU wins + opp off SU loss + total >=50,3,63,76,0,39,45,24,31,-0.10937448947949885,139,0.45323741007194246,0.4642857142857143,55,0.43636363636363634,0.3087525691928281,0.5856467947212253,1.0,0.04676258992805754,FADE,True,True,True
away + fav 0.5-2.5 + 1pm ET window,3,117,101,5,70,61,47,40,0.031637919472478404,218,0.536697247706422,0.5343511450381679,87,0.5402298850574713,0.30965873684105033,0.48472021812853044,1.0,0.03669724770642202,ON,True,True,True
home + dog 0.5-2.5 + 1pm ET window,3,101,117,5,61,70,40,47,-0.08739740904209141,218,0.463302752293578,0.46564885496183206,87,0.45977011494252873,0.30965873684105033,0.48472021812853044,1.0,0.03669724770642202,FADE,True,True,True
ATS >= .65 (6+ gp) + weeks 5-12 + dome/closed,3,75,89,0,39,47,36,42,-0.11312637441209257,164,0.4573170731707317,0.45348837209302323,78,0.46153846153846156,0.31003856280344044,0.45054757600158946,1.0,0.042682926829268275,FADE,True,True,True
opp ATS >= .65 (6+ gp) + weeks 5-12 + dome/closed,3,89,75,0,47,39,42,36,0.04740420765773886,164,0.5426829268292683,0.5465116279069767,78,0.5384615384615384,0.31003856280344044,0.45054757600158946,1.0,0.04268292682926833,ON,True,True,True
dog + worse record than opp by .3+ + made playoffs last yr,3,103,88,4,57,47,46,41,0.03763137513941834,191,0.5392670157068062,0.5480769230769231,87,0.5287356321839081,0.3110539379452085,0.37758392329809853,1.0,0.03926701570680624,ON,True,True,True
off 2 straight SU wins + primetime + total >=50,3,53,65,3,28,33,25,32,-0.12040274099387865,118,0.4491525423728814,0.45901639344262296,57,0.43859649122807015,0.3112309933213222,0.6089207154048286,1.0,0.05084745762711862,FADE,True,True,True
fav + win pct >= .667 (4+ gp) + wind >=15mph,3,65,53,2,35,30,30,23,0.0744962639985939,118,0.5508474576271186,0.5384615384615384,53,0.5660377358490566,0.3112309933213222,0.6201447650813029,1.0,0.05084745762711862,ON,True,True,True
off 2 straight SU losses + off ATS win + worse record than opp by .3+,3,53,65,2,27,33,26,32,-0.13204328951868946,118,0.4491525423728814,0.45,58,0.4482758620689655,0.3112309933213222,0.5189580031896519,1.0,0.05084745762711862,FADE,True,True,True
dog 7.5-9.5 + off ATS loss + non-division,3,77,64,0,42,37,35,27,0.045180928136946234,141,0.5460992907801419,0.5316455696202531,62,0.5645161290322581,0.3122129316569951,0.6529643755164601,1.0,0.046099290780141855,ON,True,True,True
off upset win (won as dog) + off ATS cover by 14+ + win pct <= .35 last yr,3,64,77,2,32,41,32,36,-0.12110737608188318,141,0.45390070921985815,0.4383561643835616,68,0.47058823529411764,0.3122129316569951,0.34918183817058834,1.0,0.046099290780141855,FADE,True,True,True
dog 9+ + weeks 5-12 + non-division,3,90,76,4,52,46,38,30,0.039619037365878185,166,0.5421686746987951,0.5306122448979592,68,0.5588235294117647,0.3129742113064479,0.613734467630139,1.0,0.04216867469879515,ON,True,True,True
fav 9+ + weeks 5-12 + non-division,3,76,90,4,46,52,30,38,-0.09505816840435068,166,0.4578313253012048,0.46938775510204084,68,0.4411764705882353,0.3129742113064479,0.613734467630139,1.0,0.042168674698795205,FADE,True,True,True
off SU win + opp off SU loss + ATS >= .65 (6+ gp),3,133,151,6,77,85,56,66,-0.08436475281364339,284,0.46830985915492956,0.47530864197530864,122,0.45901639344262296,0.31308578090459416,0.5824757301133331,1.0,0.031690140845070436,FADE,True,True,True
off SU loss + opp off SU win + opp ATS >= .65 (6+ gp),3,151,133,6,85,77,66,56,0.026778538874746963,284,0.5316901408450704,0.5246913580246914,122,0.5409836065573771,0.31308578090459416,0.5824757301133331,1.0,0.03169014084507038,ON,True,True,True
win pct <= .35 last yr + primetime,2,104,89,5,58,51,46,38,0.04184484321009182,193,0.538860103626943,0.5321100917431193,84,0.5476190476190477,0.3135764680841054,0.5657001139736335,1.0,0.03886010362694303,ON,True,True,True
fav 0.5-2.5 + win pct <= .35 last yr,2,89,104,1,51,57,38,47,-0.11474355671363018,193,0.46113989637305697,0.4722222222222222,85,0.4470588235294118,0.3135764680841054,0.6306338345308321,1.0,0.03886010362694303,FADE,True,True,True
off SU loss + opp ATS <= .35 (6+ gp) + 1pm ET window,3,118,135,5,67,77,51,58,-0.08484231786942974,253,0.466403162055336,0.4652777777777778,109,0.46788990825688076,0.3144571282634176,0.4533716994309749,1.0,0.033596837944664004,FADE,True,True,True
opp off SU loss + ATS <= .35 (6+ gp) + 1pm ET window,3,135,118,5,77,67,58,51,0.033608859700828324,253,0.5335968379446641,0.5347222222222222,109,0.5321100917431193,0.3144571282634176,0.4533716994309749,1.0,0.03359683794466406,ON,True,True,True
away + off 2 straight SU wins + better record than opp by .3+,3,118,135,4,73,82,45,53,-0.08620091946647954,253,0.466403162055336,0.47096774193548385,98,0.45918367346938777,0.3144571282634176,0.5206333734262385,1.0,0.033596837944664004,FADE,True,True,True
fav 7+ + rest adv 3+ days + made playoffs last yr,3,54,66,5,32,37,22,29,-0.10900232698391958,120,0.45,0.463768115942029,51,0.43137254901960786,0.315303300832258,0.6304564917867981,1.0,0.04999999999999999,FADE,True,True,True
fav 10+ + made playoffs last yr + weeks 5-12,3,65,78,5,38,45,27,33,-0.0997849784168296,143,0.45454545454545453,0.4578313253012048,60,0.45,0.3156248974433412,0.5104099416812344,1.0,0.04545454545454547,FADE,True,True,True
home + opp off ATS miss by 14+ + made playoffs last yr,3,105,90,5,56,49,49,41,0.04530697324772693,195,0.5384615384615384,0.5333333333333333,90,0.5444444444444444,0.31607312611901267,0.5583942911655911,1.0,0.038461538461538436,ON,True,True,True
off upset win (won as dog) + made playoffs last yr + 1pm ET window,3,105,90,9,62,54,43,36,0.04559650656926238,195,0.5384615384615384,0.5344827586206896,79,0.5443037974683544,0.31607312611901267,0.5159130749957946,1.0,0.038461538461538436,ON,True,True,True
fav 7+ + better record than opp by .3+ + division game,3,120,104,5,70,60,50,44,0.05209764740932059,224,0.5357142857142857,0.5384615384615384,94,0.5319148936170213,0.31623292970347994,0.4300208839753426,1.0,0.0357142857142857,ON,True,True,True
dog 7+ + worse record than opp by .3+ + division game,3,104,120,5,60,70,44,50,-0.10897032174896273,224,0.4642857142857143,0.46153846153846156,94,0.46808510638297873,0.31623292970347994,0.4300208839753426,1.0,0.0357142857142857,FADE,True,True,True
opp off ATS miss by 14+ + win pct <= .333 (4+ gp),2,120,104,4,75,64,45,40,0.037581674118290505,224,0.5357142857142857,0.539568345323741,85,0.5294117647058824,0.31623292970347994,0.3964150849517259,1.0,0.0357142857142857,ON,True,True,True
fav + off SU loss + opp off ATS miss by 14+,3,120,137,6,70,78,50,59,-0.08672962596680305,257,0.4669260700389105,0.47297297297297297,109,0.45871559633027525,0.3182552709992646,0.5651719099883429,1.0,0.03307392996108949,FADE,True,True,True
dog + off ATS miss by 14+ + opp off SU loss,3,137,120,6,78,70,59,50,0.03627082702290543,257,0.5330739299610895,0.527027027027027,109,0.5412844036697247,0.3182552709992646,0.5651719099883429,1.0,0.03307392996108949,ON,True,True,True
win pct <= .35 last yr + final 2 reg weeks + division game,3,79,66,2,44,40,35,26,0.054000517504099635,145,0.5448275862068965,0.5238095238095238,61,0.5737704918032787,0.3189894748159886,0.7436441861052041,1.0,0.04482758620689653,ON,True,True,True
dog 7+ + off 2 straight SU losses + made playoffs last yr,3,56,45,3,28,21,28,24,0.05419008671690196,101,0.5544554455445545,0.5714285714285714,52,0.5384615384615384,0.31972732070026555,0.3916029105474905,1.0,0.054455445544554504,ON,True,True,True
fav + off 2 straight SU wins + ATS >= .65 (6+ gp),3,156,175,8,92,104,64,71,-0.08500677160219962,331,0.47129909365558914,0.46938775510204084,135,0.4740740740740741,0.3224854616925218,0.43211123425427017,1.0,0.02870090634441086,FADE,True,True,True
away + better record than opp by .3+ + dome/closed,3,56,68,3,28,35,28,33,-0.11385572606073556,124,0.45161290322580644,0.4444444444444444,61,0.45901639344262296,0.3232476471849841,0.44996253629022254,1.0,0.04838709677419356,FADE,True,True,True
opp made playoffs last yr + 1pm ET window + dome/closed,3,108,93,3,73,62,35,31,0.043016608425720464,201,0.5373134328358209,0.5407407407407407,66,0.5303030303030303,0.3234117938996339,0.38950262897613974,1.0,0.03731343283582089,ON,True,True,True
dog 3 + off ATS win + opp off SU win,3,80,94,11,45,54,35,40,-0.09203422828948954,174,0.45977011494252873,0.45454545454545453,75,0.4666666666666667,0.32437346590855565,0.42152334361577015,1.0,0.04022988505747127,FADE,True,True,True
dog 7+ + off 2 straight ATS losses + weeks 5-12,3,94,80,4,56,47,38,33,0.03325140055792074,174,0.5402298850574713,0.5436893203883495,71,0.5352112676056338,0.32437346590855565,0.4306890663081309,1.0,0.04022988505747127,ON,True,True,True
fav 9+ + off 2 straight ATS wins,2,80,94,6,48,54,32,40,-0.0920096700968769,174,0.45977011494252873,0.47058823529411764,72,0.4444444444444444,0.32437346590855565,0.6207676687971154,1.0,0.04022988505747127,FADE,True,True,True
dog 7+ + opp off SU loss + non-division,3,124,108,7,72,61,52,47,0.019774226354680773,232,0.5344827586206896,0.5413533834586466,99,0.5252525252525253,0.32472941294248364,0.38595875434107874,1.0,0.03448275862068961,ON,True,True,True
fav 7+ + off SU loss + non-division,3,108,124,7,61,72,47,52,-0.08091896235539736,232,0.46551724137931033,0.45864661654135336,99,0.47474747474747475,0.32472941294248364,0.38595875434107874,1.0,0.03448275862068967,FADE,True,True,True
dog + late afternoon + cross-country road trip,3,81,68,3,45,38,36,30,0.05121210761593164,149,0.5436241610738255,0.5421686746987951,66,0.5454545454545454,0.32558038049943555,0.5104099416812344,1.0,0.043624161073825496,ON,True,True,True
win pct <= .35 last yr + division game + total <=41,3,69,57,5,41,34,28,23,0.0629259966283824,126,0.5476190476190477,0.5466666666666666,51,0.5490196078431373,0.32712296721677875,0.48868297090314317,1.0,0.04761904761904767,ON,True,True,True
fav 7+ + off 2 straight SU wins + dome/closed,3,57,69,1,29,36,28,33,-0.11613613075066408,126,0.4523809523809524,0.4461538461538462,61,0.45901639344262296,0.32712296721677875,0.45702078541058977,1.0,0.047619047619047616,FADE,True,True,True
home + worse record than opp by .3+ + dome/closed,3,69,57,3,36,29,33,28,0.05157896766967923,126,0.5476190476190477,0.5538461538461539,61,0.5409836065573771,0.32712296721677875,0.45702078541058977,1.0,0.04761904761904767,ON,True,True,True
off blowout loss (17+) + off 2 straight ATS losses + win pct <= .35 last yr,3,57,69,2,30,39,27,30,-0.12488775253445566,126,0.4523809523809524,0.43478260869565216,57,0.47368421052631576,0.32712296721677875,0.3355576182340152,1.0,0.047619047619047616,FADE,True,True,True
off 1-score loss + opp off SU win + weeks 1-4,3,95,81,7,55,48,40,33,0.04736651909459243,176,0.5397727272727273,0.5339805825242718,73,0.547945205479452,0.3271404550920962,0.5546010666648736,1.0,0.03977272727272729,ON,True,True,True
off SU win + opp off SU loss + win pct <= .333 (4+ gp),3,95,81,6,57,51,38,30,0.044785921336444,176,0.5397727272727273,0.5277777777777778,68,0.5588235294117647,0.3271404550920962,0.6306338345308321,1.0,0.03977272727272729,ON,True,True,True
dog 3.5-6.5 + off 2 straight SU losses + opp off SU win,3,110,95,1,65,55,45,40,0.04027898857982915,205,0.5365853658536586,0.5416666666666666,85,0.5294117647058824,0.3281819596032335,0.4114232202639375,1.0,0.03658536585365857,ON,True,True,True
away + win pct <= .35 last yr + weeks 1-4,3,110,95,5,65,55,45,40,0.03845878422144086,205,0.5365853658536586,0.5416666666666666,85,0.5294117647058824,0.3281819596032335,0.4114232202639375,1.0,0.03658536585365857,ON,True,True,True
home + off 2 straight ATS wins + weeks 5-12,3,199,179,10,121,110,78,69,0.027321570681676836,378,0.5264550264550265,0.5238095238095238,147,0.5306122448979592,0.32844831700960275,0.5106566345943657,1.0,0.02645502645502651,ON,True,True,True
off 1-score loss + weeks 5-12 + total <=41,3,69,82,10,41,50,28,32,-0.10434188347698482,151,0.45695364238410596,0.45054945054945056,60,0.4666666666666667,0.32880860932627665,0.40181279606987963,1.0,0.04304635761589404,FADE,True,True,True
away + off 2 straight ATS losses + primetime,3,82,69,3,49,39,33,30,0.05236974033562531,151,0.543046357615894,0.5568181818181818,63,0.5238095238095238,0.32880860932627665,0.3373990368531197,1.0,0.04304635761589404,ON,True,True,True
off blowout win (17+) + outdoor <=35F,2,58,47,1,29,22,29,25,0.07138598682420508,105,0.5523809523809524,0.5686274509803921,54,0.5370370370370371,0.329137126166139,0.4010619910279374,1.0,0.05238095238095242,ON,True,True,True
opp off blowout win (17+) + outdoor <=35F,2,47,58,1,22,29,25,29,-0.1367138527401518,105,0.44761904761904764,0.43137254901960786,54,0.46296296296296297,0.329137126166139,0.4010619910279374,1.0,0.05238095238095236,FADE,True,True,True
off ATS win + opp off SU loss + cross-country road trip,3,58,47,3,26,21,32,26,0.06986073937360315,105,0.5523809523809524,0.5531914893617021,58,0.5517241379310345,0.329137126166139,0.5600646295802106,1.0,0.05238095238095242,ON,True,True,True
off blowout win (17+) + off ATS win + outdoor <=35F,3,58,47,1,29,22,29,25,0.07138598682420508,105,0.5523809523809524,0.5686274509803921,54,0.5370370370370371,0.329137126166139,0.4010619910279374,1.0,0.05238095238095242,ON,True,True,True
off ATS loss + weeks 1-4 + division game,3,111,96,6,70,59,41,37,0.0401159295466885,207,0.5362318840579711,0.5426356589147286,78,0.5256410256410257,0.3305314667325055,0.3786876626931186,1.0,0.036231884057971064,ON,True,True,True
opp ATS <= .35 (6+ gp) + opp new starting QB,2,58,70,2,32,41,26,29,-0.1136037796618794,128,0.453125,0.4383561643835616,55,0.4727272727272727,0.33093582894221363,0.34918183817058834,1.0,0.046875,FADE,True,True,True
ATS <= .35 (6+ gp) + new starting QB vs last game,2,70,58,2,41,32,29,26,0.05169649850033865,128,0.546875,0.5616438356164384,55,0.5272727272727272,0.33093582894221363,0.34918183817058834,1.0,0.046875,ON,True,True,True
dog 9+ + off 2 straight SU losses + weeks 13+ (reg),3,58,70,3,29,36,29,34,-0.1275298985740642,128,0.453125,0.4461538461538462,63,0.4603174603174603,0.33093582894221363,0.45702078541058977,1.0,0.046875,FADE,True,True,True
home + off SU loss + opp new starting QB,3,97,83,5,55,47,42,36,0.045352394778386144,180,0.5388888888888889,0.5392156862745098,78,0.5384615384615384,0.33257909045693873,0.48843446453263245,1.0,0.03888888888888886,ON,True,True,True
off ATS cover by 14+ + total >=50,2,97,83,3,56,49,41,34,0.05106244973022132,180,0.5388888888888889,0.5333333333333333,75,0.5466666666666666,0.33257909045693873,0.5583942911655911,1.0,0.03888888888888886,ON,True,True,True
off SU win + off ATS cover by 14+ + total >=50,3,97,83,3,56,49,41,34,0.05106244973022132,180,0.5388888888888889,0.5333333333333333,75,0.5466666666666666,0.33257909045693873,0.5583942911655911,1.0,0.03888888888888886,ON,True,True,True
opp off ATS cover by 14+ + total >=50,2,83,97,3,49,56,34,41,-0.10323087720871198,180,0.46111111111111114,0.4666666666666667,75,0.4533333333333333,0.33257909045693873,0.5583942911655911,1.0,0.03888888888888886,FADE,True,True,True
away + opp off SU loss + new starting QB vs last game,3,83,97,5,47,55,36,42,-0.10237637352988145,180,0.46111111111111114,0.46078431372549017,78,0.46153846153846156,0.33257909045693873,0.48843446453263245,1.0,0.03888888888888886,FADE,True,True,True
win pct <= .35 last yr + non-division + new starting QB vs last game,3,59,48,0,26,21,33,27,0.07194691340852337,107,0.5514018691588785,0.5531914893617021,60,0.55,0.33370511619743876,0.5600646295802106,1.0,0.051401869158878455,ON,True,True,True
dog 0.5-2.5 + weeks 1-4 + 1pm ET window,3,71,59,1,42,36,29,23,0.07985661987979349,130,0.5461538461538461,0.5384615384615384,52,0.5576923076923077,0.33468775873692813,0.5715867180030723,1.0,0.0461538461538461,ON,True,True,True
fav 0.5-2.5 + weeks 1-4 + 1pm ET window,3,59,71,1,36,42,23,29,-0.1259035495891752,130,0.45384615384615384,0.46153846153846156,52,0.4423076923076923,0.33468775873692813,0.5715867180030723,1.0,0.046153846153846156,FADE,True,True,True
dog 9+ + weeks 13+ (reg),2,113,129,8,65,72,48,57,-0.10279081545479522,242,0.4669421487603306,0.4744525547445255,105,0.45714285714285713,0.3349399687352153,0.6083841068999604,1.0,0.03305785123966942,FADE,True,True,True
fav 9+ + weeks 13+ (reg),2,129,113,8,72,65,57,48,0.04619181731053135,242,0.5330578512396694,0.5255474452554745,105,0.5428571428571428,0.3349399687352153,0.6083841068999604,1.0,0.03305785123966942,ON,True,True,True
dog 10+ + off SU loss + weeks 13+ (reg),3,71,84,5,39,44,32,40,-0.11814269735895706,155,0.45806451612903226,0.46987951807228917,72,0.4444444444444444,0.3351352010832352,0.6608836477612152,1.0,0.04193548387096774,FADE,True,True,True
fav 10+ + opp off SU loss + weeks 13+ (reg),3,84,71,5,44,39,40,32,0.06093164818083015,155,0.5419354838709678,0.5301204819277109,72,0.5555555555555556,0.3351352010832352,0.6608836477612152,1.0,0.041935483870967794,ON,True,True,True
away + fav + win pct <= .35 last yr,3,98,84,6,58,49,40,35,0.044650501920468204,182,0.5384615384615384,0.5420560747663551,75,0.5333333333333333,0.33525184579313205,0.4394401017790823,1.0,0.038461538461538436,ON,True,True,True
dog 9+ + off SU loss + weeks 13+ (reg),3,85,99,5,47,53,38,46,-0.11134785431421519,184,0.46195652173913043,0.47,84,0.4523809523809524,0.3378942799553425,0.6172994135892526,1.0,0.03804347826086957,FADE,True,True,True
off SU win + off 2 straight ATS wins + opp ATS >= .65 (6+ gp),3,99,85,5,58,49,41,36,0.0448893075747157,184,0.5380434782608695,0.5420560747663551,77,0.5324675324675324,0.3378942799553425,0.4394401017790823,1.0,0.03804347826086951,ON,True,True,True
fav 9+ + opp off SU loss + weeks 13+ (reg),3,99,85,5,53,47,46,38,0.05471525430725422,184,0.5380434782608695,0.53,84,0.5476190476190477,0.3378942799553425,0.6172994135892526,1.0,0.03804347826086951,ON,True,True,True
dog 0.5-2.5 + off ATS win + non-division,3,148,131,0,79,71,69,60,0.04699386699730664,279,0.5304659498207885,0.5266666666666666,129,0.5348837209302325,0.3381283239273697,0.5677754876753278,1.0,0.03046594982078854,ON,True,True,True
dog 3.5-6.5 + off upset win (won as dog) + off 2 straight ATS wins,3,60,49,1,30,25,30,24,0.06699566927830003,109,0.5504587155963303,0.5454545454545454,54,0.5555555555555556,0.3381854121966612,0.5900533317766354,1.0,0.050458715596330306,ON,True,True,True
fav 7.5-9.5 + opp off SU win,2,72,85,0,44,50,28,35,-0.09702264634230945,157,0.4585987261146497,0.46808510638297873,63,0.4444444444444444,0.33823533079501195,0.6062959376939656,1.0,0.04140127388535031,FADE,True,True,True
dog 7.5-9.5 + off SU win,2,85,72,0,50,44,35,28,0.0416547925552125,157,0.5414012738853503,0.5319148936170213,63,0.5555555555555556,0.33823533079501195,0.6062959376939656,1.0,0.04140127388535031,ON,True,True,True
off 1-score loss + win pct <= .333 (4+ gp) + total <=41,3,60,72,3,33,38,27,34,-0.11080890336089065,132,0.45454545454545453,0.4647887323943662,61,0.4426229508196721,0.3383802389398243,0.6353076420876663,1.0,0.04545454545454547,FADE,True,True,True
dog 3.5-6.5 + off SU win + division game,3,86,73,1,50,45,36,28,0.04422767681489437,159,0.5408805031446541,0.5263157894736842,64,0.5625,0.3412944918305006,0.6817425059181851,1.0,0.04088050314465408,ON,True,True,True
fav 3.5-6.5 + opp off SU win + division game,3,73,86,1,45,50,28,36,-0.10499960494651465,159,0.4591194968553459,0.47368421052631576,64,0.4375,0.3412944918305006,0.6817425059181851,1.0,0.04088050314465408,FADE,True,True,True
win pct <= .333 (4+ gp) + 1pm ET window + dome/closed,3,116,101,6,66,58,50,43,0.0342752965701673,217,0.5345622119815668,0.532258064516129,93,0.5376344086021505,0.34193731487725404,0.529769404365268,1.0,0.03456221198156684,ON,True,True,True
dog 3.5-6.5 + off 1-score loss + division game,3,61,73,1,38,44,23,29,-0.11715416016307892,134,0.4552238805970149,0.4634146341463415,52,0.4423076923076923,0.3420147088663083,0.581114454176647,1.0,0.04477611940298509,FADE,True,True,True
off blowout win (17+) + off ATS cover by 14+ + 1pm ET window,3,170,189,11,104,115,66,74,-0.07331634449954565,359,0.4735376044568245,0.4748858447488584,140,0.4714285714285714,0.3421217345527516,0.499297214423626,1.0,0.026462395543175476,FADE,True,True,True
off ATS loss + win pct <= .333 (4+ gp) + opp new starting QB,3,50,61,2,27,33,23,28,-0.125606318946897,111,0.45045045045045046,0.45,51,0.45098039215686275,0.3425805825718986,0.5189580031896519,1.0,0.04954954954954954,FADE,True,True,True
off blowout loss (17+) + win pct <= .333 (4+ gp) + dome/closed,3,50,61,2,22,28,28,33,-0.13138837579133766,111,0.45045045045045046,0.44,61,0.45901639344262296,0.3425805825718986,0.47988766169832786,1.0,0.04954954954954954,FADE,True,True,True
win pct <= .35 last yr + non-division + opp new starting QB,3,50,61,5,27,31,23,30,-0.1261574768145117,111,0.45045045045045046,0.46551724137931033,53,0.4339622641509434,0.3425805825718986,0.6940040940761318,1.0,0.04954954954954954,FADE,True,True,True
fav 0.5-2.5 + made playoffs last yr + division game,3,61,50,3,31,28,30,22,0.04598517806336175,111,0.5495495495495496,0.5254237288135594,52,0.5769230769230769,0.3425805825718986,0.794843653982861,1.0,0.0495495495495496,ON,True,True,True
dog 7+ + off ATS loss + made playoffs last yr,3,74,62,4,39,31,35,31,0.03936036860389252,136,0.5441176470588235,0.5571428571428572,66,0.5303030303030303,0.3455925658608849,0.40296307504607976,1.0,0.044117647058823484,ON,True,True,True
away + dog 3.5-6.5 + win pct <= .333 (4+ gp),3,102,88,0,63,54,39,34,0.043860717204764185,190,0.5368421052631579,0.5384615384615384,73,0.5342465753424658,0.34564486357461577,0.4596913873255535,1.0,0.0368421052631579,ON,True,True,True
dog 7+ + off ATS loss + pt diff/gm <= -7 (4+ gp),3,135,119,7,77,68,58,51,0.017382196347860375,254,0.531496062992126,0.5310344827586206,109,0.5321100917431193,0.3466296314376464,0.5065964185708862,1.0,0.03149606299212604,ON,True,True,True
off bye + off ATS win + opp off SU win,3,88,75,1,50,44,38,31,0.04612191692502988,163,0.5398773006134969,0.5319148936170213,69,0.5507246376811594,0.34729320909675854,0.6062959376939656,1.0,0.039877300613496924,ON,True,True,True
fav 7+ + pt diff/gm >= +7 (4+ gp) + weeks 13+ (reg),3,88,75,7,53,45,35,30,0.059812587845166625,163,0.5398773006134969,0.5408163265306123,65,0.5384615384615384,0.34729320909675854,0.4796924995674868,1.0,0.039877300613496924,ON,True,True,True
opp off ATS miss by 14+ + pt diff/gm <= -7 (4+ gp),2,75,63,3,46,40,29,23,0.04908730052836488,138,0.5434782608695652,0.5348837209302325,52,0.5576923076923077,0.34911516637678036,0.5900356111485566,1.0,0.04347826086956519,ON,True,True,True
away + off 2 straight SU wins + weeks 1-4,3,52,63,1,30,33,22,30,-0.11369444998195238,115,0.45217391304347826,0.47619047619047616,52,0.4230769230769231,0.3511253697554322,0.8013064925040663,1.0,0.04782608695652174,FADE,True,True,True
off SU win + off 2 straight ATS losses + 1pm ET window,3,63,52,3,35,27,28,25,0.06518456203194277,115,0.5478260869565217,0.5645161290322581,53,0.5283018867924528,0.3511253697554322,0.37415171240479483,1.0,0.047826086956521685,ON,True,True,True
win pct <= .333 (4+ gp) + win pct <= .35 last yr + dome/closed,3,76,64,1,28,24,48,40,0.04909440262904501,140,0.5428571428571428,0.5384615384615384,88,0.5454545454545454,0.3525838270722768,0.6778086391424605,1.0,0.042857142857142816,ON,True,True,True
away + dog 3.5-6.5 + weeks 5-12,3,177,159,3,118,106,59,53,0.020659127565197034,336,0.5267857142857143,0.5267857142857143,112,0.5267857142857143,0.3537225622577208,0.4624363817310323,1.0,0.0267857142857143,ON,True,True,True
home + fav 3.5-6.5 + weeks 5-12,3,159,177,3,106,118,53,59,-0.07823098412048743,336,0.4732142857142857,0.4732142857142857,112,0.4732142857142857,0.3537225622577208,0.4624363817310323,1.0,0.0267857142857143,FADE,True,True,True
fav 7+ + non-division + opp new starting QB,3,53,64,3,24,30,29,34,-0.10052518986420725,117,0.452991452991453,0.4444444444444444,63,0.4603174603174603,0.35527968165224766,0.49661743531793345,1.0,0.04700854700854701,FADE,True,True,True
dog 7+ + non-division + new starting QB vs last game,3,64,53,3,30,24,34,29,0.048251773041164334,117,0.5470085470085471,0.5555555555555556,63,0.5396825396825397,0.35527968165224766,0.49661743531793345,1.0,0.047008547008547064,ON,True,True,True
home + off 1-score loss + total <=41,3,106,92,8,66,56,40,36,0.042117091473127186,198,0.5353535353535354,0.5409836065573771,76,0.5263157894736842,0.3555851763659951,0.41528518131253184,1.0,0.03535353535353536,ON,True,True,True
fav + off 2 straight ATS losses + opp off blowout loss (17+),3,65,77,5,36,44,29,33,-0.10412253794745849,142,0.45774647887323944,0.45,62,0.46774193548387094,0.3559998259151082,0.43404225534547874,1.0,0.04225352112676056,FADE,True,True,True
dog 7+ + win pct <= .333 (4+ gp) + dome/closed,3,77,65,3,37,31,40,34,0.03507704697762985,142,0.5422535211267606,0.5441176470588235,74,0.5405405405405406,0.3559998259151082,0.5446122234192592,1.0,0.04225352112676062,ON,True,True,True
win pct <= .35 last yr + new starting QB vs last game,2,91,78,2,44,40,47,38,0.041657093295053405,169,0.5384615384615384,0.5238095238095238,85,0.5529411764705883,0.3560041265046844,0.7436441861052041,1.0,0.038461538461538436,ON,True,True,True
off 2 straight SU losses + weeks 5-12 + primetime,3,91,78,3,58,52,33,26,0.04026650434459344,169,0.5384615384615384,0.5272727272727272,59,0.559322033898305,0.3560041265046844,0.6337556480191587,1.0,0.038461538461538436,ON,True,True,True
off 2 straight ATS wins + non-division + total >=50,3,93,107,2,51,60,42,47,-0.0903418336010076,200,0.465,0.4594594594594595,89,0.47191011235955055,0.3580030906245023,0.44780613214374815,1.0,0.034999999999999976,FADE,True,True,True
home + weeks 5-12 + Monday,3,54,65,2,32,36,22,29,-0.11714976216750073,119,0.453781512605042,0.47058823529411764,51,0.43137254901960786,0.3593582639051107,0.716300760154337,1.0,0.046218487394957986,FADE,True,True,True
fav + off 2 straight ATS losses + opp off ATS miss by 14+,3,54,65,4,30,34,24,31,-0.11178162936286155,119,0.453781512605042,0.46875,55,0.43636363636363634,0.3593582639051107,0.7079807541347641,1.0,0.046218487394957986,FADE,True,True,True
away + weeks 5-12 + Monday,3,65,54,2,36,32,29,22,0.05834454294196886,119,0.5462184873949579,0.5294117647058824,51,0.5686274509803921,0.3593582639051107,0.716300760154337,1.0,0.04621848739495793,ON,True,True,True
off 2 straight SU wins + opp off blowout loss (17+) + win pct >= .667 (4+ gp),3,54,65,0,30,38,24,27,-0.11809747277476226,119,0.453781512605042,0.4411764705882353,51,0.47058823529411764,0.3593582639051107,0.39612484029702977,1.0,0.046218487394957986,FADE,True,True,True
off ATS loss + non-division + cross-country road trip,3,108,94,7,63,56,45,38,0.03734134461734965,202,0.5346534653465347,0.5294117647058824,83,0.5421686746987951,0.360395041993775,0.5824937911572257,1.0,0.034653465346534684,ON,True,True,True
off ATS loss + cross-country road trip,2,108,94,7,63,56,45,38,0.03734134461734965,202,0.5346534653465347,0.5294117647058824,83,0.5421686746987951,0.360395041993775,0.5824937911572257,1.0,0.034653465346534684,ON,True,True,True
away + off ATS loss + cross-country road trip,3,108,94,7,63,56,45,38,0.03734134461734965,202,0.5346534653465347,0.5294117647058824,83,0.5421686746987951,0.360395041993775,0.5824937911572257,1.0,0.034653465346534684,ON,True,True,True
dog 7+ + off 2 straight SU losses + weeks 13+ (reg),3,94,108,5,47,55,47,53,-0.10411718077681599,202,0.46534653465346537,0.46078431372549017,100,0.47,0.360395041993775,0.48843446453263245,1.0,0.03465346534653463,FADE,True,True,True
dog 3.5-6.5 + opp off SU win + made playoffs last yr,3,110,125,2,59,68,51,57,-0.09450607294293245,235,0.46808510638297873,0.4645669291338583,108,0.4722222222222222,0.3611354369008875,0.4779219422067188,1.0,0.03191489361702127,FADE,True,True,True
fav 3.5-6.5 + off SU loss + off 2 straight ATS losses,3,80,93,1,45,52,35,41,-0.09658423183852563,173,0.4624277456647399,0.4639175257731959,76,0.4605263157894737,0.36162873671930074,0.5426101580458746,1.0,0.037572254335260125,FADE,True,True,True
dog 0.5-2.5 + off 1-score loss + non-division,3,79,67,0,41,34,38,33,0.06631899626384373,146,0.541095890410959,0.5466666666666666,71,0.5352112676056338,0.36267876308767727,0.48868297090314317,1.0,0.04109589041095896,ON,True,True,True
rest adv 3+ days + off 2 straight SU wins + made playoffs last yr,3,79,67,3,44,39,35,28,0.05514444391832743,146,0.541095890410959,0.5301204819277109,63,0.5555555555555556,0.36267876308767727,0.6608836477612152,1.0,0.04109589041095896,ON,True,True,True
home + off 2 straight ATS wins + total >=50,3,67,79,2,38,43,29,36,-0.10618987225101333,146,0.4589041095890411,0.4691358024691358,65,0.4461538461538462,0.36267876308767727,0.6569924675863577,1.0,0.0410958904109589,FADE,True,True,True
fav 10+ + better record than opp by .3+ + weeks 13+ (reg),3,79,67,2,45,38,34,29,0.05978353029312678,146,0.541095890410959,0.5421686746987951,63,0.5396825396825397,0.36267876308767727,0.5104099416812344,1.0,0.04109589041095896,ON,True,True,True
dog 10+ + worse record than opp by .3+ + weeks 13+ (reg),3,67,79,2,38,45,29,34,-0.11989009435569006,146,0.4589041095890411,0.4578313253012048,63,0.4603174603174603,0.36267876308767727,0.5104099416812344,1.0,0.0410958904109589,FADE,True,True,True
fav 0.5-2.5 + off SU win + weeks 13+ (reg),3,66,55,2,37,32,29,23,0.04150448841073719,121,0.5454545454545454,0.5362318840579711,52,0.5576923076923077,0.3633632605480972,0.6304564917867981,1.0,0.045454545454545414,ON,True,True,True
fav 7+ + off ATS cover by 14+ + win pct >= .667 (4+ gp),3,55,66,2,33,37,22,29,-0.1041900835190367,121,0.45454545454545453,0.4714285714285714,51,0.43137254901960786,0.3633632605480972,0.7202027723528612,1.0,0.04545454545454547,FADE,True,True,True
home + dog 3.5-6.5 + pt diff/gm <= -7 (4+ gp),3,55,66,2,29,36,26,30,-0.11815268659718592,121,0.45454545454545453,0.4461538461538462,56,0.4642857142857143,0.3633632605480972,0.45702078541058977,1.0,0.04545454545454547,FADE,True,True,True
dog 0.5-2.5 + opp off SU win + weeks 13+ (reg),3,55,66,2,32,37,23,29,-0.10317539697732521,121,0.45454545454545453,0.463768115942029,52,0.4423076923076923,0.3633632605480972,0.6304564917867981,1.0,0.04545454545454547,FADE,True,True,True
home + fav 10+ + off 2 straight SU wins,3,94,81,6,52,47,42,34,0.0503981137796722,175,0.5371428571428571,0.5252525252525253,76,0.5526315789473685,0.36438838640898524,0.6878853435796918,1.0,0.037142857142857144,ON,True,True,True
away + opp off blowout win (17+) + 1pm ET window,3,110,96,5,70,61,40,35,0.03546834955349716,206,0.5339805825242718,0.5343511450381679,75,0.5333333333333333,0.3651027859203712,0.48472021812853044,1.0,0.03398058252427183,ON,True,True,True
home + dog + opp ATS >= .65 (6+ gp),3,110,96,6,60,53,50,43,0.033314325513085656,206,0.5339805825242718,0.5309734513274337,93,0.5376344086021505,0.3651027859203712,0.5726564757939475,1.0,0.03398058252427183,ON,True,True,True
away + fav + ATS >= .65 (6+ gp),3,96,110,6,53,60,43,50,-0.0959115010942049,206,0.46601941747572817,0.4690265486725664,93,0.46236559139784944,0.3651027859203712,0.5726564757939475,1.0,0.03398058252427183,FADE,True,True,True
home + off blowout win (17+) + 1pm ET window,3,96,110,5,61,70,35,40,-0.08211899338254638,206,0.46601941747572817,0.46564885496183206,75,0.4666666666666667,0.3651027859203712,0.48472021812853044,1.0,0.03398058252427183,FADE,True,True,True
dog + off ATS miss by 14+ + made playoffs last yr,3,80,68,6,46,39,34,29,0.049859549115985786,148,0.5405405405405406,0.5411764705882353,63,0.5396825396825397,0.3659440738175885,0.5154257318839001,1.0,0.04054054054054057,ON,True,True,True
home + dog 0.5-2.5 + division game,3,68,80,5,40,45,28,35,-0.09074133446261988,148,0.4594594594594595,0.47058823529411764,63,0.4444444444444444,0.3659440738175885,0.664645490413214,1.0,0.040540540540540515,FADE,True,True,True
away + fav 0.5-2.5 + division game,3,80,68,5,45,40,35,28,0.033196499652525274,148,0.5405405405405406,0.5294117647058824,63,0.5555555555555556,0.3659440738175885,0.664645490413214,1.0,0.04054054054054057,ON,True,True,True
win pct <= .333 (4+ gp) + opp made playoffs last yr + non-division,3,95,82,7,51,46,44,36,0.035029276841538726,177,0.536723163841808,0.5257731958762887,80,0.55,0.367113844798025,0.6848587772144039,1.0,0.03672316384180796,ON,True,True,True
home + opp ATS >= .65 (6+ gp) + weeks 5-12,3,128,113,8,73,63,55,50,0.029944131490913538,241,0.5311203319502075,0.5367647058823529,105,0.5238095238095238,0.3671847629664615,0.4403825433795313,1.0,0.03112033195020747,ON,True,True,True
away + ATS >= .65 (6+ gp) + weeks 5-12,3,113,128,8,63,73,50,55,-0.0828956800139747,241,0.46887966804979253,0.4632352941176471,105,0.47619047619047616,0.3671847629664615,0.4403825433795313,1.0,0.03112033195020747,FADE,True,True,True
home + worse record than opp by .3+ + late afternoon,3,56,67,1,32,39,24,28,-0.12377108933038328,123,0.45528455284552843,0.4507042253521127,52,0.46153846153846156,0.3672967393938885,0.47668779343427553,1.0,0.044715447154471566,FADE,True,True,True
rest disadv 3+ days + win pct <= .35 last yr + 1pm ET window,3,67,56,2,40,33,27,23,0.048957401737172876,123,0.5447154471544715,0.547945205479452,50,0.54,0.3672967393938885,0.48278855684402133,1.0,0.04471544715447151,ON,True,True,True
opp off SU loss + win pct <= .333 (4+ gp) + total <=41,3,111,97,6,58,51,53,46,0.035580361132370696,208,0.5336538461538461,0.5321100917431193,99,0.5353535353535354,0.36741942071131084,0.5657001139736335,1.0,0.033653846153846145,ON,True,True,True
fav 10+ + opp off SU loss + weeks 5-12,3,69,81,4,42,48,27,33,-0.09014617745473529,150,0.46,0.4666666666666667,60,0.45,0.36916146966178803,0.5984117182335192,1.0,0.03999999999999998,FADE,True,True,True
dog 10+ + off SU loss + weeks 5-12,3,81,69,4,48,42,33,27,0.031473521238915066,150,0.54,0.5333333333333333,60,0.55,0.36916146966178803,0.5984117182335192,1.0,0.040000000000000036,ON,True,True,True
off 2 straight SU wins + made playoffs last yr + dome/closed,3,132,148,3,69,76,63,72,-0.08031840797852954,280,0.4714285714285714,0.47586206896551725,135,0.4666666666666667,0.3700563944724199,0.6184454660388155,1.0,0.02857142857142858,FADE,True,True,True
dog 3.5-6.5 + opp off SU loss + pt diff/gm <= -7 (4+ gp),3,57,68,2,33,38,24,30,-0.1131953196430083,125,0.456,0.4647887323943662,54,0.4444444444444444,0.3711606948508095,0.6353076420876663,1.0,0.043999999999999984,FADE,True,True,True
away + opp off ATS cover by 14+ + win pct >= .667 (4+ gp),3,68,57,0,39,31,29,26,0.058003491061263915,125,0.544,0.5571428571428572,55,0.5272727272727272,0.3711606948508095,0.40296307504607976,1.0,0.04400000000000004,ON,True,True,True
off 2 straight ATS losses + worse record than opp by .3+ + division game,3,57,68,2,34,41,23,27,-0.1176222600628584,125,0.456,0.4533333333333333,50,0.46,0.3711606948508095,0.48868297090314317,1.0,0.043999999999999984,FADE,True,True,True
fav 0.5-2.5 + off upset loss (lost as fav),2,70,82,0,36,41,34,41,-0.11837347286324962,152,0.4605263157894737,0.4675324675324675,75,0.4533333333333333,0.3723320515452937,0.6487911623106449,1.0,0.03947368421052633,FADE,True,True,True
off ATS loss + win pct <= .35 last yr + weeks 1-4,3,82,70,2,49,42,33,28,0.05045574136782897,152,0.5394736842105263,0.5384615384615384,61,0.5409836065573771,0.3723320515452937,0.5296020954762445,1.0,0.03947368421052633,ON,True,True,True
fav 0.5-2.5 + off upset loss (lost as fav) + off ATS loss,3,70,82,0,36,41,34,41,-0.11837347286324962,152,0.4605263157894737,0.4675324675324675,75,0.4533333333333333,0.3723320515452937,0.6487911623106449,1.0,0.03947368421052633,FADE,True,True,True
opp off blowout win (17+) + win pct <= .333 (4+ gp),2,84,97,4,44,53,40,44,-0.105502638006328,181,0.46408839779005523,0.4536082474226804,84,0.47619047619047616,0.3724648239355124,0.4167748410890994,1.0,0.03591160220994477,FADE,True,True,True
fav 7+ + opp ATS <= .35 (6+ gp) + made playoffs last yr,3,58,69,5,35,41,23,28,-0.09919508648228514,127,0.4566929133858268,0.4605263157894737,51,0.45098039215686275,0.37495705068132973,0.566573442398685,1.0,0.04330708661417321,FADE,True,True,True
off 1-score loss + Thursday,2,69,58,8,40,32,29,26,0.04844210628448612,127,0.5433070866141733,0.5555555555555556,55,0.5272727272727272,0.37495705068132973,0.40957939592707177,1.0,0.04330708661417326,ON,True,True,True
home + off upset loss (lost as fav) + primetime,3,69,58,2,38,32,31,26,0.050296386612334126,127,0.5433070866141733,0.5428571428571428,57,0.543859649122807,0.37495705068132973,0.5504125118224712,1.0,0.04330708661417326,ON,True,True,True
dog 10+ + pt diff/gm <= -7 (4+ gp) + 1pm ET window,3,69,58,7,41,33,28,25,0.03801861959553998,127,0.5433070866141733,0.5540540540540541,53,0.5283018867924528,0.37495705068132973,0.4159851975073046,1.0,0.04330708661417326,ON,True,True,True
away + pt diff/gm <= -7 (4+ gp) + weeks 13+ (reg),3,85,98,2,46,55,39,43,-0.101319277948878,183,0.4644808743169399,0.45544554455445546,82,0.47560975609756095,0.3750916223926217,0.42616001546699406,1.0,0.03551912568306009,FADE,True,True,True
off SU loss + off ATS win + pt diff/gm <= -7 (4+ gp),3,71,83,2,40,48,31,35,-0.10609410611138599,154,0.461038961038961,0.45454545454545453,66,0.4696969696969697,0.37545688817317846,0.45574127943791265,1.0,0.038961038961038974,FADE,True,True,True
fav 7+ + opp off SU win + pt diff/gm >= +7 (4+ gp),3,71,83,8,47,52,24,31,-0.09352885068407217,154,0.461038961038961,0.47474747474747475,55,0.43636363636363634,0.37545688817317846,0.6878853435796918,1.0,0.038961038961038974,FADE,True,True,True
dog + off 1-score loss + off 2 straight ATS wins,3,47,57,5,24,29,23,28,-0.11322726790828794,104,0.4519230769230769,0.4528301886792453,51,0.45098039215686275,0.37758392329809853,0.5831321542611763,1.0,0.04807692307692307,FADE,True,True,True
opp off SU win + made playoffs last yr + outdoor <=35F,3,86,99,6,44,50,42,49,-0.09547819804736424,185,0.4648648648648649,0.46808510638297873,91,0.46153846153846156,0.37768678581847875,0.6062959376939656,1.0,0.03513513513513511,FADE,True,True,True
better record than opp by .3+ + made playoffs last yr + dome/closed,3,70,59,2,38,31,32,28,0.057738675087059065,129,0.5426356589147286,0.5507246376811594,60,0.5333333333333333,0.3786876626931186,0.47036853185814453,1.0,0.04263565891472865,ON,True,True,True
opp off SU win + winless (2+ gp),2,85,73,2,56,49,29,24,0.0392930262458123,158,0.5379746835443038,0.5333333333333333,53,0.5471698113207547,0.38157344546443395,0.5583942911655911,1.0,0.03797468354430378,ON,True,True,True
dog 0.5-2.5 + off ATS win + made playoffs last yr,3,85,73,0,43,38,42,35,0.06344672764351607,158,0.5379746835443038,0.5308641975308642,77,0.5454545454545454,0.38157344546443395,0.6569924675863577,1.0,0.03797468354430378,ON,True,True,True
off bye + off 2 straight SU wins + off ATS win,3,85,73,2,50,44,35,29,0.04172849150222198,158,0.5379746835443038,0.5319148936170213,64,0.546875,0.38157344546443395,0.6062959376939656,1.0,0.03797468354430378,ON,True,True,True
pt diff/gm <= -7 (4+ gp) + win pct <= .35 last yr + division game,3,71,60,2,33,30,38,30,0.04711062667053019,131,0.5419847328244275,0.5238095238095238,68,0.5588235294117647,0.38235432135613434,0.8013064925040663,1.0,0.041984732824427495,ON,True,True,True
rest disadv 3+ days + made playoffs last yr + non-division,3,121,136,7,67,76,54,60,-0.08370847757258655,257,0.4708171206225681,0.46853146853146854,114,0.47368421052631576,0.3825392214800499,0.5036394897297809,1.0,0.029182879377431914,FADE,True,True,True
fav 3.5-6.5 + off ATS win + 1pm ET window,3,161,178,2,96,106,65,72,-0.06947123008328274,339,0.4749262536873156,0.4752475247524752,137,0.4744525547445255,0.38487582983381996,0.5266817822731973,1.0,0.025073746312684386,FADE,True,True,True
away + dog 7+ + dome/closed,3,119,105,6,71,63,48,42,0.018145664087325833,224,0.53125,0.5298507462686567,90,0.5333333333333333,0.3851110004364599,0.5455343664798736,1.0,0.03125,ON,True,True,True
home + fav 7+ + dome/closed,3,105,119,6,63,71,42,48,-0.07490225007052459,224,0.46875,0.4701492537313433,90,0.4666666666666667,0.3851110004364599,0.5455343664798736,1.0,0.03125,FADE,True,True,True
away + win pct >= .667 (4+ gp) + dome/closed,3,119,105,2,64,58,55,47,0.03148933170779162,224,0.53125,0.5245901639344263,102,0.5392156862745098,0.3851110004364599,0.65095981621607,1.0,0.03125,ON,True,True,True
off SU win + primetime + total >=50,3,89,102,4,48,54,41,48,-0.09238646706974475,191,0.46596858638743455,0.47058823529411764,89,0.4606741573033708,0.3852883963184289,0.6207676687971154,1.0,0.03403141361256545,FADE,True,True,True
opp off SU win + primetime + total >=50,3,102,89,4,54,48,48,41,0.031868513156548456,191,0.5340314136125655,0.5294117647058824,89,0.5393258426966292,0.3852883963184289,0.6207676687971154,1.0,0.03403141361256545,ON,True,True,True
off ATS loss + opp off SU loss + better record than opp by .3+,3,158,142,4,87,78,71,64,0.030231380181220933,300,0.5266666666666666,0.5272727272727272,135,0.5259259259259259,0.38650982711273907,0.5335448936308462,1.0,0.026666666666666616,ON,True,True,True
dog 9+ + off blowout loss (17+) + opp off SU win,3,49,59,0,27,31,22,28,-0.12679943225784612,108,0.4537037037037037,0.46551724137931033,50,0.44,0.3865726089882609,0.6940040940761318,1.0,0.04629629629629628,FADE,True,True,True
away + Thursday + non-division,3,49,59,4,23,30,26,29,-0.11416229442584543,108,0.4537037037037037,0.4339622641509434,55,0.4727272727272727,0.3865726089882609,0.4101027163746913,1.0,0.04629629629629628,FADE,True,True,True
away + dog 0.5-2.5 + off 1-score loss,3,59,49,0,30,23,29,26,0.08223953151568605,108,0.5462962962962963,0.5660377358490566,55,0.5272727272727272,0.3865726089882609,0.4101027163746913,1.0,0.04629629629629628,ON,True,True,True
fav 9+ + off SU win + opp off blowout loss (17+),3,59,49,0,31,27,28,22,0.07478942646469776,108,0.5462962962962963,0.5344827586206896,50,0.56,0.3865726089882609,0.6940040940761318,1.0,0.04629629629629628,ON,True,True,True
home + Thursday + non-division,3,59,49,4,30,23,29,26,0.05633603380939756,108,0.5462962962962963,0.5660377358490566,55,0.5272727272727272,0.3865726089882609,0.4101027163746913,1.0,0.04629629629629628,ON,True,True,True
home + fav 0.5-2.5 + off 2 straight ATS wins,3,49,59,0,24,29,25,30,-0.12860747751404855,108,0.4537037037037037,0.4528301886792453,55,0.45454545454545453,0.3865726089882609,0.5831321542611763,1.0,0.04629629629629628,FADE,True,True,True
rest adv 3+ days + off ATS loss + made playoffs last yr,3,75,87,5,40,45,35,42,-0.09866905035513,162,0.46296296296296297,0.47058823529411764,77,0.45454545454545453,0.38751908484905356,0.664645490413214,1.0,0.037037037037037035,FADE,True,True,True
off 2 straight ATS losses + weeks 5-12 + primetime,3,87,75,3,52,46,35,29,0.037529993421823525,162,0.5370370370370371,0.5306122448979592,64,0.546875,0.38751908484905356,0.613734467630139,1.0,0.03703703703703709,ON,True,True,True
pt diff/gm <= -7 (4+ gp) + weeks 5-12 + 1pm ET window,3,163,180,13,95,105,68,75,-0.07917110527654833,343,0.4752186588921283,0.475,143,0.4755244755244755,0.3876622204651909,0.5246223557223155,1.0,0.024781341107871724,FADE,True,True,True
off blowout win (17+) + ATS >= .65 (6+ gp) + non-division,3,62,73,2,34,41,28,32,-0.10209221176779262,135,0.45925925925925926,0.4533333333333333,60,0.4666666666666667,0.38950262897613974,0.48868297090314317,1.0,0.040740740740740744,FADE,True,True,True
fav 9+ + better record than opp by .3+ + division game,3,73,62,3,43,38,30,24,0.060089730230104804,135,0.5407407407407407,0.5308641975308642,54,0.5555555555555556,0.38950262897613974,0.6569924675863577,1.0,0.040740740740740744,ON,True,True,True
dog 7.5-9.5 + off SU win + off ATS win,3,73,62,0,42,38,31,24,0.03865600115180704,135,0.5407407407407407,0.525,55,0.5636363636363636,0.38950262897613974,0.7375543089843226,1.0,0.040740740740740744,ON,True,True,True
dog 9+ + worse record than opp by .3+ + division game,3,62,73,3,38,43,24,30,-0.11849877199449041,135,0.45925925925925926,0.4691358024691358,54,0.4444444444444444,0.38950262897613974,0.6569924675863577,1.0,0.040740740740740744,FADE,True,True,True
opp off blowout win (17+) + opp ATS >= .65 (6+ gp) + non-division,3,73,62,2,41,34,32,28,0.045863190970645604,135,0.5407407407407407,0.5466666666666666,60,0.5333333333333333,0.38950262897613974,0.48868297090314317,1.0,0.040740740740740744,ON,True,True,True
off 2 straight SU wins + off ATS win + opp off blowout loss (17+),3,91,104,1,51,60,40,44,-0.08938624369136805,195,0.4666666666666667,0.4594594594594595,84,0.47619047619047616,0.390208584094316,0.44780613214374815,1.0,0.033333333333333326,FADE,True,True,True
off 2 straight SU losses + off 2 straight ATS losses + opp off ATS miss by 14+,3,76,88,5,47,55,29,33,-0.09631218230573772,164,0.4634146341463415,0.46078431372549017,62,0.46774193548387094,0.39043016796270547,0.48843446453263245,1.0,0.036585365853658514,FADE,True,True,True
off blowout win (17+) + win pct >= .667 (4+ gp) + 1pm ET window,3,76,88,3,43,49,33,39,-0.08801012076086721,164,0.4634146341463415,0.4673913043478261,72,0.4583333333333333,0.39043016796270547,0.6024122776961505,1.0,0.036585365853658514,FADE,True,True,True
off 1-score loss + off ATS win + pt diff/gm <= -7 (4+ gp),3,63,74,2,34,42,29,32,-0.10729116793299918,137,0.45985401459854014,0.4473684210526316,61,0.47540983606557374,0.3929875546202095,0.42219110499231566,1.0,0.04014598540145986,FADE,True,True,True
home + off 2 straight ATS wins + total <=41,3,74,63,4,46,40,28,23,0.05173157523228097,137,0.5401459854014599,0.5348837209302325,51,0.5490196078431373,0.3929875546202095,0.5900356111485566,1.0,0.04014598540145986,ON,True,True,True
dog + rest adv 3+ days + off ATS loss,3,106,93,2,69,62,37,31,0.03525228719501619,199,0.5326633165829145,0.5267175572519084,68,0.5441176470588235,0.39501577812011085,0.6002946177102675,1.0,0.03266331658291455,ON,True,True,True
off 2 straight ATS losses + non-division + dome/closed,3,143,128,6,74,67,69,61,0.022058911511335853,271,0.5276752767527675,0.524822695035461,130,0.5307692307692308,0.3951217986877914,0.6135127096954125,1.0,0.027675276752767486,ON,True,True,True
home + off 2 straight ATS losses + win pct >= .667 (4+ gp),3,61,51,4,29,25,32,26,0.06281499298551638,112,0.5446428571428571,0.5370370370370371,58,0.5517241379310345,0.39519335735782307,0.6834892282353371,1.0,0.044642857142857095,ON,True,True,True
away + dog 7+ + opp off ATS cover by 14+,3,78,90,3,49,57,29,33,-0.10429609458775699,168,0.4642857142857143,0.46226415094339623,62,0.46774193548387094,0.3961333413963789,0.4967543930289453,1.0,0.0357142857142857,FADE,True,True,True
home + fav 7+ + off ATS cover by 14+,3,90,78,3,57,49,33,29,0.06040109535248045,168,0.5357142857142857,0.5377358490566038,62,0.532258064516129,0.3961333413963789,0.4967543930289453,1.0,0.0357142857142857,ON,True,True,True
off upset win (won as dog) + off 2 straight ATS wins + late afternoon,3,90,78,2,52,46,38,32,0.04354304767325275,168,0.5357142857142857,0.5306122448979592,70,0.5428571428571428,0.3961333413963789,0.613734467630139,1.0,0.0357142857142857,ON,True,True,True
fav 3.5-6.5 + opp made playoffs last yr + non-division,3,64,75,1,40,47,24,28,-0.09880383987544288,139,0.460431654676259,0.45977011494252873,52,0.46153846153846156,0.3964150849517259,0.5202915935750735,1.0,0.03956834532374098,FADE,True,True,True
off 2 straight SU wins + opp new starting QB,2,94,107,5,46,51,48,56,-0.08418629649708961,201,0.46766169154228854,0.4742268041237113,104,0.46153846153846156,0.39737829008791575,0.6848587772144039,1.0,0.03233830845771146,FADE,True,True,True
fav + rest disadv 3+ days + off SU loss,3,91,79,3,57,51,34,28,0.03977280167332643,170,0.5352941176470588,0.5277777777777778,62,0.5483870967741935,0.3989271474964336,0.6306338345308321,1.0,0.03529411764705881,ON,True,True,True
dog + rest adv 3+ days + opp off SU loss,3,79,91,3,51,57,28,34,-0.08907810524014387,170,0.4647058823529412,0.4722222222222222,62,0.45161290322580644,0.3989271474964336,0.6306338345308321,1.0,0.03529411764705881,FADE,True,True,True
fav 3.5-6.5 + off ATS loss + win pct >= .667 (4+ gp),3,91,79,1,50,42,41,37,0.03883386584833613,170,0.5352941176470588,0.5434782608695652,78,0.5256410256410257,0.3989271474964336,0.4657074457730625,1.0,0.03529411764705881,ON,True,True,True
away + off blowout win (17+) + pt diff/gm >= +7 (4+ gp),3,79,91,2,44,52,35,39,-0.09326178316026824,170,0.4647058823529412,0.4583333333333333,74,0.47297297297297297,0.3989271474964336,0.47515204998657296,1.0,0.03529411764705881,FADE,True,True,True
off ATS miss by 14+ + opp off SU loss + pt diff/gm <= -7 (4+ gp),3,62,52,2,32,28,30,24,0.04787239014672645,114,0.543859649122807,0.5333333333333333,54,0.5555555555555556,0.3993731868805379,0.6988834276200058,1.0,0.04385964912280704,ON,True,True,True
dog + off SU loss + off 2 straight ATS wins,3,52,62,5,27,32,25,30,-0.10529523832955269,114,0.45614035087719296,0.4576271186440678,55,0.45454545454545453,0.3993731868805379,0.6029232012571504,1.0,0.04385964912280704,FADE,True,True,True
dog + off SU win + Monday,3,62,52,3,31,26,31,26,0.058111127652758936,114,0.543859649122807,0.543859649122807,57,0.543859649122807,0.3993731868805379,0.5966417603730826,1.0,0.04385964912280704,ON,True,True,True
fav + opp off SU win + Monday,3,52,62,3,26,31,26,31,-0.11386024865146821,114,0.45614035087719296,0.45614035087719296,57,0.45614035087719296,0.3993731868805379,0.5966417603730826,1.0,0.04385964912280704,FADE,True,True,True
off 2 straight ATS losses + ATS <= .35 (6+ gp) + made playoffs last yr,3,76,65,4,38,32,38,33,0.040882096272107975,141,0.5390070921985816,0.5428571428571428,71,0.5352112676056338,0.399786720173222,0.5504125118224712,1.0,0.03900709219858156,ON,True,True,True
fav 7+ + off upset loss (lost as fav) + opp off SU loss,3,76,65,5,42,38,34,27,0.06385193945872077,141,0.5390070921985816,0.525,61,0.5573770491803278,0.399786720173222,0.7375543089843226,1.0,0.03900709219858156,ON,True,True,True
off 1-score loss + off 2 straight ATS losses + win pct <= .333 (4+ gp),3,92,80,8,54,46,38,34,0.03845973829281049,172,0.5348837209302325,0.54,72,0.5277777777777778,0.40168353655050565,0.48411841360729163,1.0,0.03488372093023251,ON,True,True,True
dog + opp made playoffs last yr + final 2 reg weeks,3,66,77,6,40,48,26,29,-0.10322299248597386,143,0.46153846153846156,0.45454545454545453,55,0.4727272727272727,0.40310390913216987,0.45574127943791265,1.0,0.038461538461538436,FADE,True,True,True
fav 7 + non-division,2,66,77,8,41,49,25,28,-0.08592199654951736,143,0.46153846153846156,0.45555555555555555,53,0.4716981132075472,0.40310390913216987,0.46079247271897145,1.0,0.038461538461538436,FADE,True,True,True
fav 9+ + off ATS loss + non-division,3,66,77,3,38,45,28,32,-0.09281297004653823,143,0.46153846153846156,0.4578313253012048,60,0.4666666666666667,0.40310390913216987,0.5104099416812344,1.0,0.038461538461538436,FADE,True,True,True
dog 7 + non-division,2,77,66,8,49,41,28,25,0.0299715067995078,143,0.5384615384615384,0.5444444444444444,53,0.5283018867924528,0.40310390913216987,0.46079247271897145,1.0,0.038461538461538436,ON,True,True,True
fav 0.5-2.5 + made playoffs last yr + dome/closed,3,53,63,1,27,31,26,32,-0.12066553947217715,116,0.45689655172413796,0.46551724137931033,58,0.4482758620689655,0.40346969965531176,0.6940040940761318,1.0,0.043103448275862044,FADE,True,True,True
off SU win + off 2 straight ATS losses + weeks 5-12,3,63,53,2,33,28,30,25,0.05226757068517223,116,0.5431034482758621,0.5409836065573771,55,0.5454545454545454,0.40346969965531176,0.6089207154048286,1.0,0.0431034482758621,ON,True,True,True
off SU win + weeks 1-4 + dome/closed,3,81,93,4,43,49,38,44,-0.0917513105870193,174,0.46551724137931033,0.4673913043478261,82,0.4634146341463415,0.4044033069094145,0.6024122776961505,1.0,0.03448275862068967,FADE,True,True,True
opp off SU win + weeks 1-4 + dome/closed,3,93,81,4,49,43,44,38,0.03801042076732607,174,0.5344827586206896,0.532608695652174,82,0.5365853658536586,0.4044033069094145,0.6024122776961505,1.0,0.03448275862068961,ON,True,True,True
rest disadv 3+ days + off ATS win + made playoffs last yr,3,81,93,2,48,54,33,39,-0.0928632360105755,174,0.46551724137931033,0.47058823529411764,72,0.4583333333333333,0.4044033069094145,0.6207676687971154,1.0,0.03448275862068967,FADE,True,True,True
dog 3 + off 2 straight ATS wins,2,54,64,10,29,35,25,29,-0.09256418335417482,118,0.4576271186440678,0.453125,54,0.46296296296296297,0.4074855344889005,0.5323087760278422,1.0,0.0423728813559322,FADE,True,True,True
off blowout loss (17+) + off 2 straight ATS losses + dome/closed,3,54,64,1,27,30,27,34,-0.11431525909153449,118,0.4576271186440678,0.47368421052631576,61,0.4426229508196721,0.4074855344889005,0.7913664277791806,1.0,0.0423728813559322,FADE,True,True,True
opp off SU win + Saturday + non-division,3,54,64,6,29,33,25,31,-0.10914910579097316,118,0.4576271186440678,0.46774193548387094,56,0.44642857142857145,0.4074855344889005,0.7035366713552733,1.0,0.0423728813559322,FADE,True,True,True
off SU win + Saturday + non-division,3,64,54,6,33,29,31,25,0.04944885393534157,118,0.5423728813559322,0.532258064516129,56,0.5535714285714286,0.4074855344889005,0.7035366713552733,1.0,0.0423728813559322,ON,True,True,True
dog + opp off ATS miss by 14+ + win pct <= .333 (4+ gp),3,79,68,2,47,41,32,27,0.0382334596861867,147,0.5374149659863946,0.5340909090909091,59,0.5423728813559322,0.40958049902640153,0.5942882951469401,1.0,0.0374149659863946,ON,True,True,True
opp ATS >= .65 (6+ gp) + opp made playoffs last yr + non-division,3,68,79,2,44,51,24,28,-0.09630657894224544,147,0.46258503401360546,0.4631578947368421,52,0.46153846153846156,0.40958049902640153,0.538394026292168,1.0,0.037414965986394544,FADE,True,True,True
dog + off 2 straight ATS losses + total <=41,3,95,83,6,52,47,43,36,0.02962961425681663,178,0.5337078651685393,0.5252525252525253,79,0.5443037974683544,0.40973607358085473,0.6878853435796918,1.0,0.0337078651685393,ON,True,True,True
off 1-score loss + weeks 1-4 + non-division,3,132,118,7,77,69,55,49,0.028672300045081256,250,0.528,0.5273972602739726,104,0.5288461538461539,0.4110189397350888,0.56252094230485,1.0,0.028000000000000025,ON,True,True,True
dog 9+ + weeks 13+ (reg) + 1pm ET window,3,55,65,4,30,36,25,29,-0.1194462643979543,120,0.4583333333333333,0.45454545454545453,54,0.46296296296296297,0.4114232202639375,0.5385827752459466,1.0,0.041666666666666685,FADE,True,True,True
fav 9+ + weeks 13+ (reg) + 1pm ET window,3,65,55,4,36,30,29,25,0.06526919607258908,120,0.5416666666666666,0.5454545454545454,54,0.5370370370370371,0.4114232202639375,0.5385827752459466,1.0,0.04166666666666663,ON,True,True,True
off SU loss + opp made playoffs last yr + new starting QB vs last game,3,55,65,3,31,38,24,27,-0.11494366061473091,120,0.4583333333333333,0.4492753623188406,51,0.47058823529411764,0.4114232202639375,0.47036853185814453,1.0,0.041666666666666685,FADE,True,True,True
rest adv 3+ days + off SU loss + off ATS loss,3,159,175,7,99,109,60,66,-0.07356654893833667,334,0.47604790419161674,0.47596153846153844,126,0.47619047619047616,0.41181957408695075,0.5327042213056806,1.0,0.023952095808383256,FADE,True,True,True
home + off blowout loss (17+) + 1pm ET window,3,154,139,8,93,84,61,55,0.01914236930857803,293,0.5255972696245734,0.5254237288135594,116,0.5258620689655172,0.413465348098345,0.5477509096395391,1.0,0.025597269624573427,ON,True,True,True
away + opp off blowout loss (17+) + 1pm ET window,3,139,154,8,84,93,55,61,-0.06810416621473314,293,0.47440273037542663,0.4745762711864407,116,0.47413793103448276,0.413465348098345,0.5477509096395391,1.0,0.02559726962457337,FADE,True,True,True
off ATS loss + opp ATS >= .65 (6+ gp) + 1pm ET window,3,97,85,6,57,51,40,34,0.031834604271707645,182,0.532967032967033,0.5277777777777778,74,0.5405405405405406,0.41493139899211173,0.6306338345308321,1.0,0.03296703296703296,ON,True,True,True
off 1-score loss + off ATS win + opp made playoffs last yr,3,56,66,1,29,36,27,30,-0.10968789526200802,122,0.45901639344262296,0.4461538461538462,57,0.47368421052631576,0.41528518131253184,0.45702078541058977,1.0,0.04098360655737704,FADE,True,True,True
away + better record than opp by .3+ + late afternoon,3,66,56,1,38,32,28,24,0.05841309877093173,122,0.5409836065573771,0.5428571428571428,52,0.5384615384615384,0.41528518131253184,0.5504125118224712,1.0,0.040983606557377095,ON,True,True,True
fav 7+ + off SU loss + division game,3,82,71,5,49,41,33,30,0.05864345316982702,153,0.5359477124183006,0.5444444444444444,63,0.5238095238095238,0.418920524906494,0.46079247271897145,1.0,0.03594771241830064,ON,True,True,True
dog 7+ + opp off SU loss + division game,3,71,82,5,41,49,30,33,-0.10594547339454066,153,0.46405228758169936,0.45555555555555555,63,0.47619047619047616,0.418920524906494,0.46079247271897145,1.0,0.03594771241830064,FADE,True,True,True
off 2 straight SU wins + off 2 straight ATS wins + outdoor <=35F,3,57,67,3,29,35,28,32,-0.1012717093943126,124,0.4596774193548387,0.453125,60,0.4666666666666667,0.4190737425166348,0.5323087760278422,1.0,0.04032258064516131,FADE,True,True,True
rest disadv 3+ days + off 1-score loss + off ATS loss,3,83,72,6,50,45,33,27,0.0420594730210307,155,0.535483870967742,0.5263157894736842,60,0.55,0.42193883301297325,0.6817425059181851,1.0,0.03548387096774197,ON,True,True,True
fav 0.5-2.5 + off ATS win + weeks 13+ (reg),3,68,58,0,40,34,28,24,0.03625650007901473,126,0.5396825396825397,0.5405405405405406,52,0.5384615384615384,0.42279113414588027,0.5613807442989817,1.0,0.03968253968253965,ON,True,True,True
off 2 straight ATS losses + win pct <= .35 last yr + division game,3,58,68,3,36,40,22,28,-0.10157166078938641,126,0.4603174603174603,0.47368421052631576,50,0.44,0.42279113414588027,0.7310088822226056,1.0,0.03968253968253971,FADE,True,True,True
off SU loss + opp off SU win + winless (2+ gp),3,84,73,2,56,49,28,24,0.034118334803853595,157,0.535031847133758,0.5333333333333333,52,0.5384615384615384,0.4249115601338557,0.5583942911655911,1.0,0.035031847133757954,ON,True,True,True
off ATS win + opp ATS >= .65 (6+ gp) + weeks 13+ (reg),3,69,59,4,40,35,29,24,0.04091055445851947,128,0.5390625,0.5333333333333333,53,0.5471698113207547,0.4264394964440242,0.6444639138942256,1.0,0.0390625,ON,True,True,True
off 2 straight SU wins + opp ATS >= .65 (6+ gp),2,141,127,5,80,72,61,55,0.022893221830491077,268,0.5261194029850746,0.5263157894736842,116,0.5258620689655172,0.42719027560468975,0.5703330633303956,1.0,0.026119402985074647,ON,True,True,True
home + rest adv 3+ days + made playoffs last yr,3,90,102,6,49,54,41,48,-0.09049931809841473,192,0.46875,0.47572815533980584,89,0.4606741573033708,0.4273545893965868,0.6936859650244835,1.0,0.03125,FADE,True,True,True
fav + off 1-score loss + opp off ATS miss by 14+,3,74,85,3,42,48,32,37,-0.09056449299110701,159,0.46540880503144655,0.4666666666666667,69,0.463768115942029,0.42783981112503233,0.5984117182335192,1.0,0.03459119496855345,FADE,True,True,True
away + dog 7+ + off upset win (won as dog),3,74,85,6,44,51,30,34,-0.10501380110819329,159,0.46540880503144655,0.4631578947368421,64,0.46875,0.42783981112503233,0.538394026292168,1.0,0.03459119496855345,FADE,True,True,True
away + pt diff/gm >= +7 (4+ gp) + 1pm ET window,3,103,91,6,65,58,38,33,0.03933921361784951,194,0.5309278350515464,0.5284552845528455,71,0.5352112676056338,0.42974749501447856,0.5886880630911524,1.0,0.030927835051546393,ON,True,True,True
dog 9+ + opp ATS >= .65 (6+ gp),2,70,60,3,40,34,30,26,0.032732472814912504,130,0.5384615384615384,0.5405405405405406,56,0.5357142857142857,0.4300208839753426,0.5613807442989817,1.0,0.038461538461538436,ON,True,True,True
fav 9+ + ATS >= .65 (6+ gp),2,60,70,3,34,40,26,30,-0.09510859735923463,130,0.46153846153846156,0.4594594594594595,56,0.4642857142857143,0.4300208839753426,0.5613807442989817,1.0,0.038461538461538436,FADE,True,True,True
dog + off upset win (won as dog) + win pct <= .333 (4+ gp),3,76,87,8,42,49,34,38,-0.08943259743396534,163,0.4662576687116564,0.46153846153846156,72,0.4722222222222222,0.43356712682865295,0.5296020954762445,1.0,0.033742331288343586,FADE,True,True,True
off 1-score loss + off 2 straight ATS losses + total <=41,3,57,48,8,30,24,27,24,0.04706870230040028,105,0.5428571428571428,0.5555555555555556,51,0.5294117647058824,0.43511449489230103,0.49661743531793345,1.0,0.042857142857142816,ON,True,True,True
fav 10+ + off ATS loss + made playoffs last yr,3,88,77,3,48,42,40,35,0.044892205861186744,165,0.5333333333333333,0.5333333333333333,75,0.5333333333333333,0.43636822805371367,0.5984117182335192,1.0,0.033333333333333326,ON,True,True,True
home + dog + off upset loss (lost as fav),3,89,78,6,50,45,39,33,0.02854666217497888,167,0.5329341317365269,0.5263157894736842,72,0.5416666666666666,0.4391289287803383,0.6817425059181851,1.0,0.03293413173652693,ON,True,True,True
dog + opp off SU loss + cross-country road trip,3,58,49,3,31,26,27,23,0.05015454451848735,107,0.5420560747663551,0.543859649122807,50,0.54,0.4394401017790823,0.5966417603730826,1.0,0.04205607476635509,ON,True,True,True
away + off 2 straight SU wins + opp ATS >= .65 (6+ gp),3,73,63,4,42,36,31,27,0.04630668892268842,136,0.5367647058823529,0.5384615384615384,58,0.5344827586206896,0.4403825433795313,0.5715867180030723,1.0,0.03676470588235292,ON,True,True,True
away + off blowout loss (17+) + dome/closed,3,63,73,0,27,32,36,41,-0.10622166693926072,136,0.4632352941176471,0.4576271186440678,77,0.4675324675324675,0.4403825433795313,0.6029232012571504,1.0,0.03676470588235292,FADE,True,True,True
home + opp off blowout loss (17+) + dome/closed,3,73,63,0,32,27,41,36,0.044588932143034124,136,0.5367647058823529,0.5423728813559322,77,0.5324675324675324,0.4403825433795313,0.6029232012571504,1.0,0.03676470588235292,ON,True,True,True
off 2 straight SU losses + opp made playoffs last yr + 1pm ET window,3,96,108,4,61,68,35,40,-0.08954878760022382,204,0.47058823529411764,0.4728682170542636,75,0.4666666666666667,0.44128575924792685,0.5974849993058737,1.0,0.02941176470588236,FADE,True,True,True
fav + final 2 reg weeks + 1pm ET window,3,115,128,7,72,80,43,48,-0.07379454946284408,243,0.4732510288065844,0.47368421052631576,91,0.4725274725274725,0.4414830653415563,0.5703330633303956,1.0,0.026748971193415627,FADE,True,True,True
dog + final 2 reg weeks + 1pm ET window,3,128,115,7,80,72,48,43,0.023441782816963398,243,0.5267489711934157,0.5263157894736842,91,0.5274725274725275,0.4414830653415563,0.5703330633303956,1.0,0.026748971193415683,ON,True,True,True
fav 0.5-2.5 + opp off SU win + made playoffs last yr,3,109,97,2,55,50,54,47,0.010900629226929283,206,0.529126213592233,0.5238095238095238,101,0.5346534653465347,0.4435119634598577,0.6964676629916763,1.0,0.029126213592232997,ON,True,True,True
fav 3.5-6.5 + off upset loss (lost as fav) + non-division,3,74,64,1,40,36,34,28,0.04397168756515754,138,0.5362318840579711,0.5263157894736842,62,0.5483870967741935,0.4437150035266714,0.7310088822226056,1.0,0.036231884057971064,ON,True,True,True
fav + off ATS win + Monday,3,64,74,1,34,38,30,36,-0.09970846921835863,138,0.463768115942029,0.4722222222222222,66,0.45454545454545453,0.4437150035266714,0.7239481457469141,1.0,0.03623188405797101,FADE,True,True,True
dog + opp off SU win + playoffs,3,75,65,3,41,37,34,28,0.03977446493637721,140,0.5357142857142857,0.5256410256410257,62,0.5483870967741935,0.4469896132741676,0.7343420330298466,1.0,0.0357142857142857,ON,True,True,True
fav + off SU win + playoffs,3,65,75,3,37,41,28,34,-0.09499793337798022,140,0.4642857142857143,0.47435897435897434,62,0.45161290322580644,0.4469896132741676,0.7343420330298466,1.0,0.0357142857142857,FADE,True,True,True
off ATS loss + worse record than opp by .3+ + made playoffs last yr,3,75,65,3,42,36,33,29,0.02819929521159575,140,0.5357142857142857,0.5384615384615384,62,0.532258064516129,0.4469896132741676,0.5715867180030723,1.0,0.0357142857142857,ON,True,True,True
off 2 straight ATS losses + new starting QB vs last game,2,118,131,8,63,70,55,61,-0.08230141108439949,249,0.4738955823293173,0.47368421052631576,116,0.47413793103448276,0.4470392438236245,0.6030463891288798,1.0,0.026104417670682722,FADE,True,True,True
opp off SU loss + Saturday,2,60,51,2,31,25,29,26,0.05528036579225222,111,0.5405405405405406,0.5535714285714286,55,0.5272727272727272,0.44780613214374815,0.5044037600228255,1.0,0.04054054054054057,ON,True,True,True
off 2 straight ATS losses + pt diff/gm <= -7 (4+ gp) + win pct <= .35 last yr,3,60,51,1,32,26,28,25,0.03772965852328124,111,0.5405405405405406,0.5517241379310345,53,0.5283018867924528,0.44780613214374815,0.5118423084381691,1.0,0.04054054054054057,ON,True,True,True
off SU loss + Saturday,2,51,60,2,25,31,26,29,-0.10575343305301922,111,0.4594594594594595,0.44642857142857145,55,0.4727272727272727,0.44780613214374815,0.5044037600228255,1.0,0.040540540540540515,FADE,True,True,True
dog 0.5-2.5 + off 2 straight ATS losses,2,93,82,3,51,45,42,37,0.05011339301724194,175,0.5314285714285715,0.53125,79,0.5316455696202531,0.44978608259892555,0.6100682661051773,1.0,0.03142857142857147,ON,True,True,True
dog 0.5-2.5 + off SU loss + off 2 straight ATS losses,3,76,66,3,43,37,33,29,0.06052102829395432,142,0.5352112676056338,0.5375,62,0.532258064516129,0.45020799234923153,0.5764306261883931,1.0,0.035211267605633756,ON,True,True,True
opp off SU loss + pt diff/gm >= +7 (4+ gp) + division game,3,94,83,5,57,50,37,33,0.04052022333251491,177,0.5310734463276836,0.5327102803738317,70,0.5285714285714286,0.45235830236368413,0.5620926850537897,1.0,0.031073446327683607,ON,True,True,True
fav 3.5-6.5 + off ATS win + better record than opp by .3+,3,67,77,1,41,47,26,30,-0.09182888145846332,144,0.4652777777777778,0.4659090909090909,56,0.4642857142857143,0.4533716994309749,0.5942882951469401,1.0,0.03472222222222221,FADE,True,True,True
dog 3.5-6.5 + made playoffs last yr + dome/closed,3,53,62,0,29,33,24,29,-0.10676490096960467,115,0.4608695652173913,0.46774193548387094,53,0.4528301886792453,0.4558140295551913,0.7035366713552733,1.0,0.03913043478260869,FADE,True,True,True
off 2 straight SU wins + opp made playoffs last yr + dome/closed,3,78,68,3,48,41,30,27,0.04419367817693772,146,0.5342465753424658,0.5393258426966292,57,0.5263157894736842,0.4564822349651257,0.5250147872924263,1.0,0.03424657534246578,ON,True,True,True
opp off ATS cover by 14+ + made playoffs last yr + division game,3,68,78,3,39,46,29,32,-0.08425221784707167,146,0.4657534246575342,0.4588235294117647,61,0.47540983606557374,0.4564822349651257,0.5154257318839001,1.0,0.03424657534246578,FADE,True,True,True
fav + opp short week + off ATS loss,3,54,63,2,30,33,24,30,-0.10135557822457182,117,0.46153846153846156,0.47619047619047616,54,0.4444444444444444,0.4596913873255535,0.8013064925040663,1.0,0.038461538461538436,FADE,True,True,True
fav + off 1-score loss + total <=41,3,86,97,9,49,56,37,41,-0.08235543540356484,183,0.46994535519125685,0.4666666666666667,78,0.47435897435897434,0.4598669609706076,0.5583942911655911,1.0,0.030054644808743147,FADE,True,True,True
dog + rest disadv 3+ days + made playoffs last yr,3,71,81,5,38,44,33,37,-0.08916034205161782,152,0.46710526315789475,0.4634146341463415,70,0.4714285714285714,0.4655089982676932,0.581114454176647,1.0,0.032894736842105254,FADE,True,True,True
off ATS win + win pct >= .667 (4+ gp) + playoffs,3,71,81,1,40,45,31,36,-0.0884752951315159,152,0.46710526315789475,0.47058823529411764,67,0.4626865671641791,0.4655089982676932,0.664645490413214,1.0,0.032894736842105254,FADE,True,True,True
rest adv 3+ days + off ATS loss + non-division,3,130,143,8,80,88,50,55,-0.07414164540309146,273,0.47619047619047616,0.47619047619047616,105,0.47619047619047616,0.46773633482673277,0.5892869358592503,1.0,0.023809523809523836,FADE,True,True,True
off SU loss + weeks 1-4 + dome/closed,3,101,90,2,53,48,48,42,0.023074153692234256,191,0.5287958115183246,0.5247524752475248,90,0.5333333333333333,0.4694207824747447,0.6908264239959597,1.0,0.028795811518324554,ON,True,True,True
opp off SU loss + weeks 1-4 + dome/closed,3,90,101,2,48,53,42,48,-0.0868358588925382,191,0.4712041884816754,0.4752475247524752,90,0.4666666666666667,0.4694207824747447,0.6908264239959597,1.0,0.02879581151832461,FADE,True,True,True
off ATS cover by 14+ + opp off SU win + weeks 5-12,3,110,122,6,64,71,46,51,-0.07713443319680537,232,0.47413793103448276,0.4740740740740741,97,0.4742268041237113,0.47025780617775215,0.6057422651905515,1.0,0.025862068965517238,FADE,True,True,True
off SU win + opp off ATS cover by 14+ + weeks 5-12,3,122,110,6,71,64,51,46,0.023183900092439633,232,0.5258620689655172,0.5259259259259259,97,0.5257731958762887,0.47025780617775215,0.6057422651905515,1.0,0.025862068965517238,ON,True,True,True
dog 3.5-6.5 + made playoffs last yr + weeks 13+ (reg),3,57,66,0,30,33,27,33,-0.10147378008796357,123,0.4634146341463415,0.47619047619047616,60,0.45,0.47085074563938223,0.8013064925040663,1.0,0.036585365853658514,FADE,True,True,True
dog 0.5-2.5 + off 2 straight ATS wins + non-division,3,66,57,0,35,30,31,27,0.05566117536741252,123,0.5365853658536586,0.5384615384615384,58,0.5344827586206896,0.47085074563938223,0.6201447650813029,1.0,0.03658536585365857,ON,True,True,True
off 2 straight SU wins + ATS >= .65 (6+ gp) + dome/closed,3,73,83,2,40,46,33,37,-0.08965061039167896,156,0.46794871794871795,0.46511627906976744,70,0.4714285714285714,0.47128610321960557,0.5900356111485566,1.0,0.03205128205128205,FADE,True,True,True
fav + opp made playoffs last yr + late afternoon,3,91,102,6,52,59,39,43,-0.07766610751628472,193,0.47150259067357514,0.46846846846846846,82,0.47560975609756095,0.4717321117647522,0.5692202278035752,1.0,0.02849740932642486,FADE,True,True,True
rest disadv 3+ days + win pct <= .35 last yr,2,105,94,2,59,53,46,41,0.018126675781010584,199,0.5276381909547738,0.5267857142857143,87,0.5287356321839081,0.47849120098254705,0.636799771614233,1.0,0.027638190954773822,ON,True,True,True
dog 0.5-2.5 + off ATS loss + weeks 13+ (reg),3,69,60,2,38,33,31,27,0.051971611262509286,129,0.5348837209302325,0.5352112676056338,58,0.5344827586206896,0.4813541052575654,0.6353076420876663,1.0,0.03488372093023251,ON,True,True,True
fav 10+ + off ATS win + non-division,3,77,87,4,46,51,31,36,-0.07252666614763642,164,0.4695121951219512,0.4742268041237113,67,0.4626865671641791,0.4823062881447233,0.6848587772144039,1.0,0.030487804878048808,FADE,True,True,True
home + fav 0.5-2.5 + off ATS loss,3,96,107,0,52,58,44,49,-0.09821804947133042,203,0.4729064039408867,0.4727272727272727,93,0.4731182795698925,0.4828574443177827,0.6337556480191587,1.0,0.027093596059113323,FADE,True,True,True
off upset loss (lost as fav) + off ATS loss + win pct <= .35 last yr,3,96,107,7,59,65,37,42,-0.08309232311765476,203,0.4729064039408867,0.47580645161290325,79,0.46835443037974683,0.4828574443177827,0.6535984498230589,1.0,0.027093596059113323,FADE,True,True,True
off upset loss (lost as fav) + win pct <= .35 last yr,2,96,107,7,59,65,37,42,-0.08309232311765476,203,0.4729064039408867,0.47580645161290325,79,0.46835443037974683,0.4828574443177827,0.6535984498230589,1.0,0.027093596059113323,FADE,True,True,True
dog 7+ + opp off blowout win (17+) + worse record than opp by .3+,3,61,70,1,35,40,26,30,-0.10459690648640807,131,0.46564885496183206,0.4666666666666667,56,0.4642857142857143,0.48472021812853044,0.6444639138942256,1.0,0.03435114503816794,FADE,True,True,True
home + fav + Monday,3,78,88,5,47,53,31,35,-0.08547881821281228,166,0.46987951807228917,0.47,66,0.4696969696969697,0.48495656084228106,0.6172994135892526,1.0,0.03012048192771083,FADE,True,True,True
away + dog + Monday,3,88,78,5,53,47,35,31,0.03134826656381997,166,0.5301204819277109,0.53,66,0.5303030303030303,0.48495656084228106,0.6172994135892526,1.0,0.030120481927710885,ON,True,True,True
dog 9+ + worse record than opp by .3+ + weeks 5-12,3,89,79,5,53,48,36,31,0.014993325682222305,168,0.5297619047619048,0.5247524752475248,67,0.5373134328358209,0.48756699557998695,0.6908264239959597,1.0,0.029761904761904767,ON,True,True,True
away + off 2 straight SU wins + opp off ATS cover by 14+,3,71,62,1,41,37,30,25,0.04076706729123364,133,0.5338345864661654,0.5256410256410257,55,0.5454545454545454,0.48802234383086546,0.7343420330298466,1.0,0.03383458646616544,ON,True,True,True
worse record than opp by .3+ + late afternoon + non-division,3,62,71,1,39,44,23,27,-0.10270028051742695,133,0.46616541353383456,0.46987951807228917,50,0.46,0.48802234383086546,0.6608836477612152,1.0,0.03383458646616544,FADE,True,True,True
dog 7+ + off SU loss + off ATS win,3,62,71,3,30,35,32,36,-0.10452234336770694,133,0.46616541353383456,0.46153846153846156,68,0.47058823529411764,0.48802234383086546,0.6201447650813029,1.0,0.03383458646616544,FADE,True,True,True
win pct <= .35 last yr + final 2 reg weeks,2,110,99,5,64,58,46,41,0.018200039516941834,209,0.5263157894736842,0.5245901639344263,87,0.5287356321839081,0.48920822114926793,0.65095981621607,1.0,0.02631578947368418,ON,True,True,True
dog + off ATS miss by 14+ + opp made playoffs last yr,3,80,90,4,50,55,30,35,-0.08032128882636473,170,0.47058823529411764,0.47619047619047616,65,0.46153846153846156,0.49013856710390047,0.6964676629916763,1.0,0.02941176470588236,FADE,True,True,True
off ATS loss + better record than opp by .3+ + division game,3,90,80,4,52,46,38,34,0.03950508815567718,170,0.5294117647058824,0.5306122448979592,72,0.5277777777777778,0.49013856710390047,0.613734467630139,1.0,0.02941176470588236,ON,True,True,True
home + rest adv 3+ days + division game,3,63,72,2,38,42,25,30,-0.0876047473697823,135,0.4666666666666667,0.475,55,0.45454545454545453,0.4912624577829227,0.7375543089843226,1.0,0.033333333333333326,FADE,True,True,True
away + rest disadv 3+ days + division game,3,72,63,2,42,38,30,25,0.03645897198225734,135,0.5333333333333333,0.525,55,0.5454545454545454,0.4912624577829227,0.7375543089843226,1.0,0.033333333333333326,ON,True,True,True
off 1-score loss + primetime + dome/closed,3,56,48,0,28,24,28,24,0.04802651926658225,104,0.5384615384615384,0.5384615384615384,52,0.5384615384615384,0.4926450664865023,0.6778086391424605,1.0,0.038461538461538436,ON,True,True,True
dog 7+ + off SU loss + new starting QB vs last game,3,92,82,6,48,42,44,40,0.011293606976744818,174,0.5287356321839081,0.5333333333333333,84,0.5238095238095238,0.49516885828843854,0.5984117182335192,1.0,0.028735632183908066,ON,True,True,True
fav 7+ + opp off SU loss + opp new starting QB,3,82,92,6,42,48,40,44,-0.06606815654217753,174,0.47126436781609193,0.4666666666666667,84,0.47619047619047616,0.49516885828843854,0.5984117182335192,1.0,0.028735632183908066,FADE,True,True,True
fav + non-division + outdoor >=80F,3,102,113,3,65,72,37,41,-0.0730206361466403,215,0.4744186046511628,0.4744525547445255,78,0.47435897435897434,0.495333071736994,0.6083841068999604,1.0,0.025581395348837188,FADE,True,True,True
dog + non-division + outdoor >=80F,3,113,102,3,72,65,41,37,0.0189758093448349,215,0.5255813953488372,0.5255474452554745,78,0.5256410256410257,0.495333071736994,0.6083841068999604,1.0,0.025581395348837188,ON,True,True,True
off 2 straight ATS wins + ATS >= .65 (6+ gp) + 1pm ET window,3,84,94,6,49,55,35,39,-0.07767520769196619,178,0.47191011235955055,0.47115384615384615,74,0.47297297297297297,0.5000546060016114,0.624143515844679,1.0,0.02808988764044945,FADE,True,True,True
made playoffs last yr + weeks 13+ (reg) + outdoor <=35F,3,95,85,2,50,45,45,40,0.02378187643915813,180,0.5277777777777778,0.5263157894736842,85,0.5294117647058824,0.5024453906833369,0.6817425059181851,1.0,0.02777777777777779,ON,True,True,True
off 2 straight ATS wins + weeks 13+ (reg) + primetime,3,51,59,3,22,25,29,34,-0.10051873078035845,110,0.4636363636363636,0.46808510638297873,63,0.4603174603174603,0.5046848075879904,0.7708669945730263,1.0,0.036363636363636376,FADE,True,True,True
rest adv 3+ days + pt diff/gm >= +7 (4+ gp),2,77,68,3,47,42,30,26,0.030418963394958563,145,0.5310344827586206,0.5280898876404494,56,0.5357142857142857,0.5065964185708862,0.6718086491746105,1.0,0.03103448275862064,ON,True,True,True
off ATS loss + worse record than opp by .3+ + dome/closed,3,69,78,3,39,43,30,35,-0.09624414485559378,147,0.46938775510204084,0.47560975609756095,65,0.46153846153846156,0.5095015886349891,0.7406528413457827,1.0,0.030612244897959162,FADE,True,True,True
home + opp short week + off ATS loss,3,53,61,1,27,31,26,30,-0.09618228855883644,114,0.4649122807017544,0.46551724137931033,56,0.4642857142857143,0.5122548722298447,0.6940040940761318,1.0,0.03508771929824561,FADE,True,True,True
opp off bye + off 2 straight SU wins + off ATS win,3,79,70,1,52,46,27,24,0.02928298991774956,149,0.5302013422818792,0.5306122448979592,51,0.5294117647058824,0.5123564769095188,0.613734467630139,1.0,0.030201342281879207,ON,True,True,True
fav 7+ + rest adv 3+ days + non-division,3,54,62,3,30,34,24,28,-0.0821821621855319,116,0.46551724137931033,0.46875,52,0.46153846153846156,0.5159130749957946,0.7079807541347641,1.0,0.03448275862068967,FADE,True,True,True
fav 0.5-2.5 + opp off ATS miss by 14+,2,54,62,2,29,34,25,28,-0.10688131056185107,116,0.46551724137931033,0.4603174603174603,53,0.4716981132075472,0.5159130749957946,0.6146550157654618,1.0,0.03448275862068967,FADE,True,True,True
dog 0.5-2.5 + off ATS miss by 14+,2,62,54,2,34,29,28,25,0.059342767442561666,116,0.5344827586206896,0.5396825396825397,53,0.5283018867924528,0.5159130749957946,0.6146550157654618,1.0,0.03448275862068961,ON,True,True,True
dog 0.5-2.5 + off SU loss + off ATS miss by 14+,3,62,54,2,34,29,28,25,0.059342767442561666,116,0.5344827586206896,0.5396825396825397,53,0.5283018867924528,0.5159130749957946,0.6146550157654618,1.0,0.03448275862068961,ON,True,True,True
dog 7+ + rest disadv 3+ days + non-division,3,62,54,3,34,30,28,24,0.016445209049383475,116,0.5344827586206896,0.53125,52,0.5384615384615384,0.5159130749957946,0.7079807541347641,1.0,0.03448275862068961,ON,True,True,True
fav + off 2 straight SU wins + playoffs,3,55,63,2,31,35,24,28,-0.09101301655025752,118,0.4661016949152542,0.4696969696969697,52,0.46153846153846156,0.5194908187566278,0.7122308826373509,1.0,0.03389830508474578,FADE,True,True,True
off SU loss + opp off blowout loss (17+) + division game,3,93,103,1,53,59,40,44,-0.07194767935719569,196,0.4744897959183674,0.4732142857142857,84,0.47619047619047616,0.5204221958817009,0.636799771614233,1.0,0.025510204081632626,FADE,True,True,True
off blowout loss (17+) + opp off SU loss + division game,3,103,93,1,59,53,44,40,0.020906965053008795,196,0.5255102040816326,0.5267857142857143,84,0.5238095238095238,0.5204221958817009,0.636799771614233,1.0,0.025510204081632626,ON,True,True,True
off 2 straight SU losses + opp off SU win + winless (2+ gp),3,82,73,2,55,49,27,24,0.022532625804819014,155,0.5290322580645161,0.5288461538461539,51,0.5294117647058824,0.5206333734262385,0.624143515844679,1.0,0.029032258064516148,ON,True,True,True
fav + off ATS loss + outdoor <=35F,3,64,56,2,35,30,29,26,0.03161520264229939,120,0.5333333333333333,0.5384615384615384,55,0.5272727272727272,0.5229909838899941,0.6201447650813029,1.0,0.033333333333333326,ON,True,True,True
home + off 2 straight SU wins + opp ATS >= .65 (6+ gp),3,64,56,1,35,31,29,25,0.03248061909669619,120,0.5333333333333333,0.5303030303030303,54,0.5370370370370371,0.5229909838899941,0.7122308826373509,1.0,0.033333333333333326,ON,True,True,True
off 2 straight SU losses + opp off SU win + opp ATS >= .65 (6+ gp),3,83,74,4,42,37,41,37,0.02080145769016559,157,0.5286624203821656,0.5316455696202531,78,0.5256410256410257,0.5233007934374067,0.6529643755164601,1.0,0.0286624203821656,ON,True,True,True
off ATS win + late afternoon + total >=50,3,105,95,0,62,56,43,39,0.026714181928649286,200,0.525,0.5254237288135594,82,0.524390243902439,0.5246223557223155,0.6454967635578218,1.0,0.025000000000000022,ON,True,True,True
fav 3.5-6.5 + off 2 straight SU wins + dome/closed,3,57,65,0,34,38,23,27,-0.08787934881234093,122,0.4672131147540984,0.4722222222222222,50,0.46,0.5264163099662327,0.7239481457469141,1.0,0.03278688524590162,FADE,True,True,True
fav 7+ + rest adv 3+ days,2,79,88,6,45,50,34,38,-0.06689317033203179,167,0.47305389221556887,0.47368421052631576,72,0.4722222222222222,0.536005062379635,0.6817425059181851,1.0,0.026946107784431128,FADE,True,True,True
off 2 straight SU wins + opp off ATS cover by 14+ + made playoffs last yr,3,88,79,1,50,45,38,34,0.028886063285881787,167,0.5269461077844312,0.5263157894736842,72,0.5277777777777778,0.536005062379635,0.6817425059181851,1.0,0.026946107784431184,ON,True,True,True
dog 7+ + rest disadv 3+ days,2,88,79,6,50,45,38,34,0.006265383240408452,167,0.5269461077844312,0.5263157894736842,72,0.5277777777777778,0.536005062379635,0.6817425059181851,1.0,0.026946107784431184,ON,True,True,True
dog 3.5-6.5 + off SU loss + ATS <= .35 (6+ gp),3,60,68,0,37,41,23,27,-0.08937515314786586,128,0.46875,0.47435897435897434,50,0.46,0.5362687140711064,0.7343420330298466,1.0,0.03125,FADE,True,True,True
fav 3.5-6.5 + opp off SU loss + opp ATS <= .35 (6+ gp),3,68,60,0,41,37,27,23,0.03848309243190684,128,0.53125,0.5256410256410257,50,0.54,0.5362687140711064,0.7343420330298466,1.0,0.03125,ON,True,True,True
off ATS loss + opp off SU win + outdoor <=35F,3,68,60,4,36,31,32,29,0.024790268811480658,128,0.53125,0.5373134328358209,61,0.5245901639344263,0.5362687140711064,0.6254068289416483,1.0,0.03125,ON,True,True,True
home + rest adv 3+ days + off 2 straight SU wins,3,68,60,2,38,34,30,26,0.03281948473903601,128,0.53125,0.5277777777777778,56,0.5357142857142857,0.5362687140711064,0.7239481457469141,1.0,0.03125,ON,True,True,True
fav 7+ + off blowout win (17+) + better record than opp by .3+,3,69,61,1,39,35,30,26,0.043177819582220466,130,0.5307692307692308,0.527027027027027,56,0.5357142857142857,0.5394195522817198,0.7275470834894697,1.0,0.03076923076923077,ON,True,True,True
fav 7+ + off SU win + opp new starting QB,3,62,70,4,29,32,33,38,-0.07123170795026758,132,0.4696969696969697,0.47540983606557374,71,0.4647887323943662,0.5425074179193996,0.7981526273057179,1.0,0.030303030303030276,FADE,True,True,True
dog 7+ + opp off SU win + new starting QB vs last game,3,70,62,4,32,29,38,33,0.018339508231734632,132,0.5303030303030303,0.5245901639344263,71,0.5352112676056338,0.5425074179193996,0.7981526273057179,1.0,0.030303030303030276,ON,True,True,True
better record than opp by .3+ + late afternoon + non-division,3,70,62,1,43,39,27,23,0.03218176859989902,132,0.5303030303030303,0.524390243902439,50,0.54,0.5425074179193996,0.7406528413457827,1.0,0.030303030303030276,ON,True,True,True
off ATS win + non-division + outdoor >=80F,3,92,83,0,61,55,31,28,0.021446731541980558,175,0.5257142857142857,0.5258620689655172,59,0.5254237288135594,0.5454726578478974,0.6426674253796114,1.0,0.02571428571428569,ON,True,True,True
off SU win + opp off SU win + cross-country road trip,3,71,63,2,40,36,31,27,0.024539874237323695,134,0.5298507462686567,0.5263157894736842,58,0.5344827586206896,0.5455343664798736,0.7310088822226056,1.0,0.02985074626865669,ON,True,True,True
off upset loss (lost as fav) + off ATS miss by 14+ + weeks 13+ (reg),3,71,63,3,41,37,30,26,0.032299834506882695,134,0.5298507462686567,0.5256410256410257,56,0.5357142857142857,0.5455343664798736,0.7343420330298466,1.0,0.02985074626865669,ON,True,True,True
fav + rest adv 3+ days + off 2 straight SU wins,3,93,84,5,55,50,38,34,0.02461711416456033,177,0.5254237288135594,0.5238095238095238,72,0.5277777777777778,0.5477509096395391,0.6964676629916763,1.0,0.025423728813559365,ON,True,True,True
rest adv 3+ days + off upset win (won as dog),2,74,66,4,46,41,28,25,0.02903953551973399,140,0.5285714285714286,0.5287356321839081,53,0.5283018867924528,0.5542689157763164,0.6682849967188081,1.0,0.02857142857142858,ON,True,True,True
rest adv 3+ days + off upset win (won as dog) + off ATS win,3,74,66,4,46,41,28,25,0.02903953551973399,140,0.5285714285714286,0.5287356321839081,53,0.5283018867924528,0.5542689157763164,0.6682849967188081,1.0,0.02857142857142858,ON,True,True,True
away + off ATS cover by 14+ + opp made playoffs last yr,3,75,67,5,46,41,29,26,0.019650487614997072,142,0.528169014084507,0.5287356321839081,55,0.5272727272727272,0.5570709871103275,0.6682849967188081,1.0,0.028169014084507005,ON,True,True,True
fav 7.5-9.5 + off ATS win + non-division,3,70,78,0,39,43,31,35,-0.061209392940753775,148,0.47297297297297297,0.47560975609756095,66,0.4696969696969697,0.5651719099883429,0.7406528413457827,1.0,0.02702702702702703,FADE,True,True,True
opp off SU win + win pct <= .333 (4+ gp) + new starting QB vs last game,3,58,51,0,29,25,29,26,0.02225307729671853,109,0.5321100917431193,0.5370370370370371,55,0.5272727272727272,0.5657001139736335,0.6834892282353371,1.0,0.032110091743119296,ON,True,True,True
fav 3.5-6.5 + win pct >= .667 (4+ gp) + late afternoon,3,80,72,1,47,42,33,30,0.022864062525100644,152,0.5263157894736842,0.5280898876404494,63,0.5238095238095238,0.5703330633303956,0.6718086491746105,1.0,0.02631578947368418,ON,True,True,True
ATS <= .35 (6+ gp) + weeks 5-12 + dome/closed,3,53,60,0,29,33,24,27,-0.09301195162671337,113,0.4690265486725664,0.46774193548387094,51,0.47058823529411764,0.5726564757939475,0.7035366713552733,1.0,0.03097345132743362,FADE,True,True,True
opp ATS <= .35 (6+ gp) + weeks 5-12 + dome/closed,3,60,53,0,33,29,27,24,0.03417263380367056,113,0.5309734513274337,0.532258064516129,51,0.5294117647058824,0.5726564757939475,0.7035366713552733,1.0,0.030973451327433676,ON,True,True,True
off bye + off 2 straight SU wins + non-division,3,81,73,3,50,45,31,28,0.02163028467073461,154,0.525974025974026,0.5263157894736842,59,0.5254237288135594,0.5728459689997074,0.6817425059181851,1.0,0.025974025974025983,ON,True,True,True
home + short week (<=5d) + off ATS loss,3,54,61,1,28,31,26,30,-0.08706400623041145,115,0.46956521739130436,0.4745762711864407,56,0.4642857142857143,0.5760121204363974,0.794843653982861,1.0,0.030434782608695643,FADE,True,True,True
off 2 straight ATS losses + opp off SU loss + new starting QB vs last game,3,55,62,5,31,35,24,27,-0.08653380977325066,117,0.4700854700854701,0.4696969696969697,51,0.47058823529411764,0.5792902501877032,0.7122308826373509,1.0,0.02991452991452992,FADE,True,True,True
home + off 2 straight ATS wins + opp off blowout win (17+),3,61,68,1,34,38,27,30,-0.07605278342680254,129,0.4728682170542636,0.4722222222222222,57,0.47368421052631576,0.5974849993058737,0.7239481457469141,1.0,0.027131782945736427,FADE,True,True,True
away + final 2 reg weeks + dome/closed,3,63,70,2,34,38,29,32,-0.07718256840278884,133,0.47368421052631576,0.4722222222222222,61,0.47540983606557374,0.6030463891288798,0.7239481457469141,1.0,0.026315789473684237,FADE,True,True,True
home + final 2 reg weeks + dome/closed,3,70,63,2,38,34,32,29,0.022293444748299363,133,0.5263157894736842,0.5277777777777778,61,0.5245901639344263,0.6030463891288798,0.7239481457469141,1.0,0.02631578947368418,ON,True,True,True
off blowout win (17+) + opp off ATS miss by 14+,2,72,65,2,41,37,31,28,0.022498008007057257,137,0.5255474452554745,0.5256410256410257,59,0.5254237288135594,0.6083841068999604,0.7343420330298466,1.0,0.025547445255474477,ON,True,True,True
off SU loss + off ATS miss by 14+ + opp off blowout win (17+),3,65,72,2,37,41,28,31,-0.08146816077358082,137,0.4744525547445255,0.47435897435897434,59,0.4745762711864407,0.6083841068999604,0.7343420330298466,1.0,0.025547445255474477,FADE,True,True,True
opp off blowout loss (17+) + better record than opp by .3+ + weeks 5-12,3,65,72,0,39,43,26,29,-0.06816917521600266,137,0.4744525547445255,0.47560975609756095,55,0.4727272727272727,0.6083841068999604,0.7406528413457827,1.0,0.025547445255474477,FADE,True,True,True
off ATS win + made playoffs last yr + playoffs,3,65,72,3,37,41,28,31,-0.07138406123401428,137,0.4744525547445255,0.47435897435897434,59,0.4745762711864407,0.6083841068999604,0.7343420330298466,1.0,0.025547445255474477,FADE,True,True,True
off blowout win (17+) + off ATS win + opp off ATS miss by 14+,3,72,65,2,41,37,31,28,0.022498008007057257,137,0.5255474452554745,0.5256410256410257,59,0.5254237288135594,0.6083841068999604,0.7343420330298466,1.0,0.025547445255474477,ON,True,True,True
off ATS miss by 14+ + opp off blowout win (17+),2,65,72,2,37,41,28,31,-0.08146816077358082,137,0.4744525547445255,0.47435897435897434,59,0.4745762711864407,0.6083841068999604,0.7343420330298466,1.0,0.025547445255474477,FADE,True,True,True
off blowout loss (17+) + worse record than opp by .3+ + weeks 5-12,3,73,66,0,44,40,29,26,0.011118201184805002,139,0.5251798561151079,0.5238095238095238,55,0.5272727272727272,0.6109736899560239,0.7436441861052041,1.0,0.025179856115107868,ON,True,True,True
