group,feature,bucket,n,over,fair,resid,t,roi_over,roi_under,resid_disc,resid_hold,n_hold,roi_under_hold,roi_over_hold,p,q,consistent
all,fair_over,fair_over Q1 (low),9727,0.417,0.4354,-0.0184,-3.69,-0.0691,-0.0048,-0.0141,-0.0267,3302,0.0145,-0.0792,0.0002242540519645786,0.0017743177737856769,False
all,fair_over,fair_over Q2,9768,0.4671,0.4893,-0.0222,-4.39,-0.0789,0.003,-0.0164,-0.0349,3036,0.0303,-0.1016,1.1335066083750789e-05,0.0001457365639339387,True
all,fair_over,fair_over Q3,9684,0.4853,0.5002,-0.0148,-2.92,-0.0784,-0.0218,-0.0063,-0.0299,3508,0.0082,-0.1052,0.0035003138573521664,0.014652476612171858,False
all,fair_over,fair_over Q4,9726,0.4984,0.5086,-0.0102,-2.02,-0.059,-0.0167,-0.0061,-0.0174,3538,-0.0037,-0.0707,0.04338338753529358,0.0940844548958174,False
all,fair_over,fair_over Q5 (high),9726,0.55,0.5554,-0.0054,-1.08,-0.0448,-0.0163,0.0013,-0.0203,3012,0.0201,-0.0658,0.2801421801775379,0.3931820072667198,False
all,cons_point,cons_point Q1 (low),9737,0.4938,0.4952,-0.0014,-0.28,-0.0321,-0.0267,0.0042,-0.0119,3392,0.0002,-0.0447,0.7794775048884055,0.8277637220053864,False
all,cons_point,cons_point Q2,9809,0.4807,0.4947,-0.014,-2.8,-0.0628,-0.0079,-0.0067,-0.0308,2976,0.0274,-0.0908,0.005110260660855959,0.01946765966040365,False
all,cons_point,cons_point Q3,10171,0.4781,0.4981,-0.02,-4.05,-0.078,-0.0004,-0.0148,-0.0297,3557,0.0205,-0.0924,5.121763294813064e-05,0.0005121763294813064,False
all,cons_point,cons_point Q4,9522,0.4785,0.4999,-0.0214,-4.19,-0.0807,0.0007,-0.0183,-0.0274,3297,0.0132,-0.0911,2.7895445453784973e-05,0.0003089957034880797,True
all,cons_point,cons_point Q5 (high),9392,0.4869,0.5009,-0.014,-2.72,-0.0769,-0.0228,-0.0061,-0.0296,3174,0.0056,-0.106,0.006528191631782532,0.023501489874417112,False
all,n_books,n_books Q1 (low),13801,0.4891,0.4978,-0.0087,-2.05,-0.0639,-0.0299,-0.0025,-0.0253,3737,0.0083,-0.0883,0.040364430811408836,0.08969873513646408,False
all,n_books,n_books Q2,8035,0.4857,0.4984,-0.0127,-2.28,-0.0606,-0.0103,-0.0089,-0.0297,1460,0.0228,-0.0895,0.022607688477105592,0.05593654880933342,False
all,n_books,n_books Q3,13187,0.4821,0.497,-0.0149,-3.43,-0.0644,-0.0084,-0.0163,-0.0113,3762,-0.0137,-0.0552,0.0006035812492173331,0.0037463663744524123,False
all,n_books,n_books Q4,7887,0.4797,0.4978,-0.0182,-3.25,-0.0693,0.0007,-0.0033,-0.0442,2866,0.0493,-0.1209,0.0011540500847815327,0.006294818644262906,False
all,n_books,n_books Q5 (high),5721,0.4756,0.4984,-0.0228,-3.46,-0.0783,0.0089,-0.0134,-0.0251,4571,0.0137,-0.0814,0.0005401753879270554,0.0035038403541214403,False
all,exch_gap,exch_gap Q1 (low),2468,0.4396,0.4897,-0.05,-5.01,-0.1228,0.0701,-0.0135,-0.0545,2200,0.0778,-0.1332,5.443003545657632e-07,1.507293289566729e-05,False
all,exch_gap,exch_gap Q2,2468,0.4587,0.4944,-0.0358,-3.58,-0.1023,0.0364,-0.036,-0.0357,2236,0.036,-0.1024,0.00034359420749185965,0.002498866963577161,True
all,exch_gap,exch_gap Q3,2468,0.5016,0.4948,0.0069,0.68,-0.0186,-0.0495,0.0527,0.0025,2254,-0.0412,-0.0271,0.4965044609071412,0.602838468555045,False
all,exch_gap,exch_gap Q4,2468,0.468,0.4987,-0.0307,-3.07,-0.0915,0.0229,0.0183,-0.0354,2251,0.0317,-0.1008,0.0021405877093578773,0.01034377953515216,False
all,exch_gap,exch_gap Q5 (high),2468,0.4976,0.5026,-0.005,-0.5,-0.038,-0.0195,-0.0514,0.0011,2183,-0.0312,-0.0253,0.6170750774519738,0.6931264520521391,False
all,l1_vs_line,l1_vs_line Q1 (low),9814,0.4781,0.4928,-0.0147,-2.93,-0.0677,-0.012,-0.0165,-0.0112,3330,-0.0162,-0.0568,0.003389620038554586,0.014526943022376797,False
all,l1_vs_line,l1_vs_line Q2,10064,0.4864,0.492,-0.0056,-1.13,-0.0482,-0.0279,0.0076,-0.0307,3468,0.025,-0.0921,0.2584762244800358,0.3699858481622779,False
all,l1_vs_line,l1_vs_line Q3,9496,0.4663,0.4974,-0.031,-6.08,-0.0989,0.0212,-0.0283,-0.0363,3241,0.0323,-0.1067,1.2018255279855339e-09,1.4421906335826407e-07,True
all,l1_vs_line,l1_vs_line Q4,9501,0.4918,0.4991,-0.0073,-1.42,-0.052,-0.0238,0.0015,-0.0251,3141,0.0125,-0.082,0.15560768105309286,0.2512052250184459,False
all,l1_vs_line,l1_vs_line Q5 (high),9443,0.4956,0.5081,-0.0125,-2.44,-0.0633,-0.0138,-0.0073,-0.0232,3080,0.008,-0.0814,0.01468726191069658,0.04163318336890369,False
all,m3_vs_line,m3_vs_line Q1 (low),9778,0.4759,0.486,-0.0101,-2.02,-0.0559,-0.0188,-0.0093,-0.0118,3395,-0.0135,-0.0556,0.04338338753529358,0.0940844548958174,False
all,m3_vs_line,m3_vs_line Q2,9748,0.4775,0.4923,-0.0147,-2.92,-0.0674,-0.0109,-0.0028,-0.0376,3350,0.0359,-0.108,0.0035003138573521664,0.014652476612171858,False
all,m3_vs_line,m3_vs_line Q3,9398,0.4804,0.4971,-0.0167,-3.25,-0.0704,-0.0063,-0.0146,-0.0207,3183,0.0046,-0.0736,0.0011540500847815327,0.006294818644262906,False
all,m3_vs_line,m3_vs_line Q4,9571,0.492,0.5041,-0.0121,-2.38,-0.0619,-0.0151,-0.0059,-0.0249,3111,0.0116,-0.0818,0.017312638051033113,0.04616703480275497,False
all,m3_vs_line,m3_vs_line Q5 (high),9416,0.4932,0.5096,-0.0164,-3.19,-0.0724,-0.0073,-0.0111,-0.0274,3039,0.0156,-0.0912,0.001422727937290702,0.007422928368473227,False
all,m8_vs_line,m8_vs_line Q1 (low),9492,0.4528,0.4809,-0.0281,-5.54,-0.0931,0.0138,-0.0272,-0.0299,3351,0.0182,-0.0949,3.024716477284528e-08,1.4518639090965735e-06,True
all,m8_vs_line,m8_vs_line Q2,9491,0.4824,0.4919,-0.0096,-1.87,-0.0562,-0.0204,-0.0022,-0.0242,3177,0.0096,-0.0814,0.061483817858931866,0.12296763571786373,False
all,m8_vs_line,m8_vs_line Q3,9485,0.4871,0.4981,-0.011,-2.16,-0.0583,-0.0154,-0.007,-0.019,3206,0.0037,-0.068,0.030772669567850963,0.07288263845017333,False
all,m8_vs_line,m8_vs_line Q4,9513,0.4923,0.5058,-0.0135,-2.64,-0.0649,-0.0114,-0.002,-0.038,3036,0.0374,-0.1085,0.00829060272207216,0.027381807155467685,False
all,m8_vs_line,m8_vs_line Q5 (high),9466,0.5046,0.5116,-0.0069,-1.36,-0.0544,-0.0272,-0.0047,-0.0113,3151,-0.0149,-0.0577,0.17382992389417007,0.2726743904222276,False
all,hit_rate_l8,hit_rate_l8 Q1 (low),18685,0.4721,0.4871,-0.015,-4.12,-0.0668,-0.0104,-0.0106,-0.0232,6444,0.0076,-0.0795,3.788723990116871e-05,0.0003953451120121952,False
all,hit_rate_l8,hit_rate_l8 Q2,165,0.4727,0.5022,-0.0294,-0.76,-0.0996,0.0123,-0.0106,-0.0584,65,0.061,-0.1574,0.44725458487519876,0.5552125881209363,False
all,hit_rate_l8,hit_rate_l8 Q3,12490,0.4934,0.4991,-0.0056,-1.26,-0.0501,-0.0281,0.0001,-0.0174,4079,-0.0018,-0.0679,0.2076693622426009,0.3108564258101303,False
all,hit_rate_l8,hit_rate_l8 Q4,9491,0.4958,0.5061,-0.0102,-2.0,-0.0591,-0.0194,-0.0023,-0.0269,3064,0.0144,-0.0882,0.04550026389635842,0.09721124630675983,False
all,hit_rate_l8,hit_rate_l8 Q5 (high),6130,0.4819,0.5136,-0.0317,-4.99,-0.0996,0.0249,-0.0272,-0.0403,2099,0.0444,-0.1115,6.037929249913532e-07,1.552610378549194e-05,True
all,hot,hot Q1 (low),9468,0.4928,0.4957,-0.0029,-0.57,-0.0431,-0.0331,0.0037,-0.0161,3159,-0.0042,-0.0632,0.5686776980926482,0.6519871697877495,False
all,hot,hot Q2,9471,0.482,0.498,-0.016,-3.14,-0.0682,-0.0069,-0.006,-0.0353,3260,0.0337,-0.1013,0.0016894783469172392,0.008627123473619944,False
all,hot,hot Q3,9461,0.4849,0.4986,-0.0136,-2.66,-0.066,-0.0131,-0.0134,-0.0141,3212,-0.0107,-0.0635,0.007814065149705618,0.02641374135111758,False
all,hot,hot Q4,9468,0.4758,0.4993,-0.0235,-4.59,-0.084,0.0063,-0.0213,-0.0279,3114,0.0182,-0.0877,4.432460096293056e-06,7.253116521206819e-05,True
all,hot,hot Q5 (high),9466,0.4862,0.497,-0.0108,-2.12,-0.0606,-0.0181,-0.0026,-0.0274,3145,0.014,-0.0918,0.03400604529526552,0.07772810353203548,False
all,cv8,cv8 Q1 (low),9372,0.4708,0.4994,-0.0286,-5.57,-0.0929,0.0187,-0.0236,-0.0376,3387,0.0381,-0.1064,2.5473933629172052e-08,1.3100880152145626e-06,True
all,cv8,cv8 Q2,9378,0.4746,0.4986,-0.0239,-4.66,-0.0836,0.0094,-0.0132,-0.0466,3023,0.0549,-0.1241,3.1620938378829067e-06,5.8377117007069046e-05,False
all,cv8,cv8 Q3,9365,0.4878,0.4988,-0.011,-2.15,-0.0622,-0.0206,-0.0057,-0.0222,3009,0.005,-0.0787,0.03155521478218093,0.07328953110700086,False
all,cv8,cv8 Q4,9372,0.4961,0.4968,-0.0008,-0.15,-0.0391,-0.0367,0.0088,-0.0205,3058,0.0029,-0.0744,0.880764615259515,0.9124467956645335,False
all,cv8,cv8 Q5 (high),9372,0.4926,0.4948,-0.0022,-0.42,-0.0433,-0.0364,-0.0049,0.0029,3248,-0.0437,-0.0294,0.674485453696499,0.7448305623642321,False
all,season_gp,season_gp Q1 (low),11146,0.4773,0.4977,-0.0204,-4.34,-0.0773,0.0009,-0.0145,-0.0282,4802,0.0155,-0.093,1.4248271603012341e-05,0.0001738772127825235,False
all,season_gp,season_gp Q2,9642,0.4886,0.4981,-0.0095,-1.87,-0.0576,-0.0209,-0.008,-0.0125,3072,-0.011,-0.0577,0.061483817858931866,0.12296763571786373,False
all,season_gp,season_gp Q3,9220,0.4797,0.4974,-0.0177,-3.42,-0.0737,-0.0051,-0.0125,-0.0292,2885,0.0233,-0.0887,0.0006262113571624539,0.003853608351768947,False
all,season_gp,season_gp Q4,10690,0.4926,0.4976,-0.005,-1.04,-0.049,-0.0301,0.0047,-0.0278,3184,0.0168,-0.0881,0.2983399006619627,0.41468094300504466,False
all,season_gp,season_gp Q5 (high),7933,0.4784,0.498,-0.0196,-3.5,-0.0745,0.0013,-0.0147,-0.0306,2453,0.0225,-0.0925,0.0004652581580710802,0.0031602440925582805,False
all,offense_pct_m3,offense_pct_m3 Q1 (low),9667,0.4831,0.4999,-0.0168,-3.32,-0.0728,-0.0069,-0.01,-0.0322,2968,0.0275,-0.0951,0.0009001744811842904,0.005356410135972637,False
all,offense_pct_m3,offense_pct_m3 Q2,9721,0.4754,0.4962,-0.0209,-4.13,-0.0797,-0.0011,-0.0114,-0.0383,3411,0.0333,-0.1124,3.627632343627951e-05,0.0003841022481488419,False
all,offense_pct_m3,offense_pct_m3 Q3,9608,0.4884,0.4977,-0.0093,-1.83,-0.0581,-0.0225,-0.0052,-0.0173,3241,-0.0038,-0.0694,0.06724993883925667,0.13157596729419785,False
all,offense_pct_m3,offense_pct_m3 Q4,9692,0.481,0.4985,-0.0175,-3.46,-0.0722,-0.0042,-0.0104,-0.0308,3364,0.0215,-0.0964,0.0005401753879270554,0.0035038403541214403,False
all,offense_pct_m3,offense_pct_m3 Q5 (high),9629,0.4903,0.4964,-0.0061,-1.21,-0.0463,-0.0227,-0.0051,-0.008,3275,-0.0163,-0.0455,0.22627889288795489,0.33249143444760715,False
all,prev_over,prev_over=0,23245,0.4884,0.4965,-0.0081,-2.49,-0.0535,-0.023,-0.002,-0.0192,8268,0.0015,-0.0708,0.01277430952988623,0.03800621017156233,False
all,prev_over,prev_over=1,22345,0.4805,0.4995,-0.0189,-5.7,-0.075,-0.0016,-0.0124,-0.0317,7598,0.0239,-0.0972,1.1980742842254699e-08,7.841940769475804e-07,False
all,prev_margin_rel,prev_margin_rel Q1 (low),9124,0.4908,0.4956,-0.0048,-0.93,-0.0462,-0.0298,-0.0054,-0.0038,3232,-0.0291,-0.0406,0.3523710844905157,0.4646651663611196,False
all,prev_margin_rel,prev_margin_rel Q2,9137,0.4898,0.4963,-0.0066,-1.26,-0.0515,-0.0266,0.01,-0.0355,3325,0.0339,-0.1024,0.2076693622426009,0.3108564258101303,False
all,prev_margin_rel,prev_margin_rel Q3,9267,0.4747,0.4989,-0.0242,-4.68,-0.0852,0.009,-0.0196,-0.033,3185,0.0279,-0.0989,2.8687491688828004e-06,5.5824308151232876e-05,True
all,prev_margin_rel,prev_margin_rel Q4,9342,0.4863,0.4983,-0.012,-2.33,-0.0612,-0.0146,-0.006,-0.0236,3166,0.0089,-0.0812,0.019806151118328508,0.050748856957994755,False
all,prev_margin_rel,prev_margin_rel Q5 (high),8720,0.481,0.5007,-0.0197,-3.7,-0.0763,-0.0004,-0.0143,-0.0302,2958,0.0197,-0.0947,0.0002155994669548189,0.0017247957356385513,False
all,props_seen,props_seen Q1 (low),10108,0.4851,0.4972,-0.0121,-2.45,-0.0653,-0.0177,-0.0062,-0.0423,1649,0.0437,-0.1178,0.014285621470542909,0.04097867513462508,False
all,props_seen,props_seen Q2,10648,0.4889,0.498,-0.0091,-1.88,-0.0576,-0.023,-0.0037,-0.0354,1815,0.0292,-0.1049,0.060108077922399694,0.1212263756418145,False
all,props_seen,props_seen Q3,9095,0.4784,0.4978,-0.0194,-3.72,-0.0771,-0.0021,-0.0153,-0.0367,1720,0.0288,-0.1122,0.000199222777951924,0.0016116898890492727,True
all,props_seen,props_seen Q4,9141,0.4865,0.4985,-0.012,-2.3,-0.0614,-0.015,-0.0016,-0.0321,3114,0.0252,-0.098,0.021448220043351673,0.053620550108379184,False
all,props_seen,props_seen Q5 (high),9639,0.4781,0.4974,-0.0193,-3.81,-0.0702,0.0032,-0.0396,-0.0154,8098,-0.0045,-0.0623,0.00013896679175973148,0.001205495061048273,True
all,home,home=0,24243,0.4721,0.4978,-0.0257,-8.05,-0.0879,0.0113,-0.0182,-0.0405,8099,0.0408,-0.1137,8.881784197001252e-16,6.394884621840902e-13,True
all,home,home=1,24388,0.4949,0.4977,-0.0028,-0.88,-0.0444,-0.0338,0.0016,-0.0113,8297,-0.0138,-0.0561,0.3788593095534243,0.4888507220044184,False
all,team_line,team_line Q1 (low),9962,0.4678,0.4997,-0.032,-6.42,-0.0989,0.0239,-0.0229,-0.0485,3523,0.057,-0.1285,1.3627432515761484e-10,3.270583803782756e-08,True
all,team_line,team_line Q2,11039,0.4893,0.4978,-0.0086,-1.81,-0.0552,-0.0224,-0.0069,-0.012,3606,-0.0165,-0.0603,0.0702957871680776,0.1356915998954849,False
all,team_line,team_line Q3,9252,0.4842,0.4968,-0.0126,-2.44,-0.0641,-0.0155,-0.0103,-0.0171,3112,-0.0026,-0.0674,0.01468726191069658,0.04163318336890369,False
all,team_line,team_line Q4,9670,0.482,0.4975,-0.0155,-3.06,-0.0691,-0.0092,-0.0078,-0.0313,3147,0.0246,-0.0959,0.002213369914818575,0.010624175591129159,False
all,team_line,team_line Q5 (high),8708,0.4953,0.4967,-0.0014,-0.26,-0.0411,-0.0354,0.0076,-0.0185,3008,0.0019,-0.0683,0.794863773596479,0.8391523709522946,False
all,total_line,total_line Q1 (low),10126,0.4948,0.4988,-0.004,-0.81,-0.0462,-0.0302,0.0052,-0.0347,2336,0.0314,-0.1023,0.4179401757432033,0.5242455166116835,False
all,total_line,total_line Q2,11813,0.4708,0.4965,-0.0258,-5.63,-0.0884,0.0105,-0.0132,-0.0489,4151,0.0569,-0.1303,1.802096205594239e-08,1.0812577233565435e-06,False
all,total_line,total_line Q3,9210,0.4823,0.4973,-0.015,-2.89,-0.0668,-0.0097,-0.0089,-0.0238,3752,0.0104,-0.0799,0.0038524182643757676,0.01584994943057459,False
all,total_line,total_line Q4,7762,0.488,0.4979,-0.0099,-1.75,-0.0589,-0.0211,-0.0004,-0.03,2487,0.0187,-0.0963,0.08011831372763423,0.14944348674584623,False
all,total_line,total_line Q5 (high),9720,0.485,0.4985,-0.0135,-2.68,-0.0645,-0.0118,-0.026,0.007,3670,-0.0486,-0.0185,0.007362216018349965,0.025607707889912925,False
all,implied_tt,implied_tt Q1 (low),10256,0.4774,0.5007,-0.0233,-4.75,-0.0834,0.0069,-0.0155,-0.0415,3081,0.0424,-0.1168,2.034166485032074e-06,4.5768745913221665e-05,True
all,implied_tt,implied_tt Q2,9695,0.4834,0.4965,-0.0131,-2.58,-0.063,-0.0138,0.0014,-0.0444,3056,0.0489,-0.1202,0.009880031515541177,0.030928794309520207,False
all,implied_tt,implied_tt Q3,9617,0.4867,0.496,-0.0092,-1.82,-0.0559,-0.0212,-0.0107,-0.006,3084,-0.0258,-0.0467,0.06875900489177988,0.13344065639375075,False
all,implied_tt,implied_tt Q4,10682,0.4755,0.4976,-0.0221,-4.6,-0.0818,0.0042,-0.0173,-0.0298,4128,0.0217,-0.0916,4.2249094049928715e-06,7.074266910685739e-05,True
all,implied_tt,implied_tt Q5 (high),8381,0.4978,0.4979,-0.0001,-0.01,-0.0399,-0.039,0.003,-0.0055,3047,-0.0241,-0.0452,0.9920212873707368,0.9934010109971216,False
all,win_pct,win_pct Q1 (low),9094,0.4791,0.4987,-0.0195,-3.75,-0.0764,-0.0016,-0.0107,-0.0342,3432,0.0289,-0.1013,0.00017683457040162942,0.0014804754731299206,False
all,win_pct,win_pct Q2,9239,0.4915,0.4983,-0.0068,-1.32,-0.0509,-0.0249,-0.0026,-0.0185,2429,-0.0005,-0.0694,0.18683501798694357,0.2892929310765578,False
all,win_pct,win_pct Q3,9608,0.4892,0.4976,-0.0085,-1.67,-0.055,-0.0226,0.0058,-0.0469,2600,0.0549,-0.1252,0.0949193636058947,0.16874553529936837,False
all,win_pct,win_pct Q4,9680,0.4806,0.4967,-0.0162,-3.2,-0.0708,-0.0083,-0.0153,-0.0178,3409,-0.0023,-0.0685,0.0013742758758317208,0.007222471756195906,True
all,win_pct,win_pct Q5 (high),7601,0.4864,0.4974,-0.011,-1.93,-0.0593,-0.0162,-0.0054,-0.0206,2793,0.0045,-0.074,0.053606837754109904,0.1109106988016067,False
all,opp_win_pct,opp_win_pct Q1 (low),9054,0.4812,0.4962,-0.015,-2.87,-0.0675,-0.011,-0.0029,-0.0352,3395,0.03,-0.1032,0.004104717989879436,0.0166971579249333,False
all,opp_win_pct,opp_win_pct Q2,9196,0.5008,0.4974,0.0034,0.66,-0.0333,-0.0454,0.0078,-0.0084,2476,-0.0179,-0.0492,0.5092538293426723,0.6121248032165676,False
all,opp_win_pct,opp_win_pct Q3,9760,0.4862,0.4982,-0.0121,-2.39,-0.0618,-0.0152,-0.0066,-0.027,2604,0.0169,-0.0871,0.016848372798691447,0.04526428513081284,False
all,opp_win_pct,opp_win_pct Q4,9720,0.4827,0.4984,-0.0157,-3.12,-0.0696,-0.0091,-0.0127,-0.0211,3456,0.0046,-0.075,0.0018085103996445806,0.009042551998222903,False
all,opp_win_pct,opp_win_pct Q5 (high),7492,0.4736,0.4986,-0.025,-4.35,-0.0844,0.0119,-0.0144,-0.0435,2732,0.0468,-0.1186,1.3613753198749023e-05,0.0001689983155706775,False
all,opp_allow_rel,opp_allow_rel Q1 (low),9040,0.4775,0.4955,-0.018,-3.44,-0.0733,-0.0044,-0.0131,-0.0278,3009,0.015,-0.0904,0.0005817141865815945,0.0036739843363048073,False
all,opp_allow_rel,opp_allow_rel Q2,9040,0.4749,0.4977,-0.0228,-4.35,-0.082,0.0048,-0.0126,-0.0458,2774,0.0522,-0.1236,1.3613753198749023e-05,0.0001689983155706775,False
all,opp_allow_rel,opp_allow_rel Q3,9041,0.4842,0.4979,-0.0136,-2.61,-0.0666,-0.0141,-0.0104,-0.021,2775,0.0033,-0.075,0.009054222265934664,0.02910285728336142,False
all,opp_allow_rel,opp_allow_rel Q4,9037,0.4911,0.4984,-0.0073,-1.4,-0.0513,-0.0232,-0.0004,-0.0207,3098,0.0049,-0.0722,0.16151331846754213,0.2589968581216711,False
all,opp_allow_rel,opp_allow_rel Q5 (high),9040,0.5,0.4992,0.0008,0.14,-0.0374,-0.0391,0.0125,-0.0228,3005,0.0096,-0.0777,0.8886599903881871,0.9179844950925319,False
all,opp_pass_epa_allowed,opp_pass_epa_allowed Q1 (low),8352,0.4771,0.4978,-0.0207,-3.8,-0.0783,0.001,-0.0158,-0.0343,2190,0.0309,-0.0977,0.0001446960878501713,0.0012402521815728968,True
all,opp_pass_epa_allowed,opp_pass_epa_allowed Q2,8333,0.4787,0.4978,-0.0191,-3.51,-0.0769,-0.0033,-0.006,-0.0509,2424,0.0604,-0.134,0.0004481066939820977,0.0031022771121837537,False
all,opp_pass_epa_allowed,opp_pass_epa_allowed Q3,8330,0.4875,0.4982,-0.0107,-1.97,-0.0597,-0.0183,-0.0079,-0.0192,2098,0.0016,-0.0709,0.048838370560445155,0.10251786240093444,False
all,opp_pass_epa_allowed,opp_pass_epa_allowed Q4,8353,0.5017,0.4977,0.0041,0.74,-0.0309,-0.0461,0.006,-0.0004,2505,-0.0366,-0.0371,0.459299994329581,0.5662602669816752,False
all,opp_pass_epa_allowed,opp_pass_epa_allowed Q5 (high),8318,0.4796,0.4974,-0.0178,-3.26,-0.0724,-0.0033,-0.0108,-0.0266,3693,0.0181,-0.0835,0.0011141221380492894,0.006170522610734526,False
all,opp_rush_epa_allowed,opp_rush_epa_allowed Q1 (low),8354,0.4834,0.4984,-0.015,-2.76,-0.0677,-0.01,-0.0076,-0.0414,1837,0.0431,-0.1143,0.00578013615245232,0.02134204117828549,False
all,opp_rush_epa_allowed,opp_rush_epa_allowed Q2,8327,0.495,0.4978,-0.0028,-0.52,-0.0425,-0.0321,0.0042,-0.0191,2526,0.0017,-0.0698,0.6030635750939324,0.6816417175316033,False
all,opp_rush_epa_allowed,opp_rush_epa_allowed Q3,8345,0.4854,0.4981,-0.0127,-2.33,-0.0642,-0.0156,-0.0049,-0.0277,2837,0.0152,-0.0895,0.019806151118328508,0.050748856957994755,False
all,opp_rush_epa_allowed,opp_rush_epa_allowed Q4,8336,0.4818,0.4973,-0.0156,-2.86,-0.0707,-0.0099,-0.0156,-0.0154,2451,-0.0064,-0.0644,0.0042364100808092164,0.016852018001009036,True
all,opp_rush_epa_allowed,opp_rush_epa_allowed Q5 (high),8324,0.4791,0.4972,-0.0181,-3.33,-0.073,-0.0026,-0.0106,-0.0299,3259,0.0251,-0.0892,0.0008684598407633359,0.00525454693571094,False
all,opp_ypt_allowed,opp_ypt_allowed Q1 (low),8280,0.4822,0.4973,-0.0151,-2.76,-0.0676,-0.0099,-0.0082,-0.0314,2465,0.0237,-0.0965,0.00578013615245232,0.02134204117828549,False
all,opp_ypt_allowed,opp_ypt_allowed Q2,8252,0.4667,0.4984,-0.0317,-5.79,-0.1001,0.0231,-0.0179,-0.0605,2668,0.0827,-0.1491,7.0386423356438854e-09,5.630913868515108e-07,True
all,opp_ypt_allowed,opp_ypt_allowed Q3,8240,0.49,0.4979,-0.0079,-1.44,-0.0541,-0.0241,-0.0079,-0.0079,2997,-0.0225,-0.0501,0.1498673990686541,0.24412788988559037,False
all,opp_ypt_allowed,opp_ypt_allowed Q4,8271,0.4894,0.4976,-0.0082,-1.5,-0.0553,-0.0235,0.0002,-0.0297,2326,0.0215,-0.0902,0.13361440253771617,0.22269067089619363,False
all,opp_ypt_allowed,opp_ypt_allowed Q5 (high),8222,0.4954,0.4976,-0.0022,-0.4,-0.0427,-0.034,-0.0013,-0.0044,2319,-0.0249,-0.0412,0.6891565167793516,0.7563912989041665,False
all,questionable,questionable=0,46901,0.4844,0.4978,-0.0134,-5.82,-0.0644,-0.0128,-0.0071,-0.0255,15933,0.0127,-0.0841,5.884762677155209e-09,5.296286409439688e-07,False
all,questionable,questionable=1,1730,0.459,0.4962,-0.0372,-3.12,-0.112,0.0288,-0.0383,-0.0341,463,0.0299,-0.1006,0.0018085103996445806,0.009042551998222903,True
all,limited_or_dnp,limited_or_dnp=0,45880,0.4844,0.4978,-0.0134,-5.77,-0.0644,-0.0128,-0.0072,-0.0253,15664,0.0122,-0.0837,7.927153156117583e-09,5.70755027240466e-07,False
all,limited_or_dnp,limited_or_dnp=1,2751,0.4696,0.4975,-0.0279,-2.94,-0.0943,0.0133,-0.0252,-0.0354,732,0.0337,-0.1041,0.0032821224683139416,0.014409318153573403,True
all,vacated_target_share,vacated_target_share=0,48631,0.4835,0.4977,-0.0142,-6.3,-0.0661,-0.0113,-0.0083,-0.0257,16396,0.0132,-0.0846,2.976456858760912e-10,4.286097876615713e-08,False
all,vacated_carry_share,vacated_carry_share=0,48631,0.4835,0.4977,-0.0142,-6.3,-0.0661,-0.0113,-0.0083,-0.0257,16396,0.0132,-0.0846,2.976456858760912e-10,4.286097876615713e-08,False
all,dome,dome=0,33076,0.4777,0.4975,-0.0198,-7.24,-0.0769,-0.0004,-0.0128,-0.0334,11209,0.0282,-0.0994,4.4875214655348827e-13,1.6155077275925578e-10,False
all,dome,dome=1,15555,0.496,0.4984,-0.0023,-0.58,-0.0429,-0.0345,0.0011,-0.0092,5187,-0.0192,-0.0527,0.5619146177971288,0.6473256397022924,False
all,wind_mph,wind_mph Q1 (low),6685,0.4815,0.4977,-0.0162,-2.66,-0.0705,-0.0076,-0.0196,-0.0108,2611,-0.018,-0.0571,0.007814065149705618,0.02641374135111758,False
all,wind_mph,wind_mph Q2,6657,0.4918,0.498,-0.0062,-1.01,-0.0487,-0.0257,0.0092,-0.0315,2515,0.0268,-0.094,0.3124952900425091,0.42452190345397456,False
all,wind_mph,wind_mph Q3,5892,0.4625,0.4978,-0.0353,-5.46,-0.1084,0.0277,-0.028,-0.0465,2310,0.0521,-0.1275,4.761345828718788e-08,1.8042994719355408e-06,True
all,wind_mph,wind_mph Q4,5499,0.4799,0.497,-0.0171,-2.55,-0.0716,-0.0052,-0.006,-0.0419,1701,0.0447,-0.1143,0.010772291908133447,0.032864619380746106,False
all,wind_mph,wind_mph Q5 (high),6022,0.4613,0.4971,-0.0358,-5.61,-0.1088,0.0302,-0.032,-0.0437,1974,0.05,-0.119,2.0232661546160102e-08,1.120578177941175e-06,True
all,temp_f,temp_f Q1 (low),6276,0.4713,0.4974,-0.0261,-4.17,-0.0886,0.0123,-0.0158,-0.043,2380,0.045,-0.1198,3.0459963896056763e-05,0.0003322905152297102,True
all,temp_f,temp_f Q2,6468,0.491,0.4984,-0.0073,-1.18,-0.0527,-0.0243,0.0058,-0.0449,1673,0.0501,-0.122,0.23800021491040146,0.34548418293445377,False
all,temp_f,temp_f Q3,5947,0.4747,0.4974,-0.0227,-3.53,-0.0841,0.0048,-0.0168,-0.0329,2208,0.0285,-0.0975,0.0004155596669612738,0.002933362355020756,True
all,temp_f,temp_f Q4,6258,0.4645,0.4976,-0.033,-5.26,-0.1029,0.0243,-0.0302,-0.0378,2293,0.0372,-0.1084,1.440554016074458e-07,4.509560398146129e-06,True
all,temp_f,temp_f Q5 (high),5806,0.4773,0.4968,-0.0195,-2.99,-0.0763,-0.001,-0.0239,-0.014,2557,-0.0092,-0.0611,0.0027897744709843852,0.012793870185406097,False
all,div_game,div_game=0,33019,0.4841,0.4978,-0.0137,-4.99,-0.0647,-0.0124,-0.0104,-0.0202,11076,0.0027,-0.0733,6.037929249913532e-07,1.552610378549194e-05,False
all,div_game,div_game=1,15612,0.4823,0.4977,-0.0154,-3.86,-0.0689,-0.009,-0.004,-0.0372,5320,0.0351,-0.108,0.00011338702506846765,0.0010204832256162089,False
all,primetime,primetime=0,36960,0.484,0.4976,-0.0137,-5.29,-0.0653,-0.0127,-0.0079,-0.0251,12406,0.0118,-0.0838,1.2231635992954182e-07,4.0030808704213685e-06,False
all,primetime,primetime=1,11671,0.4822,0.4981,-0.0159,-3.45,-0.0686,-0.0069,-0.0098,-0.0275,3990,0.0175,-0.087,0.0005605865536324472,0.003603770701922875,False
all,week,week Q1 (low),12083,0.4758,0.4971,-0.0213,-4.71,-0.0796,0.0028,-0.0183,-0.0253,5204,0.0103,-0.0869,2.4771679147939096e-06,5.095888281861757e-05,True
all,week,week Q2,9597,0.4902,0.498,-0.0078,-1.54,-0.0535,-0.0234,0.0004,-0.0268,2897,0.0193,-0.0838,0.12356035342362381,0.20932577521178622,False
all,week,week Q3,9892,0.4849,0.4982,-0.0133,-2.66,-0.066,-0.0149,-0.0102,-0.0202,3028,0.0047,-0.071,0.007814065149705618,0.02641374135111758,False
all,week,week Q4,7810,0.4889,0.4979,-0.009,-1.6,-0.0558,-0.0217,-0.0033,-0.0217,2441,0.0037,-0.0773,0.10959858339911599,0.19153150496932891,False
all,week,week Q5 (high),9249,0.4808,0.4978,-0.0169,-3.28,-0.0699,-0.0046,-0.009,-0.0349,2826,0.0298,-0.1018,0.0010380708664139426,0.00588512617179558,False
receiving,fair_over,fair_over Q1 (low),3807,0.4074,0.4262,-0.0188,-2.36,-0.0639,-0.0009,-0.0129,-0.0291,1376,0.0204,-0.0806,0.018274935061145303,0.047673743637770355,False
receiving,fair_over,fair_over Q2,3807,0.4773,0.4891,-0.0119,-1.47,-0.0557,-0.0152,-0.0056,-0.0282,1062,0.0181,-0.0893,0.14156175398337112,0.2337717038257505,False
receiving,fair_over,fair_over Q3,3806,0.4795,0.5003,-0.0208,-2.57,-0.0852,-0.0065,-0.0089,-0.0378,1569,0.0249,-0.1181,0.010169851497981997,0.03156160809718551,False
receiving,fair_over,fair_over Q4,3807,0.5101,0.5073,0.0028,0.34,-0.0352,-0.0426,0.0098,-0.0085,1467,-0.0236,-0.0565,0.7338565279279439,0.7874466469569591,False
receiving,fair_over,fair_over Q5 (high),3807,0.5493,0.56,-0.0108,-1.34,-0.049,0.001,-0.0037,-0.0251,1261,0.0376,-0.0707,0.18024534492890476,0.28029513682248686,False
receiving,cons_point,cons_point Q1 (low),5276,0.4981,0.4957,0.0024,0.35,-0.0213,-0.0325,0.012,-0.0154,1849,0.0083,-0.0517,0.7263386976487618,0.7852310244851478,False
receiving,cons_point,cons_point Q2,3516,0.465,0.4894,-0.0244,-2.93,-0.0756,0.0192,-0.0187,-0.0349,1232,0.0433,-0.0912,0.003389620038554586,0.014526943022376797,True
receiving,cons_point,cons_point Q3,2781,0.479,0.4955,-0.0165,-1.75,-0.0713,-0.0076,-0.0077,-0.0321,1005,0.0207,-0.103,0.08011831372763423,0.14944348674584623,False
receiving,cons_point,cons_point Q4,3698,0.493,0.5003,-0.0074,-0.89,-0.055,-0.0292,-0.0056,-0.0106,1297,-0.0259,-0.0641,0.3734658860743454,0.48624853159770104,False
receiving,cons_point,cons_point Q5 (high),3763,0.4805,0.5017,-0.0213,-2.61,-0.0851,-0.0029,-0.0101,-0.0413,1352,0.032,-0.1247,0.009054222265934664,0.02910285728336142,False
receiving,exch_gap,exch_gap Q1 (low),1250,0.4528,0.4859,-0.0331,-2.36,-0.0906,0.0365,-0.0137,-0.0363,1075,0.0413,-0.0993,0.018274935061145303,0.047673743637770355,False
receiving,exch_gap,exch_gap Q2,1249,0.4604,0.4946,-0.0342,-2.44,-0.0969,0.0346,-0.0028,-0.0382,1109,0.0424,-0.1042,0.01468726191069658,0.04163318336890369,False
receiving,exch_gap,exch_gap Q3,1249,0.4788,0.4959,-0.0171,-1.22,-0.067,-0.0035,-0.0071,-0.0185,1095,-0.0017,-0.071,0.22246487489566924,0.3275556440181633,False
receiving,exch_gap,exch_gap Q4,1249,0.4788,0.4986,-0.0199,-1.41,-0.0691,0.0058,0.0501,-0.0293,1100,0.0243,-0.0873,0.15853968290678466,0.2547959189573325,False
receiving,exch_gap,exch_gap Q5 (high),1250,0.4952,0.5035,-0.0083,-0.59,-0.0444,-0.011,-0.0548,0.0008,1046,-0.0274,-0.0246,0.5551906495069299,0.6436993037761506,False
receiving,l1_vs_line,l1_vs_line Q1 (low),3839,0.4853,0.4915,-0.0062,-0.77,-0.0493,-0.0279,-0.0075,-0.0038,1356,-0.0304,-0.0439,0.44129989268529934,0.5497161292965667,False
receiving,l1_vs_line,l1_vs_line Q2,3760,0.483,0.4901,-0.0071,-0.87,-0.0469,-0.0219,0.0025,-0.0235,1387,0.0148,-0.0749,0.3843004042073923,0.4941005196952187,False
receiving,l1_vs_line,l1_vs_line Q3,4093,0.4747,0.4934,-0.0187,-2.4,-0.0703,0.0006,-0.0054,-0.0423,1473,0.0442,-0.116,0.01639507184919231,0.04471383231597903,False
receiving,l1_vs_line,l1_vs_line Q4,3571,0.4839,0.4998,-0.0159,-1.91,-0.0635,-0.0019,-0.0071,-0.0324,1237,0.0329,-0.0929,0.056133213319544906,0.114492673059695,False
receiving,l1_vs_line,l1_vs_line Q5 (high),3632,0.4981,0.5095,-0.0114,-1.38,-0.0583,-0.0132,-0.0037,-0.0268,1216,0.0119,-0.0901,0.16758664483002872,0.26577617682295307,False
receiving,m3_vs_line,m3_vs_line Q1 (low),3752,0.4893,0.4843,0.005,0.62,-0.0232,-0.0469,0.0063,0.0028,1375,-0.0399,-0.0271,0.535257786937966,0.6276638543897973,False
receiving,m3_vs_line,m3_vs_line Q2,3878,0.4742,0.4877,-0.0135,-1.69,-0.0601,-0.0091,0.002,-0.04,1432,0.0445,-0.1086,0.09102795464309965,0.16467368679153704,False
receiving,m3_vs_line,m3_vs_line Q3,3648,0.4748,0.4967,-0.0219,-2.66,-0.078,0.0064,-0.0113,-0.0405,1320,0.0416,-0.1149,0.007814065149705618,0.02641374135111758,False
receiving,m3_vs_line,m3_vs_line Q4,3727,0.4875,0.5042,-0.0166,-2.04,-0.0674,-0.0025,-0.0061,-0.0381,1232,0.0387,-0.1069,0.04135032573214015,0.09076900770469788,False
receiving,m3_vs_line,m3_vs_line Q5 (high),3752,0.4997,0.5108,-0.011,-1.36,-0.0579,-0.0151,-0.0142,-0.0046,1245,-0.0282,-0.0443,0.17382992389417007,0.2726743904222276,False
receiving,m8_vs_line,m8_vs_line Q1 (low),3779,0.4631,0.4764,-0.0133,-1.66,-0.0599,-0.0113,-0.0123,-0.0152,1409,-0.0063,-0.0631,0.09691445253344577,0.17144571455548147,False
receiving,m8_vs_line,m8_vs_line Q2,3688,0.4837,0.4884,-0.0047,-0.57,-0.0397,-0.0243,0.0042,-0.021,1291,0.0049,-0.0728,0.5686776980926482,0.6519871697877495,False
receiving,m8_vs_line,m8_vs_line Q3,3730,0.4745,0.4999,-0.0254,-3.12,-0.0838,0.0151,-0.0119,-0.0508,1295,0.0661,-0.1312,0.0018085103996445806,0.009042551998222903,False
receiving,m8_vs_line,m8_vs_line Q4,3717,0.4974,0.5071,-0.0097,-1.19,-0.0533,-0.0165,-0.0002,-0.0286,1247,0.0203,-0.087,0.23404639204621747,0.3411202475167542,False
receiving,m8_vs_line,m8_vs_line Q5 (high),3676,0.5084,0.5122,-0.0038,-0.46,-0.0479,-0.0329,-0.0027,-0.0057,1304,-0.0264,-0.0491,0.6455162205006955,0.7194608030348308,False
receiving,hot,hot Q1 (low),3710,0.5035,0.4957,0.0078,0.96,-0.0224,-0.055,0.0151,-0.005,1344,-0.0269,-0.0457,0.33705521493367563,0.4494069532449008,False
receiving,hot,hot Q2,3710,0.4806,0.4969,-0.0163,-2.0,-0.0644,-0.0026,-0.0012,-0.042,1374,0.051,-0.1088,0.04550026389635842,0.09721124630675983,False
receiving,hot,hot Q3,3731,0.4816,0.4971,-0.0154,-1.9,-0.0672,-0.0081,-0.0066,-0.0319,1300,0.0203,-0.102,0.05743311963200348,0.11681312467526132,False
receiving,hot,hot Q4,3688,0.4732,0.4984,-0.0252,-3.08,-0.0832,0.0139,-0.0213,-0.0327,1258,0.03,-0.0963,0.0020700059496057133,0.010208248518603517,True
receiving,hot,hot Q5 (high),3710,0.4925,0.4956,-0.0032,-0.39,-0.0383,-0.027,-0.0012,-0.007,1265,-0.0213,-0.0455,0.6965365469280353,0.7633277226608607,False
receiving,cv8,cv8 Q1 (low),3686,0.4585,0.4973,-0.0388,-4.76,-0.1066,0.0446,-0.0257,-0.0612,1360,0.0842,-0.1532,1.9359295919674224e-06,4.496352600698529e-05,True
receiving,cv8,cv8 Q2,3665,0.481,0.4971,-0.0161,-1.97,-0.0679,-0.0068,-0.0102,-0.0267,1300,0.0164,-0.0854,0.048838370560445155,0.10251786240093444,False
receiving,cv8,cv8 Q3,3685,0.4833,0.4976,-0.0143,-1.75,-0.0598,-0.0051,-0.0072,-0.0286,1232,0.0241,-0.0841,0.08011831372763423,0.14944348674584623,False
receiving,cv8,cv8 Q4,3676,0.4995,0.495,0.0045,0.55,-0.0263,-0.0459,0.0095,-0.0044,1314,-0.0256,-0.0404,0.5823193735766927,0.6623537898502666,False
receiving,cv8,cv8 Q5 (high),3663,0.5086,0.4967,0.0119,1.45,-0.0151,-0.0641,0.0173,0.0019,1278,-0.0442,-0.0357,0.1470585192192968,0.24174003159336463,False
receiving,season_gp,season_gp Q1 (low),4326,0.4764,0.4959,-0.0195,-2.57,-0.0707,0.0026,-0.0149,-0.0253,1905,0.0131,-0.0844,0.010169851497981997,0.03156160809718551,False
receiving,season_gp,season_gp Q2,3732,0.4914,0.4966,-0.0052,-0.63,-0.046,-0.0266,-0.0106,0.006,1235,-0.0451,-0.0197,0.5286945842313551,0.6260856918529205,False
receiving,season_gp,season_gp Q3,3749,0.4793,0.4967,-0.0174,-2.15,-0.0711,-0.003,-0.0032,-0.0464,1234,0.0566,-0.1247,0.03155521478218093,0.07328953110700086,False
receiving,season_gp,season_gp Q4,4268,0.4944,0.4972,-0.0029,-0.38,-0.0412,-0.0321,0.0077,-0.025,1379,0.0118,-0.0817,0.7039454151516744,0.7691057646573681,False
receiving,season_gp,season_gp Q5 (high),2959,0.4812,0.4966,-0.0154,-1.68,-0.0609,-0.0026,-0.0023,-0.0417,982,0.0446,-0.1137,0.09295731572744015,0.16690590355051596,False
receiving,target_share_m3,target_share_m3 Q1 (low),3779,0.4956,0.4924,0.0032,0.4,-0.0292,-0.0445,0.0093,-0.0083,1308,-0.0162,-0.0479,0.6891565167793516,0.7563912989041665,False
receiving,target_share_m3,target_share_m3 Q2,3780,0.5029,0.4949,0.008,0.99,-0.0171,-0.0515,0.0134,-0.0027,1269,-0.031,-0.0391,0.3221741190216618,0.43277120465596364,False
receiving,target_share_m3,target_share_m3 Q3,3778,0.4817,0.4967,-0.015,-1.85,-0.0643,-0.0071,-0.0123,-0.0199,1335,0.0028,-0.0727,0.06431354959122748,0.12686508412516107,False
receiving,target_share_m3,target_share_m3 Q4,3780,0.4741,0.4979,-0.0238,-2.94,-0.0785,0.013,-0.0111,-0.0443,1454,0.0531,-0.1159,0.0032821224683139416,0.014409318153573403,False
receiving,target_share_m3,target_share_m3 Q5 (high),3778,0.4693,0.5013,-0.032,-3.96,-0.0999,0.0262,-0.0215,-0.0518,1303,0.0609,-0.1391,7.49497633820706e-05,0.000729240941014741,True
receiving,air_yards_share_m3,air_yards_share_m3 Q1 (low),3779,0.4895,0.4961,-0.0065,-0.81,-0.044,-0.0222,-0.0087,-0.0019,1215,-0.0305,-0.0346,0.4179401757432033,0.5242455166116835,False
receiving,air_yards_share_m3,air_yards_share_m3 Q2,3780,0.5003,0.4926,0.0077,0.95,-0.0191,-0.0522,0.0224,-0.0176,1390,0.0006,-0.0648,0.34211225261696354,0.45446646104098476,False
receiving,air_yards_share_m3,air_yards_share_m3 Q3,3779,0.4954,0.497,-0.0016,-0.2,-0.037,-0.0316,-0.0002,-0.0041,1393,-0.0241,-0.0402,0.841480581121794,0.8793411007368529,False
receiving,air_yards_share_m3,air_yards_share_m3 Q4,3778,0.4754,0.4972,-0.0218,-2.7,-0.0798,0.005,-0.0065,-0.0492,1351,0.0557,-0.1359,0.006933947606081237,0.02459331170629798,False
receiving,air_yards_share_m3,air_yards_share_m3 Q5 (high),3779,0.4631,0.5004,-0.0373,-4.63,-0.1089,0.0369,-0.0274,-0.0557,1320,0.0714,-0.1419,3.656657327155699e-06,6.268555417981199e-05,True
receiving,offense_pct_m3,offense_pct_m3 Q1 (low),3808,0.4769,0.4925,-0.0156,-1.94,-0.0663,-0.0085,-0.0065,-0.0335,1289,0.0276,-0.1008,0.05237968988090547,0.10931413540362879,False
receiving,offense_pct_m3,offense_pct_m3 Q2,3779,0.4835,0.494,-0.0106,-1.31,-0.0554,-0.0169,0.0016,-0.0296,1473,0.0221,-0.0897,0.19019583559047826,0.2919850780919922,False
receiving,offense_pct_m3,offense_pct_m3 Q3,3829,0.4983,0.4979,0.0004,0.05,-0.0335,-0.0362,0.0024,-0.0034,1322,-0.0282,-0.0405,0.960122388323255,0.9695485548285324,False
receiving,offense_pct_m3,offense_pct_m3 Q4,3707,0.4813,0.498,-0.0167,-2.04,-0.0637,0.0005,-0.0109,-0.0274,1304,0.0201,-0.0834,0.04135032573214015,0.09076900770469788,False
receiving,offense_pct_m3,offense_pct_m3 Q5 (high),3771,0.4834,0.5009,-0.0175,-2.16,-0.0707,-0.0021,-0.0079,-0.0361,1280,0.0342,-0.1059,0.030772669567850963,0.07288263845017333,False
receiving,prev_over,prev_over=0,9168,0.4896,0.4955,-0.0059,-1.13,-0.0469,-0.026,0.0018,-0.0186,3435,0.0011,-0.0697,0.2584762244800358,0.3699858481622779,False
receiving,prev_over,prev_over=1,8826,0.4821,0.4984,-0.0163,-3.07,-0.0649,-0.0023,-0.0082,-0.0312,3105,0.0249,-0.0943,0.0021405877093578773,0.01034377953515216,False
receiving,prev_margin_rel,prev_margin_rel Q1 (low),3688,0.5005,0.4959,0.0046,0.56,-0.0264,-0.047,0.0037,0.0062,1378,-0.0472,-0.0214,0.5754794376980541,0.6576907859406332,False
receiving,prev_margin_rel,prev_margin_rel Q2,3918,0.4839,0.4946,-0.0107,-1.35,-0.0566,-0.0168,0.0046,-0.0358,1483,0.036,-0.1021,0.1770159828748039,0.27646747867648336,False
receiving,prev_margin_rel,prev_margin_rel Q3,3522,0.4813,0.4973,-0.016,-1.91,-0.0646,-0.0028,-0.0017,-0.0417,1261,0.0448,-0.1158,0.056133213319544906,0.114492673059695,False
receiving,prev_margin_rel,prev_margin_rel Q4,3267,0.4867,0.4983,-0.0116,-1.33,-0.055,-0.0095,-0.0039,-0.0251,1188,0.0162,-0.0799,0.18351827130056142,0.28476973132845734,False
receiving,prev_margin_rel,prev_margin_rel Q5 (high),3599,0.4771,0.4987,-0.0217,-2.61,-0.0768,0.0059,-0.0186,-0.0275,1230,0.0138,-0.0896,0.009054222265934664,0.02910285728336142,True
receiving,props_seen,props_seen Q1 (low),4259,0.4837,0.4947,-0.011,-1.44,-0.0581,-0.017,-0.0,-0.0643,727,0.0893,-0.1592,0.1498673990686541,0.24412788988559037,False
receiving,props_seen,props_seen Q2,3706,0.4946,0.4962,-0.0016,-0.19,-0.036,-0.0322,-0.0007,-0.0062,615,-0.0242,-0.0448,0.849309130530409,0.8862356144665138,False
receiving,props_seen,props_seen Q3,3823,0.4774,0.4966,-0.0192,-2.39,-0.0724,0.0012,-0.0135,-0.0407,793,0.0385,-0.1186,0.016848372798691447,0.04526428513081284,False
receiving,props_seen,props_seen Q4,3558,0.4933,0.498,-0.0047,-0.57,-0.0454,-0.0272,-0.0024,-0.0089,1277,-0.0178,-0.0505,0.5686776980926482,0.6519871697877495,False
receiving,props_seen,props_seen Q5 (high),3688,0.4753,0.498,-0.0227,-2.77,-0.0762,0.0107,-0.012,-0.0239,3323,0.0124,-0.0786,0.005605629265529988,0.021131167911945505,False
receiving,home,home=0,9439,0.4657,0.4962,-0.0304,-5.96,-0.0938,0.0237,-0.0229,-0.0445,3308,0.0499,-0.1216,2.5223794164475066e-09,2.594447399774578e-07,True
receiving,home,home=1,9595,0.5034,0.497,0.0064,1.25,-0.0224,-0.0487,0.0141,-0.0077,3427,-0.0193,-0.0469,0.2112995473337107,0.3143299051245283,False
receiving,team_line,team_line Q1 (low),3898,0.4572,0.4967,-0.0396,-4.97,-0.1075,0.0442,-0.0252,-0.0642,1439,0.0896,-0.157,6.695290164504542e-07,1.60686963948109e-05,True
receiving,team_line,team_line Q2,4322,0.4965,0.4965,0.0001,0.01,-0.0361,-0.0382,0.0041,-0.0077,1477,-0.025,-0.0516,0.9920212873707368,0.9934010109971216,False
receiving,team_line,team_line Q3,3618,0.4876,0.4962,-0.0087,-1.05,-0.0547,-0.0206,-0.0007,-0.0235,1269,0.0091,-0.0823,0.2937181127517918,0.40983922709552345,False
receiving,team_line,team_line Q4,3777,0.4797,0.4976,-0.0179,-2.21,-0.0697,-0.0012,-0.0147,-0.0239,1302,0.0145,-0.0769,0.02710516229283999,0.06526995602289228,False
receiving,team_line,team_line Q5 (high),3419,0.5037,0.4959,0.0078,0.91,-0.0188,-0.0504,0.0163,-0.0071,1248,-0.0187,-0.0452,0.3628225097835944,0.4758327997161894,False
receiving,total_line,total_line Q1 (low),3931,0.5032,0.4966,0.0066,0.83,-0.0208,-0.0488,0.0175,-0.0275,953,0.0197,-0.0852,0.4065387836561367,0.516239725277634,False
receiving,total_line,total_line Q2,4640,0.4651,0.4957,-0.0306,-4.21,-0.0951,0.0224,-0.0062,-0.0731,1695,0.1049,-0.1768,2.553706882757467e-05,0.0002965595089653833,False
receiving,total_line,total_line Q3,3632,0.4851,0.4972,-0.0121,-1.47,-0.0588,-0.0139,-0.0031,-0.0245,1523,0.0118,-0.0818,0.14156175398337112,0.2337717038257505,False
receiving,total_line,total_line Q4,3368,0.4834,0.497,-0.0136,-1.59,-0.0622,-0.0095,-0.0108,-0.0201,1016,0.0022,-0.0767,0.11183480503893883,0.19402664970611078,False
receiving,total_line,total_line Q5 (high),3463,0.4909,0.4969,-0.006,-0.7,-0.0444,-0.0212,-0.0288,0.0223,1548,-0.0761,0.0131,0.48392730444614607,0.5905553545783477,False
receiving,implied_tt,implied_tt Q1 (low),4003,0.4714,0.4966,-0.0252,-3.21,-0.0836,0.0121,-0.0079,-0.0633,1249,0.0849,-0.1576,0.0013273497228798448,0.007027145591716825,False
receiving,implied_tt,implied_tt Q2,3817,0.4873,0.4969,-0.0096,-1.19,-0.0513,-0.0162,0.0097,-0.0497,1240,0.0612,-0.1303,0.23404639204621747,0.3411202475167542,False
receiving,implied_tt,implied_tt Q3,3734,0.4858,0.4969,-0.0111,-1.36,-0.0552,-0.013,-0.0094,-0.0142,1283,-0.0077,-0.0621,0.17382992389417007,0.2726743904222276,False
receiving,implied_tt,implied_tt Q4,4157,0.4826,0.4964,-0.0138,-1.8,-0.064,-0.0106,-0.0202,-0.0045,1686,-0.0256,-0.0411,0.07186063822585154,0.13834133562196016,False
receiving,implied_tt,implied_tt Q5 (high),3323,0.4992,0.4963,0.003,0.35,-0.0294,-0.0415,0.0082,-0.0053,1277,-0.0234,-0.0436,0.7263386976487618,0.7852310244851478,False
receiving,win_pct,win_pct Q1 (low),3536,0.4734,0.4962,-0.0228,-2.73,-0.0781,0.0085,-0.0102,-0.043,1365,0.051,-0.1143,0.0063334325547155235,0.02291493185625717,False
receiving,win_pct,win_pct Q2,3619,0.4935,0.4968,-0.0033,-0.4,-0.0394,-0.0281,0.0041,-0.023,991,0.0083,-0.0794,0.6891565167793516,0.7563912989041665,False
receiving,win_pct,win_pct Q3,3713,0.4958,0.4963,-0.0004,-0.05,-0.0354,-0.035,0.0154,-0.0386,1090,0.0397,-0.1075,0.960122388323255,0.9695485548285324,False
receiving,win_pct,win_pct Q4,3817,0.4826,0.4965,-0.0139,-1.73,-0.0641,-0.0101,-0.0077,-0.0242,1431,0.0112,-0.0806,0.0836302752271898,0.1547912549192202,False
receiving,win_pct,win_pct Q5 (high),2927,0.4855,0.4971,-0.0116,-1.26,-0.0567,-0.0128,-0.0141,-0.0077,1149,-0.0213,-0.0498,0.2076693622426009,0.3108564258101303,False
receiving,opp_win_pct,opp_win_pct Q1 (low),3567,0.4805,0.4952,-0.0147,-1.76,-0.0626,-0.0077,-0.0043,-0.0314,1367,0.0265,-0.0926,0.07840780657496538,0.14739848755607068,False
receiving,opp_win_pct,opp_win_pct Q2,3539,0.5092,0.4959,0.0132,1.59,-0.0108,-0.0637,0.0209,-0.0058,1017,-0.022,-0.0439,0.11183480503893883,0.19402664970611078,False
receiving,opp_win_pct,opp_win_pct Q3,3782,0.4897,0.4974,-0.0077,-0.96,-0.0505,-0.021,0.0006,-0.0283,1087,0.0184,-0.0897,0.33705521493367563,0.4494069532449008,False
receiving,opp_win_pct,opp_win_pct Q4,3802,0.4808,0.4979,-0.0171,-2.13,-0.0669,-0.002,-0.0133,-0.0235,1437,0.0096,-0.0802,0.03317161336720997,0.07654987700125378,False
receiving,opp_win_pct,opp_win_pct Q5 (high),2922,0.4682,0.496,-0.0278,-3.02,-0.0866,0.0212,-0.0154,-0.0479,1118,0.0581,-0.1256,0.002527746855344626,0.011666523947744426,True
receiving,opp_allow_rel,opp_allow_rel Q1 (low),3518,0.4903,0.4949,-0.0045,-0.54,-0.0434,-0.0273,0.0031,-0.0198,1177,0.0021,-0.0727,0.589197032431396,0.668065926536386,False
receiving,opp_allow_rel,opp_allow_rel Q2,3518,0.4753,0.4966,-0.0214,-2.55,-0.0774,0.0036,-0.0039,-0.0547,1208,0.0693,-0.141,0.010772291908133447,0.032864619380746106,False
receiving,opp_allow_rel,opp_allow_rel Q3,3520,0.4821,0.4965,-0.0144,-1.72,-0.0629,-0.0078,-0.0119,-0.0199,1087,0.0048,-0.0712,0.08543244158265795,0.156916729437535,False
receiving,opp_allow_rel,opp_allow_rel Q4,3515,0.478,0.4965,-0.0185,-2.21,-0.0682,0.0012,-0.005,-0.0406,1333,0.0444,-0.1086,0.02710516229283999,0.06526995602289228,False
receiving,opp_allow_rel,opp_allow_rel Q5 (high),3517,0.5087,0.4983,0.0104,1.24,-0.0148,-0.0546,0.0163,-0.0007,1219,-0.0326,-0.0363,0.21497539414917388,0.3184820654061835,False
receiving,opp_pass_epa_allowed,opp_pass_epa_allowed Q1 (low),3266,0.474,0.4956,-0.0216,-2.48,-0.0743,0.0075,-0.0167,-0.0338,927,0.0296,-0.0972,0.013138238271093616,0.03845338030563985,True
receiving,opp_pass_epa_allowed,opp_pass_epa_allowed Q2,3247,0.4838,0.497,-0.0132,-1.52,-0.0642,-0.013,0.0083,-0.0612,1006,0.0782,-0.1565,0.1285109756378715,0.2156827563153088,False
receiving,opp_pass_epa_allowed,opp_pass_epa_allowed Q3,3256,0.4846,0.4968,-0.0121,-1.39,-0.059,-0.0131,-0.0066,-0.0276,861,0.0225,-0.0837,0.16452887735533794,0.26208139755717547,False
receiving,opp_pass_epa_allowed,opp_pass_epa_allowed Q4,3262,0.5018,0.4962,0.0056,0.65,-0.024,-0.0465,0.0113,-0.0062,1053,-0.0253,-0.0475,0.5156922216117295,0.6178009976047341,False
receiving,opp_pass_epa_allowed,opp_pass_epa_allowed Q5 (high),3249,0.4872,0.4973,-0.0101,-1.15,-0.0523,-0.0151,-0.0021,-0.0194,1502,0.006,-0.0675,0.2501438712743005,0.3609290327003935,False
receiving,opp_rush_epa_allowed,opp_rush_epa_allowed Q1 (low),3266,0.4908,0.4971,-0.0063,-0.72,-0.045,-0.0225,0.0046,-0.0416,770,0.0464,-0.1124,0.47152499555850236,0.579348117409764,False
receiving,opp_rush_epa_allowed,opp_rush_epa_allowed Q2,3249,0.486,0.4958,-0.0098,-1.12,-0.0526,-0.0148,0.0086,-0.0496,1025,0.0594,-0.1312,0.2627137620854616,0.37456219544857894,False
receiving,opp_rush_epa_allowed,opp_rush_epa_allowed Q3,3253,0.486,0.4967,-0.0107,-1.22,-0.0571,-0.0174,0.0001,-0.0295,1181,0.0188,-0.0937,0.22246487489566924,0.3275556440181633,False
receiving,opp_rush_epa_allowed,opp_rush_epa_allowed Q4,3268,0.4786,0.4961,-0.0175,-2.02,-0.0704,-0.0038,-0.0187,-0.0149,1026,-0.0077,-0.0629,0.04338338753529358,0.0940844548958174,False
receiving,opp_rush_epa_allowed,opp_rush_epa_allowed Q5 (high),3244,0.4901,0.4972,-0.0071,-0.81,-0.0486,-0.0216,-0.002,-0.0143,1347,-0.0022,-0.0556,0.4179401757432033,0.5242455166116835,False
receiving,opp_ypt_allowed,opp_ypt_allowed Q1 (low),3224,0.473,0.4953,-0.0223,-2.55,-0.0776,0.0071,-0.0173,-0.033,1021,0.027,-0.0984,0.010772291908133447,0.032864619380746106,True
receiving,opp_ypt_allowed,opp_ypt_allowed Q2,3232,0.4657,0.4967,-0.031,-3.56,-0.0962,0.0255,-0.0142,-0.0635,1103,0.0889,-0.1568,0.0003708547938665596,0.002670154515839229,False
receiving,opp_ypt_allowed,opp_ypt_allowed Q3,3229,0.4847,0.4971,-0.0124,-1.42,-0.0595,-0.0118,-0.0094,-0.0171,1254,-0.004,-0.0677,0.15560768105309286,0.2512052250184459,False
receiving,opp_ypt_allowed,opp_ypt_allowed Q4,3212,0.4991,0.4969,0.0022,0.25,-0.0299,-0.0414,0.0162,-0.0311,953,0.0258,-0.0898,0.8025873486341526,0.846065726232196,False
receiving,opp_ypt_allowed,opp_ypt_allowed Q5 (high),3223,0.5079,0.4966,0.0113,1.29,-0.0125,-0.0576,0.0157,0.001,968,-0.0332,-0.0292,0.19705065809949573,0.2993174553410062,False
receiving,questionable,questionable=0,18154,0.4851,0.4967,-0.0116,-3.16,-0.0572,-0.0131,-0.0036,-0.0262,6459,0.0157,-0.0847,0.001577691388751079,0.008113841427862692,False
receiving,questionable,questionable=1,880,0.4773,0.4943,-0.0171,-1.02,-0.0703,-0.007,-0.0181,-0.0148,276,-0.0076,-0.0587,0.30772846074546956,0.42202760330807254,False
receiving,limited_or_dnp,limited_or_dnp=0,17634,0.4859,0.4966,-0.0107,-2.86,-0.0553,-0.0151,-0.0021,-0.0262,6309,0.0155,-0.0845,0.0042364100808092164,0.016852018001009036,False
receiving,limited_or_dnp,limited_or_dnp=1,1400,0.47,0.4969,-0.0269,-2.03,-0.0887,0.0162,-0.0302,-0.0194,426,0.0037,-0.0697,0.04235653928534444,0.09269516196184802,True
receiving,vacated_target_share,vacated_target_share=0,19034,0.4847,0.4966,-0.0119,-3.3,-0.0578,-0.0128,-0.0043,-0.0257,6735,0.0147,-0.0836,0.000966848284767563,0.005569046120261163,False
receiving,vacated_carry_share,vacated_carry_share=0,19034,0.4847,0.4966,-0.0119,-3.3,-0.0578,-0.0128,-0.0043,-0.0257,6735,0.0147,-0.0836,0.000966848284767563,0.005569046120261163,False
receiving,dome,dome=0,13038,0.4777,0.496,-0.0183,-4.21,-0.0703,-0.0006,-0.009,-0.0352,4634,0.033,-0.1015,2.553706882757467e-05,0.0002965595089653833,False
receiving,dome,dome=1,5996,0.5,0.4979,0.0021,0.32,-0.0307,-0.0393,0.0059,-0.0049,2101,-0.0256,-0.0443,0.7489683305533599,0.8024660684500284,False
receiving,wind_mph,wind_mph Q1 (low),2631,0.4945,0.497,-0.0025,-0.26,-0.0416,-0.0313,-0.0116,0.0102,1091,-0.0579,-0.0158,0.794863773596479,0.8391523709522946,False
receiving,wind_mph,wind_mph Q2,2587,0.4886,0.4966,-0.008,-0.81,-0.0468,-0.0186,0.021,-0.0521,1025,0.0691,-0.1323,0.4179401757432033,0.5242455166116835,False
receiving,wind_mph,wind_mph Q3,2341,0.4643,0.4955,-0.0311,-3.04,-0.0982,0.0216,-0.0235,-0.0419,972,0.0433,-0.1195,0.0023657814862088067,0.011133089346864973,True
receiving,wind_mph,wind_mph Q4,2143,0.4718,0.4951,-0.0233,-2.17,-0.0791,0.01,-0.0086,-0.0534,703,0.0708,-0.1318,0.0300068459474645,0.07177717303047987,False
receiving,wind_mph,wind_mph Q5 (high),2364,0.4569,0.4959,-0.0391,-3.83,-0.1095,0.0398,-0.032,-0.0529,803,0.0689,-0.1333,0.00012814325897769763,0.0011251603227310036,True
receiving,temp_f,temp_f Q1 (low),2475,0.461,0.494,-0.033,-3.31,-0.0974,0.0283,-0.02,-0.0524,994,0.0631,-0.1386,0.0009329597122151867,0.0055059917442207736,True
receiving,temp_f,temp_f Q2,2547,0.488,0.4973,-0.0093,-0.94,-0.0533,-0.0187,0.0155,-0.0725,717,0.1032,-0.1778,0.3472175606772492,0.4587094379589347,False
receiving,temp_f,temp_f Q3,2365,0.4753,0.4964,-0.0212,-2.07,-0.0787,0.0031,-0.0156,-0.0296,936,0.0209,-0.0905,0.03845234445503465,0.0859803975392079,True
receiving,temp_f,temp_f Q4,2429,0.4706,0.4965,-0.026,-2.58,-0.0844,0.0151,-0.0228,-0.0313,903,0.0289,-0.0903,0.009880031515541177,0.030928794309520207,True
receiving,temp_f,temp_f Q5 (high),2250,0.4853,0.496,-0.0107,-1.02,-0.0537,-0.0138,-0.0174,-0.0029,1044,-0.0264,-0.0356,0.30772846074546956,0.42202760330807254,False
receiving,div_game,div_game=0,12915,0.4863,0.4968,-0.0105,-2.41,-0.0547,-0.0155,-0.0062,-0.0185,4584,0.0014,-0.0684,0.01595252052146745,0.04400695316266883,False
receiving,div_game,div_game=1,6119,0.4815,0.4962,-0.0148,-2.32,-0.0643,-0.0072,-0.0004,-0.0412,2151,0.0432,-0.116,0.02034087733743939,0.05175064198924509,False
receiving,primetime,primetime=0,14417,0.482,0.4965,-0.0145,-3.51,-0.0628,-0.0076,-0.0066,-0.0292,5061,0.0214,-0.0908,0.0004481066939820977,0.0031022771121837537,False
receiving,primetime,primetime=1,4617,0.4932,0.4968,-0.0036,-0.5,-0.0422,-0.0292,0.0031,-0.0154,1674,-0.0056,-0.062,0.6170750774519738,0.6931264520521391,False
receiving,week,week Q1 (low),4765,0.4785,0.496,-0.0175,-2.43,-0.0682,-0.0019,-0.0155,-0.02,2080,0.0032,-0.0744,0.01509882283261832,0.04246543921673902,True
receiving,week,week Q2,3768,0.5005,0.4984,0.0021,0.26,-0.0309,-0.0399,0.0073,-0.0093,1172,-0.0135,-0.048,0.794863773596479,0.8391523709522946,False
receiving,week,week Q3,2906,0.4697,0.4967,-0.027,-2.94,-0.0895,0.0153,-0.0199,-0.0417,950,0.0483,-0.1132,0.0032821224683139416,0.014409318153573403,True
receiving,week,week Q4,4004,0.4928,0.4972,-0.0044,-0.56,-0.0439,-0.0285,0.0061,-0.0248,1362,0.0101,-0.0834,0.5754794376980541,0.6576907859406332,False
receiving,week,week Q5 (high),3591,0.4795,0.4948,-0.0153,-1.84,-0.0621,-0.0042,-0.0031,-0.0405,1171,0.0415,-0.1119,0.0657682373183277,0.12938013898687417,False
rushing,fair_over,fair_over Q1 (low),2418,0.4239,0.4689,-0.045,-4.5,-0.1325,0.0406,-0.0421,-0.0514,753,0.0596,-0.1353,6.795346249477419e-06,0.00010193019374216128,True
rushing,fair_over,fair_over Q2,2417,0.4717,0.4968,-0.0251,-2.47,-0.0966,-0.0016,-0.02,-0.0368,737,0.0219,-0.1165,0.013511305214281233,0.039226369976945515,True
rushing,fair_over,fair_over Q3,2430,0.4856,0.5002,-0.0146,-1.44,-0.0867,-0.0315,-0.0123,-0.0197,743,-0.0193,-0.0942,0.1498673990686541,0.24412788988559037,False
rushing,fair_over,fair_over Q4,2404,0.4804,0.5038,-0.0234,-2.3,-0.0918,-0.0004,-0.0179,-0.0331,871,0.0175,-0.1087,0.021448220043351673,0.053620550108379184,True
rushing,fair_over,fair_over Q5 (high),2417,0.5068,0.5234,-0.0166,-1.63,-0.0702,0.0001,-0.0186,-0.0121,741,-0.0091,-0.0569,0.10310149698017868,0.181056287379826,False
rushing,cons_point,cons_point Q1 (low),2598,0.4669,0.4921,-0.0252,-2.59,-0.094,0.0087,-0.0204,-0.0355,819,0.0314,-0.105,0.009597593194252463,0.030441705285734685,True
rushing,cons_point,cons_point Q2,2247,0.4829,0.5005,-0.0176,-1.68,-0.0713,-0.0039,-0.0225,-0.0075,731,-0.0206,-0.0477,0.09295731572744015,0.16690590355051596,False
rushing,cons_point,cons_point Q3,2469,0.4536,0.5,-0.0464,-4.63,-0.1364,0.0411,-0.0454,-0.0483,797,0.0478,-0.1377,3.656657327155699e-06,6.268555417981199e-05,True
rushing,cons_point,cons_point Q4,2418,0.481,0.5005,-0.0195,-1.92,-0.0892,-0.0145,-0.0157,-0.0286,714,0.0028,-0.1048,0.054857899407673605,0.11252902442599715,True
rushing,cons_point,cons_point Q5 (high),2354,0.486,0.5007,-0.0147,-1.43,-0.0841,-0.0269,-0.0064,-0.0315,784,0.0057,-0.1136,0.15271701907347834,0.24764922011915405,False
rushing,n_books,n_books Q1 (low),2658,0.4707,0.4956,-0.0249,-2.58,-0.1086,-0.0112,-0.0204,-0.038,684,0.016,-0.1282,0.009880031515541177,0.030928794309520207,True
rushing,n_books,n_books Q2,2207,0.4898,0.4964,-0.0066,-0.62,-0.0652,-0.0373,-0.002,-0.0421,255,0.0423,-0.1207,0.535257786937966,0.6276638543897973,False
rushing,n_books,n_books Q3,3823,0.4687,0.5004,-0.0317,-3.93,-0.1035,0.019,-0.0291,-0.0375,1187,0.0253,-0.1168,8.494586157747896e-05,0.000815480271143798,True
rushing,n_books,n_books Q4,1210,0.4636,0.4992,-0.0356,-2.48,-0.1059,0.0314,-0.0421,-0.025,459,0.0145,-0.0808,0.013138238271093616,0.03845338030563985,True
rushing,n_books,n_books Q5 (high),2188,0.4753,0.5011,-0.0257,-2.41,-0.0906,0.0086,-0.0332,-0.0203,1260,-0.0026,-0.0796,0.01595252052146745,0.04400695316266883,True
rushing,exch_gap,exch_gap Q1 (low),523,0.4149,0.495,-0.0801,-3.72,-0.1872,0.1187,-0.0928,-0.0788,474,0.1154,-0.1845,0.000199222777951924,0.0016116898890492727,True
rushing,exch_gap,exch_gap Q2,522,0.4847,0.4984,-0.0138,-0.63,-0.0629,-0.0089,-0.0478,-0.0093,461,-0.0193,-0.0553,0.5286945842313551,0.6260856918529205,False
rushing,exch_gap,exch_gap Q3,522,0.4847,0.4994,-0.0148,-0.68,-0.0721,-0.0161,0.058,-0.0225,472,-0.002,-0.087,0.4965044609071412,0.602838468555045,False
rushing,exch_gap,exch_gap Q4,522,0.4655,0.4996,-0.0341,-1.56,-0.1022,0.0272,0.0385,-0.0421,470,0.0419,-0.119,0.11875988118958603,0.2026234939727534,False
rushing,exch_gap,exch_gap Q5 (high),523,0.4857,0.5002,-0.0145,-0.67,-0.0628,-0.0077,-0.0355,-0.0115,457,-0.0154,-0.0576,0.5028577901906202,0.6085001830878093,False
rushing,l1_vs_line,l1_vs_line Q1 (low),2424,0.4641,0.4929,-0.0288,-2.86,-0.1065,0.0071,-0.0253,-0.0368,735,0.0256,-0.1147,0.0042364100808092164,0.016852018001009036,True
rushing,l1_vs_line,l1_vs_line Q2,2462,0.4842,0.4991,-0.015,-1.49,-0.0755,-0.0185,-0.0048,-0.0364,790,0.0256,-0.1134,0.1362242359334509,0.22651605051289758,False
rushing,l1_vs_line,l1_vs_line Q3,2426,0.4641,0.4994,-0.0353,-3.49,-0.1119,0.0241,-0.0438,-0.019,831,-0.0057,-0.078,0.0004830205471357818,0.0032201369809052123,True
rushing,l1_vs_line,l1_vs_line Q4,2298,0.4926,0.5011,-0.0085,-0.82,-0.063,-0.0288,-0.0023,-0.0217,732,-0.0043,-0.0843,0.41221610717162616,0.5206940301115278,False
rushing,l1_vs_line,l1_vs_line Q5 (high),2392,0.4657,0.5006,-0.0349,-3.43,-0.1167,0.0191,-0.0343,-0.0365,720,0.0243,-0.1162,0.0006035812492173331,0.0037463663744524123,True
rushing,m3_vs_line,m3_vs_line Q1 (low),2380,0.4727,0.4932,-0.0205,-2.01,-0.088,-0.0062,-0.021,-0.0195,762,-0.0068,-0.0789,0.04443118885886288,0.0957798083185068,True
rushing,m3_vs_line,m3_vs_line Q2,2376,0.4773,0.4986,-0.0213,-2.09,-0.0886,-0.0054,-0.0166,-0.0317,748,0.0164,-0.1066,0.03661779970331791,0.0829082257433613,True
rushing,m3_vs_line,m3_vs_line Q3,2375,0.472,0.5001,-0.0281,-2.74,-0.0991,0.0077,-0.0298,-0.0243,739,0.0034,-0.0888,0.006143918437300888,0.022341521590185046,True
rushing,m3_vs_line,m3_vs_line Q4,2377,0.48,0.5017,-0.0217,-2.12,-0.0875,-0.0037,-0.0135,-0.0392,755,0.0324,-0.1144,0.03400604529526552,0.07772810353203548,False
rushing,m3_vs_line,m3_vs_line Q5 (high),2377,0.4741,0.4993,-0.0252,-2.47,-0.0996,-0.0008,-0.0289,-0.0171,746,-0.0149,-0.0814,0.013511305214281233,0.039226369976945515,True
rushing,m8_vs_line,m8_vs_line Q1 (low),2371,0.4466,0.4945,-0.0479,-4.71,-0.1419,0.0446,-0.0516,-0.0409,827,0.0356,-0.1217,2.4771679147939096e-06,5.095888281861757e-05,True
rushing,m8_vs_line,m8_vs_line Q2,2334,0.4841,0.4985,-0.0143,-1.38,-0.0724,-0.0164,-0.0014,-0.0454,687,0.044,-0.1311,0.16758664483002872,0.26577617682295307,False
rushing,m8_vs_line,m8_vs_line Q3,2352,0.4817,0.5001,-0.0184,-1.79,-0.081,-0.0096,-0.0173,-0.0208,749,-0.0043,-0.0819,0.07345391139745261,0.13991221218562402,True
rushing,m8_vs_line,m8_vs_line Q4,2353,0.4921,0.5014,-0.0093,-0.9,-0.0665,-0.0297,-0.0108,-0.0057,706,-0.0338,-0.0547,0.36812025069351906,0.4810282767683008,False
rushing,m8_vs_line,m8_vs_line Q5 (high),2351,0.47,0.4983,-0.0283,-2.76,-0.1038,0.0057,-0.0318,-0.0207,739,-0.0075,-0.0844,0.00578013615245232,0.02134204117828549,True
rushing,hit_rate_l8,hit_rate_l8 Q1 (low),2344,0.4411,0.4918,-0.0507,-4.97,-0.1479,0.051,-0.0538,-0.045,825,0.0453,-0.1269,6.695290164504542e-07,1.60686963948109e-05,True
rushing,hit_rate_l8,hit_rate_l8 Q2,2367,0.4812,0.4971,-0.0159,-1.56,-0.0779,-0.0167,-0.0074,-0.0339,763,0.0209,-0.1083,0.11875988118958603,0.2026234939727534,False
rushing,hit_rate_l8,hit_rate_l8 Q3,3019,0.4962,0.4999,-0.0038,-0.41,-0.0553,-0.0394,-0.0022,-0.0077,855,-0.0332,-0.0611,0.6818059475446452,0.7517615348118599,False
rushing,hit_rate_l8,hit_rate_l8 Q4,2298,0.4952,0.502,-0.0068,-0.66,-0.0604,-0.0331,-0.0053,-0.0102,698,-0.0243,-0.0633,0.5092538293426723,0.6121248032165676,False
rushing,hit_rate_l8,hit_rate_l8 Q5 (high),1600,0.4481,0.503,-0.0549,-4.42,-0.1497,0.0598,-0.0569,-0.0507,519,0.0519,-0.1408,9.870090124985964e-06,0.0001292084525452708,True
rushing,hot,hot Q1 (low),2351,0.4802,0.4963,-0.0161,-1.56,-0.0774,-0.0148,-0.0123,-0.0251,690,0.0033,-0.0899,0.11875988118958603,0.2026234939727534,False
rushing,hot,hot Q2,2349,0.4777,0.499,-0.0214,-2.08,-0.0872,-0.0062,-0.0196,-0.0252,740,0.0036,-0.0905,0.03752553286987559,0.08443244895722007,True
rushing,hot,hot Q3,2349,0.4798,0.5002,-0.0204,-1.99,-0.0858,-0.0063,-0.026,-0.0092,776,-0.0254,-0.0608,0.0465909355004237,0.0989541992929353,False
rushing,hot,hot Q4,2350,0.4685,0.5002,-0.0317,-3.08,-0.1064,0.0159,-0.0318,-0.0316,721,0.018,-0.1015,0.0020700059496057133,0.010208248518603517,True
rushing,hot,hot Q5 (high),2350,0.4706,0.4981,-0.0274,-2.68,-0.1046,0.0042,-0.0194,-0.0436,781,0.037,-0.1329,0.007362216018349965,0.025607707889912925,True
rushing,cv8,cv8 Q1 (low),2324,0.469,0.4993,-0.0303,-2.94,-0.1,0.0175,-0.0369,-0.0192,862,-0.0013,-0.0742,0.0032821224683139416,0.014409318153573403,True
rushing,cv8,cv8 Q2,2323,0.4778,0.4999,-0.0221,-2.14,-0.0896,-0.0043,-0.0149,-0.0388,699,0.0289,-0.1182,0.03235476674433224,0.07490492622482062,False
rushing,cv8,cv8 Q3,2323,0.4757,0.5,-0.0243,-2.35,-0.0968,-0.0034,-0.0227,-0.0283,654,0.0069,-0.101,0.018773411069677115,0.0486217840653508,True
rushing,cv8,cv8 Q4,2323,0.4886,0.5001,-0.0115,-1.11,-0.0711,-0.0259,-0.0029,-0.0329,671,0.0137,-0.111,0.26699902648549445,0.3784238170660551,False
rushing,cv8,cv8 Q5 (high),2324,0.4673,0.4944,-0.0271,-2.63,-0.1011,0.0056,-0.0285,-0.0242,774,0.0027,-0.09,0.008538486818178592,0.02781769461126057,True
rushing,season_gp,season_gp Q1 (low),2683,0.4648,0.4987,-0.0339,-3.53,-0.1096,0.0205,-0.0297,-0.0397,1138,0.0295,-0.1221,0.0004155596669612738,0.002933362355020756,True
rushing,season_gp,season_gp Q2,2345,0.4682,0.4974,-0.0292,-2.84,-0.1039,0.0101,-0.0242,-0.0396,754,0.0313,-0.1206,0.004511353383084726,0.0176531219338098,True
rushing,season_gp,season_gp Q3,2244,0.4594,0.4984,-0.039,-3.72,-0.125,0.0252,-0.0464,-0.0222,687,-0.0021,-0.0848,0.000199222777951924,0.0016116898890492727,True
rushing,season_gp,season_gp Q4,2783,0.4987,0.4987,0.0,0.0,-0.049,-0.0475,0.0056,-0.0159,726,-0.0127,-0.0728,1.0,1.0,False
rushing,season_gp,season_gp Q5 (high),2031,0.4732,0.5,-0.0269,-2.43,-0.0986,0.0068,-0.0256,-0.0304,540,0.016,-0.0993,0.01509882283261832,0.04246543921673902,True
rushing,air_yards_share_m3,air_yards_share_m3 Q1 (low),2402,0.4709,0.5001,-0.0293,-2.88,-0.1011,0.0111,-0.0253,-0.0372,799,0.027,-0.1139,0.003976751709788617,0.016268529721862525,True
rushing,air_yards_share_m3,air_yards_share_m3 Q2,4351,0.481,0.4988,-0.0178,-2.35,-0.0756,-0.0065,-0.0183,-0.0168,1477,-0.0079,-0.0721,0.018773411069677115,0.0486217840653508,True
rushing,air_yards_share_m3,air_yards_share_m3 Q3,448,0.4129,0.5006,-0.0877,-3.77,-0.2132,0.1249,-0.0603,-0.1311,173,0.2026,-0.2982,0.00016324754740537628,0.001382802754492599,True
rushing,air_yards_share_m3,air_yards_share_m3 Q4,2400,0.4721,0.4994,-0.0273,-2.69,-0.0989,0.0067,-0.0292,-0.0243,916,0.001,-0.0901,0.007145201904799503,0.025218359663998248,True
rushing,air_yards_share_m3,air_yards_share_m3 Q5 (high),2401,0.4777,0.4956,-0.0178,-1.76,-0.0977,-0.0254,-0.0146,-0.0323,443,0.0059,-0.1183,0.07840780657496538,0.14739848755607068,False
rushing,offense_pct_m3,offense_pct_m3 Q1 (low),2433,0.4517,0.4991,-0.0473,-4.7,-0.138,0.0437,-0.0452,-0.0515,833,0.0507,-0.1463,2.6016149077268125e-06,5.203229815453625e-05,True
rushing,offense_pct_m3,offense_pct_m3 Q2,2371,0.4749,0.4993,-0.0244,-2.39,-0.0943,0.0004,-0.0238,-0.0256,840,0.0024,-0.0937,0.016848372798691447,0.04526428513081284,True
rushing,offense_pct_m3,offense_pct_m3 Q3,2423,0.4866,0.4993,-0.0128,-1.26,-0.0729,-0.0222,-0.0089,-0.0219,720,-0.0003,-0.0819,0.2076693622426009,0.3108564258101303,False
rushing,offense_pct_m3,offense_pct_m3 Q4,2375,0.4703,0.4977,-0.0274,-2.68,-0.104,0.0026,-0.0184,-0.0482,716,0.0454,-0.1408,0.007362216018349965,0.025607707889912925,True
rushing,offense_pct_m3,offense_pct_m3 Q5 (high),2400,0.4867,0.4976,-0.0109,-1.08,-0.0652,-0.0208,-0.016,0.0014,699,-0.04,-0.0338,0.2801421801775379,0.3931820072667198,False
rushing,carry_share_m3,carry_share_m3 Q1 (low),2401,0.4765,0.4938,-0.0173,-1.71,-0.0986,-0.0272,-0.0176,-0.0161,424,-0.0243,-0.0876,0.08726587304806377,0.1594706309507764,True
rushing,carry_share_m3,carry_share_m3 Q2,2401,0.4827,0.4982,-0.0155,-1.52,-0.0731,-0.0134,-0.0133,-0.0207,711,-0.0033,-0.0815,0.1285109756378715,0.2156827563153088,False
rushing,carry_share_m3,carry_share_m3 Q3,2401,0.4519,0.4999,-0.048,-4.74,-0.1342,0.0503,-0.0534,-0.0387,877,0.0329,-0.1154,2.137182188999276e-06,4.6629429578166025e-05,True
rushing,carry_share_m3,carry_share_m3 Q4,2399,0.4802,0.5004,-0.0202,-1.98,-0.0823,-0.0044,-0.004,-0.0472,898,0.0449,-0.1337,0.04770352868301697,0.10101923721109476,False
rushing,carry_share_m3,carry_share_m3 Q5 (high),2400,0.4788,0.5008,-0.022,-2.16,-0.0865,-0.0013,-0.0247,-0.0176,898,-0.0088,-0.0754,0.030772669567850963,0.07288263845017333,True
rushing,prev_over,prev_over=0,5804,0.4843,0.4984,-0.0141,-2.15,-0.0731,-0.0191,-0.0104,-0.0215,1933,-0.0027,-0.0843,0.03155521478218093,0.07328953110700086,False
rushing,prev_over,prev_over=1,5408,0.4695,0.5003,-0.0308,-4.55,-0.1059,0.0131,-0.027,-0.0387,1764,0.0294,-0.1174,5.364591559198217e-06,8.396752005701558e-05,True
rushing,prev_margin_rel,prev_margin_rel Q1 (low),2247,0.4846,0.496,-0.0114,-1.08,-0.0674,-0.0245,-0.0038,-0.0276,714,0.0076,-0.0978,0.2801421801775379,0.3931820072667198,False
rushing,prev_margin_rel,prev_margin_rel Q2,2242,0.488,0.4998,-0.0118,-1.12,-0.0701,-0.0245,-0.0067,-0.0219,762,-0.0022,-0.0848,0.2627137620854616,0.37456219544857894,False
rushing,prev_margin_rel,prev_margin_rel Q3,2238,0.4826,0.5001,-0.0175,-1.66,-0.0784,-0.0113,-0.0224,-0.0085,780,-0.026,-0.0572,0.09691445253344577,0.17144571455548147,False
rushing,prev_margin_rel,prev_margin_rel Q4,2242,0.4737,0.501,-0.0273,-2.6,-0.0995,0.0078,-0.0167,-0.0492,736,0.0502,-0.1384,0.009322376047437464,0.029699605106880418,True
rushing,prev_margin_rel,prev_margin_rel Q5 (high),2243,0.457,0.4997,-0.0427,-4.07,-0.1291,0.0346,-0.0424,-0.0434,705,0.0373,-0.1264,4.701313773725069e-05,0.0004767529460678943,True
rushing,props_seen,props_seen Q1 (low),2822,0.4536,0.4949,-0.0414,-4.43,-0.1316,0.0306,-0.0373,-0.0615,471,0.0684,-0.1631,9.42330882369724e-06,0.00012564411764929656,True
rushing,props_seen,props_seen Q2,2026,0.4729,0.4997,-0.0268,-2.42,-0.0997,0.0031,-0.0146,-0.0877,340,0.1238,-0.2094,0.015520507101107306,0.04314581124632147,False
rushing,props_seen,props_seen Q3,2662,0.4767,0.4999,-0.0232,-2.4,-0.0936,-0.0031,-0.0158,-0.0591,453,0.0665,-0.1606,0.01639507184919231,0.04471383231597903,True
rushing,props_seen,props_seen Q4,2201,0.4789,0.5002,-0.0214,-2.01,-0.0874,-0.0046,-0.0149,-0.0363,667,0.0241,-0.1158,0.04443118885886288,0.0957798083185068,False
rushing,props_seen,props_seen Q5 (high),2375,0.4901,0.4992,-0.0091,-0.88,-0.0588,-0.024,-0.0284,-0.0044,1914,-0.0342,-0.0504,0.3788593095534243,0.4888507220044184,False
rushing,home,home=0,6011,0.4641,0.4988,-0.0346,-5.39,-0.1132,0.0206,-0.0273,-0.0506,1887,0.0524,-0.1407,7.045768368740823e-08,2.5364766127466964e-06,True
rushing,home,home=1,6075,0.4831,0.4985,-0.0154,-2.4,-0.078,-0.0176,-0.0172,-0.0116,1958,-0.0223,-0.0659,0.01639507184919231,0.04471383231597903,False
rushing,team_line,team_line Q1 (low),2422,0.4525,0.498,-0.0455,-4.51,-0.1357,0.0385,-0.0481,-0.0402,805,0.0304,-0.1188,6.482762574755441e-06,9.931040540050887e-05,True
rushing,team_line,team_line Q2,2725,0.4716,0.4981,-0.0265,-2.78,-0.0978,0.0058,-0.0221,-0.0364,842,0.0249,-0.1146,0.005435889845402553,0.0205991615194202,True
rushing,team_line,team_line Q3,2285,0.4779,0.4984,-0.0205,-1.97,-0.0863,-0.0069,-0.027,-0.0069,736,-0.0284,-0.053,0.048838370560445155,0.10251786240093444,False
rushing,team_line,team_line Q4,2438,0.4754,0.4993,-0.0239,-2.37,-0.0926,-0.0,-0.0134,-0.0475,753,0.0455,-0.137,0.017788085260673547,0.04674241382366772,False
rushing,team_line,team_line Q5 (high),2216,0.4932,0.4995,-0.0062,-0.59,-0.0617,-0.0343,0.0004,-0.0203,709,-0.0052,-0.085,0.5551906495069299,0.6436993037761506,False
rushing,total_line,total_line Q1 (low),2468,0.4631,0.4992,-0.0361,-3.6,-0.1165,0.0251,-0.0257,-0.0775,498,0.1039,-0.1941,0.0003182171803151057,0.002337922141090573,True
rushing,total_line,total_line Q2,2931,0.4609,0.4985,-0.0376,-4.1,-0.1207,0.0248,-0.0358,-0.0412,971,0.0335,-0.1238,4.131501382498293e-05,0.0004249544279141101,True
rushing,total_line,total_line Q3,2220,0.4707,0.4982,-0.0275,-2.6,-0.0986,0.0067,-0.0334,-0.0189,901,-0.0083,-0.0796,0.009322376047437464,0.029699605106880418,True
rushing,total_line,total_line Q4,2222,0.4883,0.4982,-0.0099,-0.94,-0.07,-0.0294,0.0022,-0.0422,607,0.0351,-0.1264,0.3472175606772492,0.4587094379589347,False
rushing,total_line,total_line Q5 (high),2245,0.4904,0.4988,-0.0084,-0.8,-0.0621,-0.0299,-0.0158,0.0034,868,-0.0495,-0.0336,0.4237107971667933,0.530559606887115,False
rushing,implied_tt,implied_tt Q1 (low),2471,0.4537,0.4985,-0.0449,-4.49,-0.134,0.0397,-0.0517,-0.0268,679,0.0056,-0.0943,7.122317359220531e-06,0.00010465445915589353,True
rushing,implied_tt,implied_tt Q2,2761,0.4716,0.4976,-0.026,-2.75,-0.0973,0.0034,-0.0166,-0.0478,832,0.0465,-0.1342,0.005959526470109111,0.021781010449129744,True
rushing,implied_tt,implied_tt Q3,2034,0.4685,0.4984,-0.0299,-2.71,-0.106,0.0096,-0.0285,-0.0331,614,0.0183,-0.1078,0.0067283208133384065,0.02398213359209729,True
rushing,implied_tt,implied_tt Q4,2709,0.4714,0.4993,-0.0279,-2.91,-0.0999,0.0082,-0.0173,-0.0459,1001,0.0442,-0.1324,0.00361428756161275,0.014955672668742414,True
rushing,implied_tt,implied_tt Q5 (high),2111,0.5078,0.4995,0.0084,0.77,-0.0325,-0.0626,0.0083,0.0084,719,-0.0597,-0.028,0.44129989268529934,0.5497161292965667,False
rushing,win_pct,win_pct Q1 (low),2304,0.4679,0.4988,-0.031,-2.98,-0.1071,0.0126,-0.0291,-0.0343,827,0.0189,-0.1094,0.0028824838346799275,0.013135369373224987,True
rushing,win_pct,win_pct Q2,3396,0.4844,0.4983,-0.0139,-1.63,-0.0751,-0.0206,-0.0145,-0.0124,870,-0.0195,-0.0654,0.10310149698017868,0.181056287379826,False
rushing,win_pct,win_pct Q3,1231,0.4679,0.4985,-0.0306,-2.15,-0.1058,0.0141,-0.0142,-0.0803,305,0.1095,-0.1975,0.03155521478218093,0.07328953110700086,False
rushing,win_pct,win_pct Q4,2422,0.4637,0.4985,-0.0349,-3.46,-0.1156,0.0191,-0.039,-0.0264,787,0.0056,-0.0959,0.0005401753879270554,0.0035038403541214403,True
rushing,win_pct,win_pct Q5 (high),1904,0.4811,0.499,-0.0179,-1.57,-0.0826,-0.011,-0.0021,-0.0485,647,0.0512,-0.1362,0.11641511127710591,0.2005236366495604,False
rushing,opp_win_pct,opp_win_pct Q1 (low),2270,0.4771,0.4985,-0.0215,-2.05,-0.0883,-0.0049,-0.0046,-0.0521,804,0.0567,-0.1427,0.040364430811408836,0.08969873513646408,False
rushing,opp_win_pct,opp_win_pct Q2,2310,0.4797,0.4995,-0.0199,-1.92,-0.0888,-0.0096,-0.0156,-0.0321,599,0.0142,-0.1086,0.054857899407673605,0.11252902442599715,True
rushing,opp_win_pct,opp_win_pct Q3,2438,0.468,0.4978,-0.0298,-2.95,-0.1054,0.0103,-0.0308,-0.0266,609,0.0053,-0.0978,0.0031777392947296423,0.01429982682628339,True
rushing,opp_win_pct,opp_win_pct Q4,1997,0.4822,0.4979,-0.0157,-1.41,-0.0793,-0.0166,-0.0108,-0.0257,654,0.0084,-0.0884,0.15853968290678466,0.2547959189573325,False
rushing,opp_win_pct,opp_win_pct Q5 (high),2242,0.4652,0.4993,-0.0341,-3.24,-0.1108,0.0192,-0.0372,-0.0281,770,0.0088,-0.0961,0.0011952969958688442,0.0064707807295155476,True
rushing,opp_allow_rel,opp_allow_rel Q1 (low),2252,0.448,0.4965,-0.0484,-4.64,-0.1436,0.0469,-0.0559,-0.0323,713,0.0162,-0.1096,3.484091780636689e-06,6.268555417981199e-05,True
rushing,opp_allow_rel,opp_allow_rel Q2,2252,0.4645,0.4997,-0.0352,-3.35,-0.116,0.0189,-0.0426,-0.016,629,-0.014,-0.0739,0.0008081156037280657,0.004930874870205147,True
rushing,opp_allow_rel,opp_allow_rel Q3,2251,0.494,0.4998,-0.0058,-0.55,-0.0568,-0.0353,-0.0055,-0.0062,701,-0.031,-0.0503,0.5823193735766927,0.6623537898502666,False
rushing,opp_allow_rel,opp_allow_rel Q4,2250,0.4902,0.4993,-0.0091,-0.87,-0.0652,-0.0294,-0.0011,-0.0276,683,0.0074,-0.0989,0.3843004042073923,0.4941005196952187,False
rushing,opp_allow_rel,opp_allow_rel Q5 (high),2252,0.4742,0.4978,-0.0236,-2.25,-0.0932,-0.0002,0.0042,-0.0838,710,0.1175,-0.2025,0.024448945310089343,0.06007931953332535,False
rushing,opp_pass_epa_allowed,opp_pass_epa_allowed Q1 (low),2089,0.4677,0.4977,-0.03,-2.75,-0.106,0.0108,-0.0228,-0.0523,506,0.0544,-0.1407,0.005959526470109111,0.021781010449129744,True
rushing,opp_pass_epa_allowed,opp_pass_epa_allowed Q2,2090,0.4718,0.4985,-0.0267,-2.46,-0.0989,0.0035,-0.0286,-0.0218,566,-0.0018,-0.0832,0.013893701577248674,0.04001386054247618,True
rushing,opp_pass_epa_allowed,opp_pass_epa_allowed Q3,2077,0.4733,0.4997,-0.0264,-2.42,-0.0983,0.004,-0.0219,-0.041,489,0.0359,-0.1218,0.015520507101107306,0.04314581124632147,True
rushing,opp_pass_epa_allowed,opp_pass_epa_allowed Q4,2085,0.4921,0.4985,-0.0064,-0.59,-0.0624,-0.0349,-0.0213,0.0318,585,-0.1061,0.0144,0.5551906495069299,0.6436993037761506,False
rushing,opp_pass_epa_allowed,opp_pass_epa_allowed Q5 (high),2086,0.4741,0.4983,-0.0242,-2.22,-0.0958,0.0005,-0.0089,-0.0451,880,0.0425,-0.1306,0.02641876761451245,0.06404549724730291,False
rushing,opp_rush_epa_allowed,opp_rush_epa_allowed Q1 (low),2088,0.4435,0.4993,-0.0558,-5.15,-0.1542,0.0615,-0.0511,-0.0735,439,0.0964,-0.1825,2.604864590693978e-07,7.502010021198657e-06,True
rushing,opp_rush_epa_allowed,opp_rush_epa_allowed Q2,2085,0.505,0.4988,0.0063,0.58,-0.0355,-0.059,0.0036,0.0127,617,-0.0683,-0.0173,0.5619146177971288,0.6473256397022924,False
rushing,opp_rush_epa_allowed,opp_rush_epa_allowed Q3,2087,0.4878,0.4986,-0.0109,-1.0,-0.0716,-0.0274,-0.0137,-0.0042,625,-0.0369,-0.0525,0.31731050786291415,0.4278343926241539,False
rushing,opp_rush_epa_allowed,opp_rush_epa_allowed Q4,2082,0.4803,0.4985,-0.0182,-1.67,-0.0857,-0.0127,-0.0173,-0.0207,569,-0.0047,-0.0844,0.0949193636058947,0.16874553529936837,True
rushing,opp_rush_epa_allowed,opp_rush_epa_allowed Q5 (high),2085,0.4624,0.4974,-0.0351,-3.22,-0.1145,0.0213,-0.0245,-0.053,776,0.058,-0.1453,0.0012819059673201405,0.006836831825707416,True
rushing,opp_ypt_allowed,opp_ypt_allowed Q1 (low),2067,0.4785,0.4981,-0.0196,-1.79,-0.0837,-0.0078,-0.014,-0.0336,589,0.0206,-0.1071,0.07345391139745261,0.13991221218562402,False
rushing,opp_ypt_allowed,opp_ypt_allowed Q2,2059,0.4818,0.4988,-0.017,-1.55,-0.081,-0.0157,-0.0077,-0.0385,625,0.0281,-0.1171,0.12114151600411804,0.2061983251133924,False
rushing,opp_ypt_allowed,opp_ypt_allowed Q3,2068,0.4676,0.4985,-0.0309,-2.83,-0.1089,0.0109,-0.0337,-0.0252,696,0.004,-0.0925,0.0046548004134630006,0.01811597998753168,True
rushing,opp_ypt_allowed,opp_ypt_allowed Q4,2060,0.4748,0.4987,-0.0239,-2.18,-0.0956,-0.0006,-0.0328,0.0016,531,-0.0443,-0.0362,0.029257461551978503,0.07021790772474841,False
rushing,opp_ypt_allowed,opp_ypt_allowed Q5 (high),2054,0.4761,0.4986,-0.0224,-2.04,-0.0928,-0.0026,-0.0157,-0.0409,549,0.0321,-0.1263,0.04135032573214015,0.09076900770469788,True
rushing,questionable,questionable=0,11616,0.4748,0.4986,-0.0238,-5.15,-0.0933,-0.0006,-0.0208,-0.0301,3731,0.013,-0.1012,2.604864590693978e-07,7.502010021198657e-06,True
rushing,questionable,questionable=1,470,0.4468,0.4998,-0.053,-2.32,-0.1517,0.0511,-0.0529,-0.0531,114,0.0593,-0.1481,0.02034087733743939,0.05175064198924509,True
rushing,limited_or_dnp,limited_or_dnp=0,11393,0.4735,0.4986,-0.0251,-5.37,-0.0956,0.0019,-0.0226,-0.0303,3686,0.0136,-0.1014,7.873664209512299e-08,2.699542014689931e-06,True
rushing,limited_or_dnp,limited_or_dnp=1,693,0.4762,0.4988,-0.0226,-1.2,-0.0943,-0.0069,-0.0173,-0.0406,159,0.0302,-0.1309,0.23013934044341644,0.3374752039088795,True
rushing,vacated_target_share,vacated_target_share=0,12086,0.4737,0.4986,-0.0249,-5.5,-0.0955,0.0014,-0.0222,-0.0307,3845,0.0143,-0.1026,3.797912495606681e-08,1.607734967379315e-06,True
rushing,vacated_carry_share,vacated_carry_share=0,12086,0.4737,0.4986,-0.0249,-5.5,-0.0955,0.0014,-0.0222,-0.0307,3845,0.0143,-0.1026,3.797912495606681e-08,1.607734967379315e-06,True
rushing,dome,dome=0,8202,0.4684,0.4986,-0.0302,-5.49,-0.1052,0.0123,-0.0313,-0.0278,2633,0.0094,-0.0966,4.019337418448288e-08,1.607734967379315e-06,True
rushing,dome,dome=1,3884,0.4848,0.4986,-0.0138,-1.73,-0.0752,-0.0215,-0.0032,-0.0372,1212,0.0251,-0.1157,0.0836302752271898,0.1547912549192202,False
rushing,wind_mph,wind_mph Q1 (low),1664,0.4543,0.4987,-0.0443,-3.64,-0.132,0.0395,-0.0396,-0.0528,598,0.0569,-0.1446,0.0002726380408915041,0.002088291377041308,True
rushing,wind_mph,wind_mph Q2,1693,0.4855,0.498,-0.0124,-1.03,-0.0713,-0.0231,-0.0128,-0.0117,595,-0.0219,-0.064,0.30301000557668734,0.41794483527818943,False
rushing,wind_mph,wind_mph Q3,1477,0.4489,0.4994,-0.0505,-3.91,-0.1444,0.0511,-0.0516,-0.0487,558,0.0492,-0.1382,9.229612111250063e-05,0.0008743843052763218,True
rushing,wind_mph,wind_mph Q4,1362,0.4787,0.4985,-0.0198,-1.47,-0.0883,-0.01,-0.0211,-0.0164,381,-0.0155,-0.0772,0.14156175398337112,0.2337717038257505,True
rushing,wind_mph,wind_mph Q5 (high),1534,0.4713,0.498,-0.0267,-2.1,-0.0982,0.0063,-0.0406,0.0039,479,-0.0496,-0.036,0.035728841125633126,0.0814074861090375,False
rushing,temp_f,temp_f Q1 (low),1551,0.4919,0.4999,-0.008,-0.63,-0.0613,-0.0291,-0.0049,-0.014,531,-0.0156,-0.0675,0.5286945842313551,0.6260856918529205,False
rushing,temp_f,temp_f Q2,1655,0.4785,0.499,-0.0205,-1.67,-0.087,-0.0074,-0.0203,-0.0211,395,-0.0053,-0.0854,0.0949193636058947,0.16874553529936837,True
rushing,temp_f,temp_f Q3,1480,0.4649,0.499,-0.0341,-2.63,-0.1131,0.0202,-0.0309,-0.0404,506,0.0352,-0.1202,0.008538486818178592,0.02781769461126057,True
rushing,temp_f,temp_f Q4,1568,0.4426,0.4981,-0.0555,-4.44,-0.154,0.0587,-0.0732,-0.0233,557,-0.0018,-0.089,8.99588777714122e-06,0.00012220828678380526,True
rushing,temp_f,temp_f Q5 (high),1476,0.46,0.4963,-0.0363,-2.81,-0.1198,0.0227,-0.0382,-0.0337,622,0.0198,-0.1098,0.004954149997571822,0.01897334041623251,True
rushing,div_game,div_game=0,8226,0.4741,0.4986,-0.0245,-4.46,-0.095,0.0005,-0.0227,-0.0283,2632,0.0091,-0.0982,8.195965293333884e-06,0.00011348259636923841,True
rushing,div_game,div_game=1,3860,0.4728,0.4986,-0.0258,-3.22,-0.0967,0.0034,-0.0212,-0.036,1213,0.0256,-0.1121,0.0012819059673201405,0.006836831825707416,True
rushing,primetime,primetime=0,9121,0.4747,0.4986,-0.0239,-4.58,-0.0946,-0.0012,-0.0194,-0.0336,2876,0.0197,-0.1085,4.649759299812928e-06,7.439614879700684e-05,True
rushing,primetime,primetime=1,2965,0.4705,0.4986,-0.0281,-3.07,-0.0986,0.0093,-0.031,-0.0223,969,-0.0016,-0.0852,0.0021405877093578773,0.01034377953515216,True
rushing,week,week Q1 (low),2901,0.4709,0.4979,-0.027,-2.92,-0.0975,0.0073,-0.0229,-0.0324,1245,0.0159,-0.107,0.0035003138573521664,0.014652476612171858,True
rushing,week,week Q2,2349,0.4606,0.4978,-0.0371,-3.62,-0.1201,0.0252,-0.0303,-0.0514,757,0.0554,-0.1445,0.0002946030158148538,0.002232780751438892,True
rushing,week,week Q3,2498,0.4812,0.4987,-0.0175,-1.76,-0.0825,-0.0153,-0.0187,-0.0146,721,-0.0177,-0.0709,0.07840780657496538,0.14739848755607068,False
rushing,week,week Q4,2059,0.4837,0.4988,-0.0151,-1.37,-0.0782,-0.0182,-0.0156,-0.0137,564,-0.0178,-0.0689,0.17068690164393407,0.27009795424974187,False
rushing,week,week Q5 (high),2279,0.4735,0.5002,-0.0267,-2.56,-0.0978,0.0055,-0.0234,-0.037,558,0.0289,-0.1111,0.010467216327111561,0.032345046161031434,True
passing,fair_over,fair_over Q1 (low),1645,0.4195,0.4213,-0.0018,-0.15,-0.024,-0.0291,-0.0009,-0.0035,612,-0.0228,-0.0202,0.880764615259515,0.9124467956645335,False
passing,fair_over,fair_over Q2,1644,0.4641,0.4853,-0.0211,-1.72,-0.0702,0.0089,-0.0115,-0.0374,612,0.0429,-0.1001,0.08543244158265795,0.156916729437535,False
passing,fair_over,fair_over Q3,1644,0.4915,0.4993,-0.0078,-0.63,-0.0598,-0.0297,0.0058,-0.0278,666,0.0098,-0.097,0.5286945842313551,0.6260856918529205,False
passing,fair_over,fair_over Q4,1644,0.5134,0.5113,0.0021,0.17,-0.0282,-0.0342,0.0045,-0.0021,605,-0.0271,-0.0323,0.8650101366499232,0.901313022269095,False
passing,fair_over,fair_over Q5 (high),1645,0.5775,0.5669,0.0106,0.88,-0.0141,-0.046,0.0087,0.015,502,-0.0474,-0.0015,0.3788593095534243,0.4888507220044184,False
passing,n_books,n_books Q1 (low),1860,0.5059,0.502,0.0039,0.34,-0.0242,-0.0363,0.0092,-0.0336,231,0.0411,-0.1019,0.7338565279279439,0.7874466469569591,False
passing,n_books,n_books Q2,1835,0.4834,0.4982,-0.0148,-1.28,-0.0628,-0.0082,-0.0196,0.0015,415,-0.0306,-0.0197,0.20054513590888412,0.3039842060092559,False
passing,n_books,n_books Q3,1787,0.4992,0.4941,0.0051,0.44,-0.024,-0.0462,0.0126,-0.0026,880,-0.0299,-0.037,0.6599371073211873,0.7321336167507778,False
passing,n_books,n_books Q4,1755,0.4843,0.4957,-0.0113,-0.96,-0.0541,-0.0101,0.0061,-0.0394,672,0.0418,-0.1089,0.33705521493367563,0.4494069532449008,False
passing,n_books,n_books Q5 (high),985,0.4924,0.4915,0.0009,0.06,-0.0248,-0.0318,0.0121,-0.0017,799,-0.025,-0.0264,0.9521556346917863,0.9642082376625684,False
passing,exch_gap,exch_gap Q1 (low),520,0.4423,0.4965,-0.0542,-2.49,-0.1274,0.0837,0.0026,-0.0579,488,0.0898,-0.1372,0.01277430952988623,0.03800621017156233,False
passing,exch_gap,exch_gap Q2,519,0.4509,0.4878,-0.037,-1.7,-0.1022,0.0422,0.0439,-0.0405,497,0.0498,-0.1092,0.08913092551708601,0.1616480261267051,False
passing,exch_gap,exch_gap Q3,519,0.5183,0.4871,0.0312,1.43,0.0422,-0.0867,0.1882,0.0252,500,-0.0752,0.0309,0.15271701907347834,0.24764922011915405,True
passing,exch_gap,exch_gap Q4,519,0.4875,0.495,-0.0076,-0.35,-0.0403,-0.0219,-0.0335,-0.0067,502,-0.0234,-0.0382,0.7263386976487618,0.7852310244851478,False
passing,exch_gap,exch_gap Q5 (high),519,0.5106,0.503,0.0076,0.35,-0.011,-0.0425,-0.1128,0.0139,493,-0.0549,0.0018,0.7263386976487618,0.7852310244851478,False
passing,l1_vs_line,l1_vs_line Q1 (low),1632,0.4724,0.4933,-0.0208,-1.7,-0.0653,0.0125,-0.0395,0.012,592,-0.0516,0.0027,0.08913092551708601,0.1616480261267051,False
passing,l1_vs_line,l1_vs_line Q2,1641,0.4942,0.4838,0.0104,0.85,-0.013,-0.0558,0.0343,-0.0283,626,0.0231,-0.0818,0.39532508624538476,0.5046703228664486,False
passing,l1_vs_line,l1_vs_line Q3,1631,0.4801,0.4995,-0.0194,-1.57,-0.074,0.0022,-0.0199,-0.0185,587,0.0014,-0.071,0.11641511127710591,0.2005236366495604,True
passing,l1_vs_line,l1_vs_line Q4,1641,0.4924,0.4915,0.0009,0.07,-0.0322,-0.0378,0.0083,-0.0129,574,-0.0136,-0.0589,0.9441936596389577,0.9588426444852602,False
passing,l1_vs_line,l1_vs_line Q5 (high),1615,0.5282,0.5159,0.0123,1.0,-0.0081,-0.054,0.0234,-0.0066,600,-0.0126,-0.0417,0.31731050786291415,0.4278343926241539,False
passing,m3_vs_line,m3_vs_line Q1 (low),1687,0.4635,0.4778,-0.0143,-1.19,-0.0514,-0.0008,-0.0186,-0.0067,610,-0.0167,-0.034,0.23404639204621747,0.3411202475167542,False
passing,m3_vs_line,m3_vs_line Q2,1539,0.4776,0.4904,-0.0128,-1.01,-0.0606,-0.0125,-0.0095,-0.0185,557,-0.0007,-0.0698,0.3124952900425091,0.42452190345397456,False
passing,m3_vs_line,m3_vs_line Q3,1609,0.5146,0.499,0.0156,1.25,-0.0067,-0.0664,0.0216,0.0042,559,-0.045,-0.0253,0.2112995473337107,0.3143299051245283,False
passing,m3_vs_line,m3_vs_line Q4,1612,0.4721,0.4951,-0.023,-1.85,-0.0749,0.0129,-0.0179,-0.0309,631,0.0291,-0.0899,0.06431354959122748,0.12686508412516107,True
passing,m3_vs_line,m3_vs_line Q5 (high),1612,0.531,0.5209,0.0101,0.83,-0.0134,-0.0507,0.0238,-0.0136,589,0.004,-0.0513,0.4065387836561367,0.516239725277634,False
passing,m8_vs_line,m8_vs_line Q1 (low),1585,0.4486,0.471,-0.0224,-1.81,-0.0749,0.0083,-0.0182,-0.0302,561,0.0182,-0.0919,0.0702957871680776,0.1356915998954849,True
passing,m8_vs_line,m8_vs_line Q2,1584,0.5051,0.4887,0.0163,1.3,0.0016,-0.0646,0.0166,0.0159,590,-0.0627,0.0041,0.1936009691712206,0.2959505261216111,True
passing,m8_vs_line,m8_vs_line Q3,1585,0.4946,0.4964,-0.0017,-0.14,-0.0392,-0.0336,-0.0007,-0.0036,567,-0.0245,-0.0371,0.8886599903881871,0.9179844950925319,False
passing,m8_vs_line,m8_vs_line Q4,1583,0.4763,0.4992,-0.0229,-1.83,-0.0812,0.0092,-0.0165,-0.0334,597,0.0282,-0.0998,0.06724993883925667,0.13157596729419785,True
passing,m8_vs_line,m8_vs_line Q5 (high),1584,0.5366,0.5254,0.0112,0.9,-0.0051,-0.0476,0.0233,-0.0096,584,0.0012,-0.0379,0.36812025069351906,0.4810282767683008,False
passing,hit_rate_l8,hit_rate_l8 Q1 (low),1677,0.4639,0.4769,-0.013,-1.08,-0.056,-0.0093,-0.0116,-0.0156,588,-0.0072,-0.0633,0.2801421801775379,0.3931820072667198,False
passing,hit_rate_l8,hit_rate_l8 Q2,1705,0.4827,0.4869,-0.0042,-0.35,-0.037,-0.0224,0.0056,-0.0207,632,0.0146,-0.0596,0.7263386976487618,0.7852310244851478,False
passing,hit_rate_l8,hit_rate_l8 Q3,2020,0.5035,0.4988,0.0047,0.42,-0.0261,-0.0443,0.0024,0.0083,774,-0.0473,-0.0141,0.674485453696499,0.7448305623642321,False
passing,hit_rate_l8,hit_rate_l8 Q4,1492,0.5181,0.5091,0.009,0.7,-0.0185,-0.0539,0.0168,-0.0059,513,-0.0309,-0.0509,0.48392730444614607,0.5905553545783477,False
passing,hit_rate_l8,hit_rate_l8 Q5 (high),883,0.496,0.5192,-0.0232,-1.39,-0.0741,0.0169,-0.0064,-0.0501,339,0.0811,-0.117,0.16452887735533794,0.26208139755717547,False
passing,hot,hot Q1 (low),1574,0.4822,0.4917,-0.0094,-0.75,-0.0417,-0.0093,-0.0154,0.0001,600,-0.0247,-0.0132,0.4532547047537365,0.5607274697984369,False
passing,hot,hot Q2,1573,0.5016,0.4978,0.0037,0.3,-0.0254,-0.0396,0.019,-0.0244,552,0.016,-0.0806,0.7641771556220949,0.8163316795963032,False
passing,hot,hot Q3,1574,0.4854,0.4985,-0.0131,-1.04,-0.0578,-0.008,-0.0217,0.0033,543,-0.0371,-0.0204,0.2983399006619627,0.41468094300504466,False
passing,hot,hot Q4,1572,0.4847,0.4994,-0.0147,-1.18,-0.0682,-0.0107,-0.006,-0.0293,585,0.0214,-0.0928,0.23800021491040146,0.34548418293445377,False
passing,hot,hot Q5 (high),1574,0.5064,0.4936,0.0127,1.03,-0.0078,-0.058,0.0256,-0.0084,596,-0.0184,-0.0504,0.30301000557668734,0.41794483527818943,False
passing,cv8,cv8 Q1 (low),1547,0.4919,0.4998,-0.0079,-0.62,-0.0488,-0.0191,-0.0105,-0.0032,551,-0.0254,-0.0362,0.535257786937966,0.6276638543897973,False
passing,cv8,cv8 Q2,1546,0.4929,0.4992,-0.0063,-0.5,-0.0501,-0.0254,0.0138,-0.0384,594,0.0394,-0.1104,0.6170750774519738,0.6931264520521391,False
passing,cv8,cv8 Q3,1547,0.4842,0.4969,-0.0127,-1.01,-0.0587,-0.0111,0.0004,-0.0373,540,0.039,-0.1026,0.3124952900425091,0.42452190345397456,False
passing,cv8,cv8 Q4,1584,0.5082,0.4929,0.0153,1.23,0.0012,-0.0602,0.016,0.0141,601,-0.054,0.0039,0.21869710485138372,0.3233304219568712,False
passing,cv8,cv8 Q5 (high),1509,0.4831,0.4904,-0.0073,-0.58,-0.042,-0.0145,-0.0125,0.0018,542,-0.033,-0.0194,0.5619146177971288,0.6473256397022924,False
passing,season_gp,season_gp Q1 (low),2163,0.485,0.4985,-0.0135,-1.27,-0.0609,-0.0092,-0.0028,-0.028,915,0.0171,-0.089,0.20408463014963818,0.30869944056247794,False
passing,season_gp,season_gp Q2,1287,0.5206,0.4998,0.0208,1.51,0.0039,-0.0755,0.0284,0.0078,472,-0.0434,-0.0123,0.13104342417783288,0.2194215474605574,False
passing,season_gp,season_gp Q3,1612,0.5118,0.4979,0.0139,1.13,-0.0035,-0.0599,0.0114,0.0189,544,-0.0653,0.0153,0.2584762244800358,0.3699858481622779,False
passing,season_gp,season_gp Q4,1618,0.4635,0.4949,-0.0313,-2.54,-0.0918,0.0289,-0.018,-0.0568,557,0.0853,-0.1361,0.0110852468861653,0.033535200664029485,True
passing,season_gp,season_gp Q5 (high),1542,0.4935,0.493,0.0006,0.04,-0.027,-0.0305,-0.005,0.0118,509,-0.0561,-0.0074,0.9680931262943384,0.9748630082963967,False
passing,carry_share_m3,carry_share_m3 Q1 (low),1633,0.515,0.5019,0.0131,1.07,-0.0065,-0.0591,0.027,-0.0052,707,-0.0227,-0.0417,0.28461930871187846,0.3986885258220865,False
passing,carry_share_m3,carry_share_m3 Q2,1632,0.5025,0.4982,0.0042,0.34,-0.0295,-0.0442,0.0069,-0.0018,500,-0.0312,-0.0368,0.7338565279279439,0.7874466469569591,False
passing,carry_share_m3,carry_share_m3 Q3,1632,0.5061,0.4986,0.0075,0.61,-0.0165,-0.0474,0.0099,0.0032,578,-0.038,-0.0228,0.5418618075660113,0.6343747991016718,False
passing,carry_share_m3,carry_share_m3 Q4,1633,0.4801,0.4942,-0.0141,-1.15,-0.0596,-0.0037,-0.0171,-0.0092,612,-0.0119,-0.0456,0.2501438712743005,0.3609290327003935,False
passing,carry_share_m3,carry_share_m3 Q5 (high),1630,0.4632,0.4906,-0.0274,-2.23,-0.0807,0.0216,-0.0193,-0.042,582,0.052,-0.1051,0.025747442877203985,0.06305496214825466,True
passing,prev_over,prev_over=0,3887,0.4844,0.4924,-0.008,-1.0,-0.0443,-0.0152,-0.0072,-0.0092,1480,-0.0087,-0.0402,0.31731050786291415,0.4278343926241539,False
passing,prev_over,prev_over=1,3867,0.5006,0.4998,0.0008,0.11,-0.033,-0.0363,0.0122,-0.0185,1430,0.0004,-0.0711,0.9124093749153663,0.9358044870926835,False
passing,prev_margin_rel,prev_margin_rel Q1 (low),1553,0.4681,0.4906,-0.0225,-1.79,-0.0674,0.0164,-0.042,0.0109,573,-0.046,0.0041,0.07345391139745261,0.13991221218562402,False
passing,prev_margin_rel,prev_margin_rel Q2,1552,0.4948,0.4906,0.0043,0.34,-0.0224,-0.0413,0.0239,-0.0257,614,0.024,-0.0706,0.7338565279279439,0.7874466469569591,False
passing,prev_margin_rel,prev_margin_rel Q3,1549,0.4893,0.4997,-0.0104,-0.82,-0.056,-0.015,-0.0073,-0.0152,601,-0.005,-0.0648,0.41221610717162616,0.5206940301115278,False
passing,prev_margin_rel,prev_margin_rel Q4,1549,0.5016,0.4935,0.0081,0.65,-0.0194,-0.053,0.0206,-0.0151,540,-0.0109,-0.0677,0.5156922216117295,0.6178009976047341,False
passing,prev_margin_rel,prev_margin_rel Q5 (high),1551,0.5087,0.5062,0.0025,0.2,-0.0279,-0.0356,0.0178,-0.0228,582,0.0141,-0.0765,0.841480581121794,0.8793411007368529,False
passing,over_rate_l5,over_rate_l5 Q1 (low),1497,0.4756,0.4875,-0.0118,-0.92,-0.0509,-0.0106,-0.0212,0.0042,552,-0.0368,-0.0132,0.35757275922874343,0.4698036252640425,False
passing,over_rate_l5,over_rate_l5 Q2,1962,0.4822,0.4927,-0.0105,-0.94,-0.0497,-0.0091,-0.0065,-0.0153,898,0.0004,-0.0586,0.3472175606772492,0.4587094379589347,False
passing,over_rate_l5,over_rate_l5 Q3,2033,0.4963,0.4965,-0.0002,-0.02,-0.0342,-0.035,0.0136,-0.0215,800,0.0086,-0.0699,0.9840433725661961,0.9895408215749458,False
passing,over_rate_l5,over_rate_l5 Q4,151,0.543,0.5042,0.0389,0.96,0.0509,-0.0995,0.0114,0.1774,25,-0.3816,0.3142,0.33705521493367563,0.4494069532449008,False
passing,over_rate_l5,over_rate_l5 Q5 (high),1322,0.4796,0.5047,-0.0252,-1.85,-0.086,0.0126,-0.02,-0.0339,492,0.033,-0.1015,0.06431354959122748,0.12686508412516107,True
passing,props_seen,props_seen Q1 (low),1924,0.5275,0.5042,0.0234,2.07,0.0086,-0.0816,0.0244,0.0188,344,-0.0713,0.0066,0.03845234445503465,0.0859803975392079,True
passing,props_seen,props_seen Q2,1365,0.4974,0.4964,0.001,0.08,-0.0335,-0.0376,0.0094,-0.0317,277,0.0294,-0.0977,0.9362372559720251,0.9521056840393476,False
passing,props_seen,props_seen Q3,1722,0.4803,0.4963,-0.0161,-1.34,-0.0643,-0.0009,-0.0159,-0.0169,282,-0.0075,-0.073,0.18024534492890476,0.28029513682248686,True
passing,props_seen,props_seen Q4,1575,0.4711,0.4944,-0.0233,-1.86,-0.0753,0.0133,-0.0144,-0.0354,664,0.0376,-0.0994,0.06288552596150532,0.12507618423282826,False
passing,props_seen,props_seen Q5 (high),1636,0.4841,0.4913,-0.0072,-0.59,-0.0392,-0.0154,-0.0248,-0.0047,1430,-0.0195,-0.033,0.5551906495069299,0.6436993037761506,False
passing,home,home=0,4100,0.4815,0.4977,-0.0162,-2.09,-0.0634,-0.0019,-0.0147,-0.0188,1492,0.002,-0.0664,0.03661779970331791,0.0829082257433613,False
passing,home,home=1,4122,0.5049,0.496,0.0089,1.15,-0.0153,-0.05,0.0175,-0.0062,1505,-0.0162,-0.0395,0.2501438712743005,0.3609290327003935,False
passing,team_line,team_line Q1 (low),1684,0.4982,0.5093,-0.0111,-0.92,-0.0544,-0.011,0.0,-0.0274,682,0.0204,-0.0873,0.35757275922874343,0.4698036252640425,False
passing,team_line,team_line Q2,1913,0.5076,0.4968,0.0108,0.95,-0.0121,-0.0546,0.004,0.0237,654,-0.0853,0.0108,0.34211225261696354,0.45446646104098476,False
passing,team_line,team_line Q3,1550,0.4768,0.4932,-0.0164,-1.3,-0.064,-0.003,-0.0186,-0.0125,551,-0.0044,-0.0481,0.1936009691712206,0.2959505261216111,False
passing,team_line,team_line Q4,1621,0.4793,0.4921,-0.0127,-1.03,-0.0576,-0.0083,-0.003,-0.0317,552,0.0314,-0.0913,0.30301000557668734,0.41794483527818943,False
passing,team_line,team_line Q5 (high),1454,0.5014,0.4915,0.0099,0.76,-0.0105,-0.0503,0.027,-0.0175,558,0.0099,-0.0523,0.44725458487519876,0.5552125881209363,False
passing,total_line,total_line Q1 (low),1763,0.5031,0.5019,0.0012,0.11,-0.035,-0.0361,0.0113,-0.0262,472,0.0166,-0.0852,0.9124093749153663,0.9358044870926835,False
passing,total_line,total_line Q2,2027,0.4884,0.4933,-0.0049,-0.45,-0.0376,-0.0224,0.0119,-0.0323,772,0.0341,-0.0885,0.6527104405758399,0.7263547406717229,False
passing,total_line,total_line Q3,1574,0.4803,0.4927,-0.0124,-0.99,-0.0534,-0.0055,-0.0039,-0.0241,663,0.0242,-0.0671,0.3221741190216618,0.43277120465596364,False
passing,total_line,total_line Q4,1274,0.5055,0.4963,0.0092,0.67,-0.0154,-0.0553,0.0161,-0.0035,444,-0.0342,-0.0448,0.5028577901906202,0.6085001830878093,False
passing,total_line,total_line Q5 (high),1584,0.4912,0.5001,-0.009,-0.72,-0.0512,-0.0164,-0.0338,0.0271,646,-0.0873,0.0223,0.47152499555850236,0.579348117409764,False
passing,implied_tt,implied_tt Q1 (low),1810,0.511,0.5139,-0.0028,-0.24,-0.0406,-0.0272,0.006,-0.0196,626,0.0013,-0.0769,0.8103302566044084,0.8529792174783246,False
passing,implied_tt,implied_tt Q2,1497,0.4783,0.4888,-0.0105,-0.82,-0.0552,-0.017,0.0017,-0.0334,520,0.0361,-0.089,0.41221610717162616,0.5206940301115278,False
passing,implied_tt,implied_tt Q3,1748,0.5149,0.4874,0.0275,2.31,0.0251,-0.0868,0.0197,0.0438,566,-0.1165,0.0591,0.020888154123902103,0.052770073576173734,True
passing,implied_tt,implied_tt Q4,1555,0.4566,0.4948,-0.0382,-3.03,-0.1041,0.0452,-0.033,-0.0455,651,0.0572,-0.1154,0.00244553738718456,0.011433681290733008,True
passing,implied_tt,implied_tt Q5 (high),1612,0.4988,0.4972,0.0015,0.13,-0.0302,-0.036,0.0055,-0.0045,634,-0.0194,-0.0353,0.8965664266908777,0.9235018987373848,False
passing,win_pct,win_pct Q1 (low),1611,0.5102,0.5042,0.0061,0.49,-0.0279,-0.0516,0.0095,0.0013,674,-0.0421,-0.0368,0.6241338988347811,0.699963251029661,False
passing,win_pct,win_pct Q2,1452,0.4835,0.5006,-0.0171,-1.31,-0.0602,0.0061,-0.0132,-0.0265,422,0.0254,-0.073,0.19019583559047826,0.2919850780919922,False
passing,win_pct,win_pct Q3,1723,0.4968,0.4957,0.0011,0.09,-0.0277,-0.0344,0.0294,-0.0698,491,0.1099,-0.1618,0.9282872148296557,0.9480380066345421,False
passing,win_pct,win_pct Q4,1302,0.5246,0.492,0.0325,2.37,0.0308,-0.0969,0.0413,0.0192,517,-0.0679,0.0122,0.017788085260673547,0.04674241382366772,True
passing,win_pct,win_pct Q5 (high),1517,0.4898,0.4914,-0.0016,-0.13,-0.0342,-0.0301,-0.0178,0.024,587,-0.0772,0.0226,0.8965664266908777,0.9235018987373848,False
passing,opp_win_pct,opp_win_pct Q1 (low),1582,0.4785,0.4926,-0.0141,-1.13,-0.0617,-0.0114,-0.0001,-0.0347,640,0.0316,-0.0987,0.2584762244800358,0.3699858481622779,False
passing,opp_win_pct,opp_win_pct Q2,1527,0.5075,0.4937,0.0138,1.08,-0.006,-0.054,0.0167,0.007,454,-0.0373,-0.0083,0.2801421801775379,0.3931820072667198,False
passing,opp_win_pct,opp_win_pct Q3,1641,0.5088,0.4982,0.0106,0.86,-0.0074,-0.0519,0.0146,0.0007,473,-0.0197,-0.0187,0.3897890425036168,0.4993738622822137,False
passing,opp_win_pct,opp_win_pct Q4,1339,0.4989,0.5002,-0.0013,-0.1,-0.0373,-0.0331,-0.0061,0.0058,541,-0.0479,-0.0212,0.920344325445942,0.942600162618888,False
passing,opp_win_pct,opp_win_pct Q5 (high),1516,0.5086,0.5004,0.0082,0.64,-0.0151,-0.0496,0.0187,-0.0086,583,-0.0207,-0.0484,0.5221725993857231,0.6245253680360808,False
passing,opp_allow_rel,opp_allow_rel Q1 (low),1521,0.478,0.492,-0.014,-1.11,-0.0591,-0.0068,-0.0063,-0.028,543,0.0176,-0.0867,0.26699902648549445,0.3784238170660551,False
passing,opp_allow_rel,opp_allow_rel Q2,1522,0.4809,0.4951,-0.0141,-1.11,-0.0527,-0.0044,0.0058,-0.0504,540,0.0676,-0.1242,0.26699902648549445,0.3784238170660551,False
passing,opp_allow_rel,opp_allow_rel Q3,1521,0.5043,0.4966,0.0076,0.6,-0.0227,-0.0514,0.0108,0.001,487,-0.0391,-0.0333,0.5485062355001471,0.6400721062562494,False
passing,opp_allow_rel,opp_allow_rel Q4,1521,0.5273,0.4989,0.0284,2.22,0.0248,-0.0866,0.0275,0.03,547,-0.0849,0.0378,0.02641876761451245,0.06404549724730291,True
passing,opp_allow_rel,opp_allow_rel Q5 (high),1520,0.5118,0.5021,0.0098,0.77,-0.0163,-0.0515,0.0105,0.0087,574,-0.0429,-0.0101,0.44129989268529934,0.5497161292965667,False
passing,opp_pass_epa_allowed,opp_pass_epa_allowed Q1 (low),1404,0.5078,0.5017,0.0062,0.47,-0.0176,-0.0455,0.0102,-0.0037,405,-0.0215,-0.0291,0.6383550175651116,0.7125823451889618,False
passing,opp_pass_epa_allowed,opp_pass_epa_allowed Q2,1397,0.4796,0.4966,-0.017,-1.29,-0.0683,-0.0029,0.011,-0.0738,462,0.1067,-0.1783,0.19705065809949573,0.2993174553410062,False
passing,opp_pass_epa_allowed,opp_pass_epa_allowed Q3,1401,0.5011,0.4972,0.0038,0.29,-0.0279,-0.0419,-0.0047,0.026,389,-0.0835,0.0204,0.7718162376022453,0.8232706534423949,False
passing,opp_pass_epa_allowed,opp_pass_epa_allowed Q4,1400,0.5279,0.4972,0.0306,2.3,0.0324,-0.0876,0.0393,0.0128,460,-0.0513,0.0013,0.021448220043351673,0.053620550108379184,False
passing,opp_pass_epa_allowed,opp_pass_epa_allowed Q5 (high),1400,0.4836,0.4933,-0.0097,-0.74,-0.0522,-0.0139,-0.0171,-0.002,680,-0.0229,-0.0305,0.459299994329581,0.5662602669816752,False
passing,opp_rush_epa_allowed,opp_rush_epa_allowed Q1 (low),1405,0.5317,0.4969,0.0348,2.64,0.033,-0.1019,0.0407,0.0165,344,-0.0648,0.0,0.00829060272207216,0.027381807155467685,True
passing,opp_rush_epa_allowed,opp_rush_epa_allowed Q2,1397,0.519,0.4985,0.0205,1.54,0.0119,-0.072,0.0271,0.0075,469,-0.0357,-0.0012,0.12356035342362381,0.20932577521178622,False
passing,opp_rush_epa_allowed,opp_rush_epa_allowed Q3,1401,0.4939,0.4986,-0.0047,-0.35,-0.0408,-0.0229,0.0084,-0.0256,537,0.0153,-0.0814,0.7263386976487618,0.7852310244851478,False
passing,opp_rush_epa_allowed,opp_rush_epa_allowed Q4,1400,0.4857,0.4969,-0.0111,-0.84,-0.0545,-0.0127,-0.0302,0.0291,449,-0.0887,0.0293,0.40090838652089933,0.5108921031770752,False
passing,opp_rush_epa_allowed,opp_rush_epa_allowed Q5 (high),1399,0.4696,0.4953,-0.0256,-1.93,-0.0832,0.0176,-0.008,-0.0493,597,0.0663,-0.1261,0.053606837754109904,0.1109106988016067,False
passing,opp_ypt_allowed,opp_ypt_allowed Q1 (low),1391,0.509,0.4996,0.0094,0.71,-0.016,-0.0549,0.02,-0.013,447,-0.0119,-0.0609,0.4777041361799734,0.5849438402203756,False
passing,opp_ypt_allowed,opp_ypt_allowed Q2,1386,0.4473,0.499,-0.0516,-3.88,-0.129,0.0722,-0.0303,-0.0908,490,0.1494,-0.1998,0.00010445646480361503,0.0009642135212641387,True
passing,opp_ypt_allowed,opp_ypt_allowed Q3,1394,0.533,0.4976,0.0354,2.67,0.0369,-0.1036,0.0287,0.0451,568,-0.1156,0.0625,0.007585124695370871,0.026256200868591477,True
passing,opp_ypt_allowed,opp_ypt_allowed Q4,1384,0.4957,0.4951,0.0005,0.04,-0.033,-0.0342,0.0148,-0.0313,429,0.0268,-0.0917,0.9680931262943384,0.9748630082963967,False
passing,opp_ypt_allowed,opp_ypt_allowed Q5 (high),1384,0.5159,0.4948,0.0211,1.58,0.0089,-0.0735,0.013,0.0384,438,-0.0993,0.0516,0.11410686647550827,0.1974926535153028,False
passing,questionable,questionable=0,8068,0.4932,0.497,-0.0038,-0.68,-0.0397,-0.0257,0.001,-0.0121,2958,-0.0077,-0.052,0.4965044609071412,0.602838468555045,False
passing,questionable,questionable=1,154,0.4935,0.4892,0.0043,0.11,-0.0163,-0.0445,0.0196,-0.0409,39,0.037,-0.1207,0.9124093749153663,0.9358044870926835,False
passing,limited_or_dnp,limited_or_dnp=0,8065,0.4927,0.4969,-0.0042,-0.75,-0.0404,-0.0249,0.0011,-0.0133,2949,-0.0052,-0.0542,0.4532547047537365,0.5607274697984369,False
passing,limited_or_dnp,limited_or_dnp=1,157,0.5159,0.4916,0.0244,0.62,0.02,-0.0847,0.0171,0.0409,48,-0.1235,0.0297,0.535257786937966,0.6276638543897973,True
passing,vacated_target_share,vacated_target_share=0,8222,0.4932,0.4968,-0.0036,-0.66,-0.0392,-0.026,0.0014,-0.0124,2997,-0.0071,-0.0529,0.5092538293426723,0.6121248032165676,False
passing,vacated_carry_share,vacated_carry_share=0,8222,0.4932,0.4968,-0.0036,-0.66,-0.0392,-0.026,0.0014,-0.0124,2997,-0.0071,-0.0529,0.5092538293426723,0.6121248032165676,False
passing,dome,dome=0,5554,0.4852,0.4963,-0.0111,-1.67,-0.0548,-0.012,-0.0027,-0.0258,2016,0.0187,-0.0801,0.0949193636058947,0.16874553529936837,False
passing,dome,dome=1,2668,0.5097,0.4978,0.0119,1.24,-0.0068,-0.0551,0.0101,0.0151,981,-0.0601,0.003,0.21497539414917388,0.3184820654061835,False
passing,wind_mph,wind_mph Q1 (low),1117,0.5103,0.4975,0.0128,0.86,-0.0077,-0.0574,0.0012,0.029,468,-0.0875,0.0272,0.3897890425036168,0.4993738622822137,False
passing,wind_mph,wind_mph Q2,1095,0.516,0.4972,0.0188,1.25,0.0075,-0.0674,0.0437,-0.017,450,0.005,-0.0588,0.2112995473337107,0.3143299051245283,False
passing,wind_mph,wind_mph Q3,985,0.464,0.4966,-0.0327,-2.08,-0.1003,0.0252,-0.0315,-0.0343,412,0.0295,-0.0997,0.03752553286987559,0.08443244895722007,True
passing,wind_mph,wind_mph Q4,902,0.4867,0.497,-0.0103,-0.62,-0.0489,-0.0095,0.0152,-0.0587,311,0.0767,-0.1487,0.535257786937966,0.6276638543897973,False
passing,wind_mph,wind_mph Q5 (high),1006,0.4443,0.4948,-0.0505,-3.26,-0.1362,0.0613,-0.0391,-0.0712,356,0.1101,-0.1699,0.0011141221380492894,0.006170522610734526,True
passing,temp_f,temp_f Q1 (low),1050,0.4733,0.4966,-0.0233,-1.53,-0.0801,0.0108,-0.0156,-0.034,440,0.0269,-0.1055,0.1260167289279568,0.2124872244218475,True
passing,temp_f,temp_f Q2,1048,0.4933,0.499,-0.0057,-0.37,-0.0415,-0.019,0.0107,-0.0474,295,0.0611,-0.1199,0.7113824903989066,0.7760536258897163,False
passing,temp_f,temp_f Q3,984,0.4919,0.4963,-0.0044,-0.28,-0.0378,-0.0205,0.0081,-0.0229,399,0.0244,-0.0657,0.7794775048884055,0.8277637220053864,False
passing,temp_f,temp_f Q4,1044,0.4818,0.4949,-0.0131,-0.85,-0.0626,-0.0146,0.0043,-0.0401,409,0.0382,-0.1138,0.39532508624538476,0.5046703228664486,False
passing,temp_f,temp_f Q5 (high),979,0.4872,0.4964,-0.0091,-0.58,-0.0512,-0.0164,-0.022,0.0058,454,-0.0414,-0.0154,0.5619146177971288,0.6473256397022924,False
passing,div_game,div_game=0,5493,0.4941,0.497,-0.0029,-0.43,-0.0373,-0.0275,-0.002,-0.0044,1983,-0.0226,-0.0369,0.6671956411909155,0.7390474794730141,False
passing,div_game,div_game=1,2729,0.4914,0.4965,-0.0051,-0.53,-0.0432,-0.0231,0.0086,-0.0282,1014,0.0231,-0.0842,0.5961119307897529,0.6748436952336825,False
passing,primetime,primetime=0,6381,0.4933,0.4967,-0.0034,-0.55,-0.0384,-0.027,0.0008,-0.0107,2327,-0.0101,-0.0488,0.5823193735766927,0.6623537898502666,False
passing,primetime,primetime=1,1841,0.4927,0.4971,-0.0044,-0.38,-0.042,-0.0226,0.0036,-0.0185,670,0.0031,-0.067,0.7039454151516744,0.7691057646573681,False
passing,week,week Q1 (low),1684,0.4644,0.4947,-0.0303,-2.51,-0.0925,0.0251,-0.0255,-0.0361,757,0.0316,-0.1063,0.012073116160825403,0.03621934848247621,True
passing,week,week Q2,1630,0.4963,0.4956,0.0007,0.06,-0.0297,-0.0326,-0.0011,0.0042,566,-0.0238,-0.0086,0.9521556346917863,0.9642082376625684,False
passing,week,week Q3,1649,0.5009,0.4981,0.0028,0.23,-0.0281,-0.0407,0.0102,-0.0122,542,-0.0078,-0.0497,0.8180917697159882,0.8586385921217369,False
passing,week,week Q4,1726,0.5052,0.4981,0.0071,0.6,-0.0176,-0.0481,0.0102,0.0014,607,-0.0342,-0.0254,0.5485062355001471,0.6400721062562494,False
passing,week,week Q5 (high),1533,0.4997,0.4976,0.002,0.16,-0.0272,-0.0345,0.0096,-0.0124,525,-0.0131,-0.0588,0.8728810742171342,0.9068894277580615,False
defense,fair_over,fair_over Q1 (low),1528,0.4103,0.4353,-0.025,-1.99,-0.0941,-0.0012,-0.0265,-0.021,418,-0.006,-0.083,0.0465909355004237,0.0989541992929353,True
defense,fair_over,fair_over Q2,1527,0.4381,0.4678,-0.0297,-2.34,-0.097,0.0136,-0.0177,-0.0554,483,0.0647,-0.1435,0.019283739890716634,0.04976449004055905,True
defense,fair_over,fair_over Q3,1527,0.4748,0.4989,-0.0242,-1.89,-0.0871,0.0081,-0.0139,-0.0478,463,0.0627,-0.124,0.058757960080818794,0.11917107396673107,False
defense,fair_over,fair_over Q4,1527,0.5075,0.5313,-0.0238,-1.86,-0.0801,0.0149,-0.015,-0.0446,452,0.0609,-0.1105,0.06288552596150532,0.12507618423282826,True
defense,fair_over,fair_over Q5 (high),1527,0.5481,0.5645,-0.0164,-1.29,-0.0733,-0.0027,0.0079,-0.0788,428,0.1321,-0.1772,0.19705065809949573,0.2993174553410062,False
defense,cons_point,cons_point Q1 (low),1690,0.5118,0.5108,0.001,0.08,-0.0409,-0.0431,0.0116,-0.0302,428,0.0253,-0.0926,0.9362372559720251,0.9521056840393476,False
defense,cons_point,cons_point Q2,1605,0.4835,0.4944,-0.0109,-0.88,-0.0624,-0.0193,-0.0004,-0.0436,390,0.0481,-0.1187,0.3788593095534243,0.4888507220044184,False
defense,cons_point,cons_point Q3,1368,0.4912,0.4998,-0.0085,-0.63,-0.0552,-0.0231,-0.0045,-0.0175,426,-0.0005,-0.0642,0.5286945842313551,0.6260856918529205,False
defense,cons_point,cons_point Q4,1984,0.4546,0.4974,-0.0428,-3.84,-0.1216,0.0464,-0.018,-0.0922,663,0.1492,-0.2077,0.0001230343103664211,0.0010936383143681876,True
defense,cons_point,cons_point Q5 (high),989,0.4226,0.4927,-0.0701,-4.48,-0.1751,0.0943,-0.0864,-0.0385,337,0.0402,-0.1075,7.464303920956539e-06,0.00010537840829585702,True
defense,l1_vs_line,l1_vs_line Q1 (low),1756,0.4772,0.4928,-0.0156,-1.31,-0.0694,-0.0097,0.0087,-0.0693,546,0.1021,-0.1653,0.19019583559047826,0.2919850780919922,False
defense,l1_vs_line,l1_vs_line Q2,1322,0.4713,0.4962,-0.0249,-1.82,-0.0879,0.0105,-0.0165,-0.0449,392,0.0514,-0.1242,0.06875900489177988,0.13344065639375075,True
defense,l1_vs_line,l1_vs_line Q3,1649,0.4409,0.4954,-0.0545,-4.48,-0.1461,0.0649,-0.0473,-0.0711,502,0.106,-0.1671,7.464303920956539e-06,0.00010537840829585702,True
defense,l1_vs_line,l1_vs_line Q4,1387,0.473,0.5036,-0.0306,-2.29,-0.0964,0.0234,-0.03,-0.0323,368,0.0301,-0.0914,0.022021316648822786,0.0546736137488014,True
defense,l1_vs_line,l1_vs_line Q5 (high),1509,0.5182,0.5114,0.0068,0.54,-0.0313,-0.0564,0.0175,-0.0202,428,0.0047,-0.0715,0.589197032431396,0.668065926536386,False
defense,m3_vs_line,m3_vs_line Q1 (low),1580,0.457,0.4869,-0.0299,-2.39,-0.0968,0.0181,-0.0124,-0.0694,485,0.0988,-0.1698,0.016848372798691447,0.04526428513081284,False
defense,m3_vs_line,m3_vs_line Q2,1512,0.4762,0.4929,-0.0167,-1.31,-0.0729,-0.0084,0.0014,-0.0556,480,0.0725,-0.1412,0.19019583559047826,0.2919850780919922,False
defense,m3_vs_line,m3_vs_line Q3,1513,0.4712,0.4968,-0.0255,-2.0,-0.088,0.0104,-0.0279,-0.0198,451,0.0075,-0.0629,0.04550026389635842,0.09721124630675983,True
defense,m3_vs_line,m3_vs_line Q4,1513,0.4653,0.5016,-0.0363,-2.85,-0.1107,0.031,-0.0351,-0.0393,430,0.042,-0.1099,0.0043719229098264645,0.01729551920370909,True
defense,m3_vs_line,m3_vs_line Q5 (high),1476,0.5122,0.5204,-0.0082,-0.63,-0.059,-0.0231,0.011,-0.0647,374,0.0971,-0.1559,0.5286945842313551,0.6260856918529205,False
defense,m8_vs_line,m8_vs_line Q1 (low),1548,0.4419,0.4798,-0.0379,-3.02,-0.1171,0.0274,-0.0315,-0.0534,451,0.0574,-0.1468,0.002527746855344626,0.011666523947744426,True
defense,m8_vs_line,m8_vs_line Q2,1551,0.4597,0.4888,-0.0291,-2.31,-0.096,0.0152,-0.0223,-0.0427,518,0.0468,-0.115,0.020888154123902103,0.052770073576173734,True
defense,m8_vs_line,m8_vs_line Q3,1459,0.4592,0.4972,-0.038,-2.92,-0.1113,0.0365,-0.0293,-0.0559,476,0.0807,-0.1342,0.0035003138573521664,0.014652476612171858,True
defense,m8_vs_line,m8_vs_line Q4,1513,0.4931,0.5063,-0.0132,-1.03,-0.0663,-0.0152,0.0013,-0.0518,414,0.0725,-0.125,0.30301000557668734,0.41794483527818943,False
defense,m8_vs_line,m8_vs_line Q5 (high),1506,0.5272,0.5262,0.0011,0.08,-0.0372,-0.034,0.0172,-0.0508,357,0.0726,-0.1308,0.9362372559720251,0.9521056840393476,False
defense,hot,hot Q1 (low),1519,0.4918,0.4997,-0.0079,-0.62,-0.0523,-0.0195,0.0112,-0.0534,449,0.0766,-0.1324,0.535257786937966,0.6276638543897973,False
defense,hot,hot Q2,1513,0.4805,0.4977,-0.0172,-1.35,-0.0742,-0.0077,-0.0048,-0.0468,449,0.0535,-0.1254,0.1770159828748039,0.27646747867648336,False
defense,hot,hot Q3,1516,0.4631,0.4991,-0.0361,-2.82,-0.1075,0.0332,-0.0253,-0.0591,485,0.0851,-0.1392,0.004802364948378601,0.018490389106056646,True
defense,hot,hot Q4,1536,0.4688,0.5004,-0.0317,-2.51,-0.1033,0.0191,-0.0277,-0.0414,443,0.043,-0.1156,0.012073116160825403,0.03621934848247621,True
defense,hot,hot Q5 (high),1487,0.4781,0.5005,-0.0224,-1.74,-0.0871,0.0007,-0.013,-0.0491,387,0.0597,-0.1308,0.08185901795761463,0.15229584736300397,False
defense,cv8,cv8 Q1 (low),1511,0.458,0.5004,-0.0424,-3.32,-0.1207,0.0456,-0.0322,-0.0631,500,0.0897,-0.1546,0.0009001744811842904,0.005356410135972637,True
defense,cv8,cv8 Q2,1513,0.4574,0.4994,-0.042,-3.29,-0.1177,0.046,-0.0277,-0.0779,432,0.1222,-0.1761,0.0010018738275714423,0.005724993300408242,True
defense,cv8,cv8 Q3,1514,0.4657,0.5003,-0.0347,-2.71,-0.1037,0.0312,-0.0117,-0.083,488,0.133,-0.1883,0.0067283208133384065,0.02398213359209729,False
defense,cv8,cv8 Q4,1509,0.5036,0.498,0.0056,0.44,-0.0325,-0.0547,0.0043,0.009,422,-0.0581,-0.0187,0.6599371073211873,0.7321336167507778,False
defense,cv8,cv8 Q5 (high),1507,0.4964,0.4993,-0.0029,-0.23,-0.0515,-0.0397,0.0038,-0.0237,366,0.0098,-0.0836,0.8180917697159882,0.8586385921217369,False
defense,season_gp,season_gp Q1 (low),1589,0.4707,0.4992,-0.0285,-2.29,-0.097,0.0143,-0.0211,-0.0383,680,0.0375,-0.1126,0.022021316648822786,0.0546736137488014,True
defense,season_gp,season_gp Q2,1894,0.4778,0.4999,-0.0221,-1.93,-0.0819,0.0037,-0.0091,-0.0638,448,0.0904,-0.1559,0.053606837754109904,0.1109106988016067,False
defense,season_gp,season_gp Q3,1419,0.494,0.4976,-0.0035,-0.27,-0.0483,-0.0328,0.0034,-0.0254,344,0.0247,-0.0723,0.7871602536039208,0.8346912851175596,False
defense,season_gp,season_gp Q4,1320,0.4902,0.4998,-0.0097,-0.71,-0.0578,-0.0202,0.004,-0.0503,333,0.0634,-0.1275,0.4777041361799734,0.5849438402203756,False
defense,season_gp,season_gp Q5 (high),1414,0.447,0.5014,-0.0544,-4.14,-0.1451,0.0661,-0.0467,-0.0716,439,0.1052,-0.1674,3.473058214731317e-05,0.0003732241663591863,True
defense,prev_over,prev_over=0,3641,0.4856,0.4994,-0.0138,-1.68,-0.0664,-0.012,0.0036,-0.0511,1162,0.0651,-0.1317,0.09295731572744015,0.16690590355051596,False
defense,prev_over,prev_over=1,3395,0.4604,0.5,-0.0397,-4.67,-0.1184,0.0359,-0.036,-0.0485,992,0.0607,-0.1252,3.011997355084617e-06,5.706942357002432e-05,True
defense,prev_margin_rel,prev_margin_rel Q1 (low),1440,0.4854,0.4986,-0.0132,-1.01,-0.0658,-0.0155,0.0114,-0.0652,462,0.0897,-0.1598,0.3124952900425091,0.42452190345397456,False
defense,prev_margin_rel,prev_margin_rel Q2,1403,0.4868,0.5004,-0.0136,-1.02,-0.0657,-0.012,0.0087,-0.059,462,0.079,-0.1486,0.30772846074546956,0.42202760330807254,False
defense,prev_margin_rel,prev_margin_rel Q3,1545,0.4485,0.4985,-0.05,-3.97,-0.1363,0.0596,-0.0473,-0.0562,463,0.0793,-0.1393,7.187263180563619e-05,0.0007088807520555898,True
defense,prev_margin_rel,prev_margin_rel Q4,1390,0.4691,0.5007,-0.0317,-2.38,-0.1029,0.0205,-0.0208,-0.0596,389,0.0843,-0.1457,0.017312638051033113,0.04616703480275497,True
defense,prev_margin_rel,prev_margin_rel Q5 (high),1258,0.4801,0.5005,-0.0204,-1.46,-0.0821,-0.0025,-0.0282,-0.0023,378,-0.0306,-0.0359,0.1442900739317876,0.23773192959013065,False
defense,props_seen,props_seen Q1 (low),1529,0.4977,0.4997,-0.002,-0.16,-0.0464,-0.0379,0.0034,-0.0369,205,0.0455,-0.0977,0.8728810742171342,0.9068894277580615,False
defense,props_seen,props_seen Q2,1747,0.4871,0.4991,-0.0119,-1.01,-0.0648,-0.0161,-0.0057,-0.0496,248,0.0535,-0.1358,0.3124952900425091,0.42452190345397456,False
defense,props_seen,props_seen Q3,1513,0.4613,0.4987,-0.0373,-2.93,-0.1135,0.0324,-0.0311,-0.0615,311,0.0822,-0.1539,0.003389620038554586,0.014526943022376797,True
defense,props_seen,props_seen Q4,1338,0.4851,0.4995,-0.0144,-1.06,-0.0701,-0.0142,-0.0133,-0.0169,417,-0.0015,-0.0678,0.2891445993278192,0.4042409932350094,False
defense,props_seen,props_seen Q5 (high),1509,0.4467,0.501,-0.0543,-4.25,-0.139,0.0703,-0.0369,-0.0616,1063,0.0887,-0.148,2.1377051549809067e-05,0.0002565246185977088,True
defense,home,home=0,3870,0.4791,0.5003,-0.0212,-2.65,-0.08,0.0024,-0.003,-0.0656,1125,0.095,-0.1571,0.008049177085516668,0.026955383728241866,False
defense,home,home=1,3766,0.4724,0.4988,-0.0265,-3.27,-0.0928,0.0108,-0.0234,-0.0337,1119,0.0312,-0.0987,0.0010754748436594408,0.0060495459955843545,True
defense,team_line,team_line Q1 (low),1573,0.4774,0.4994,-0.022,-1.76,-0.0822,0.002,-0.0031,-0.0663,470,0.0977,-0.157,0.07840780657496538,0.14739848755607068,False
defense,team_line,team_line Q2,1741,0.467,0.5017,-0.0347,-2.91,-0.1045,0.0313,-0.0277,-0.0521,504,0.0707,-0.1296,0.00361428756161275,0.014955672668742414,True
defense,team_line,team_line Q3,1489,0.4923,0.4987,-0.0064,-0.5,-0.0535,-0.029,0.0033,-0.0289,450,0.0229,-0.0862,0.6170750774519738,0.6931264520521391,False
defense,team_line,team_line Q4,1306,0.4763,0.4985,-0.0222,-1.62,-0.0853,0.0028,-0.0098,-0.0564,349,0.072,-0.147,0.10523227690850412,0.18434851429227,False
defense,team_line,team_line Q5 (high),1527,0.4676,0.4991,-0.0315,-2.48,-0.1027,0.0209,-0.0252,-0.0455,471,0.0528,-0.1232,0.013138238271093616,0.03845338030563985,True
defense,total_line,total_line Q1 (low),1606,0.5006,0.4995,0.0011,0.09,-0.0355,-0.038,0.0073,-0.0231,326,0.016,-0.0764,0.9282872148296557,0.9480380066345421,False
defense,total_line,total_line Q2,1812,0.4669,0.4978,-0.0309,-2.65,-0.1008,0.0213,-0.0314,-0.0298,570,0.0199,-0.0933,0.008049177085516668,0.026955383728241866,True
defense,total_line,total_line Q3,1472,0.4803,0.5001,-0.0198,-1.53,-0.0797,-0.0029,-0.0042,-0.0469,536,0.0557,-0.1239,0.1260167289279568,0.2124872244218475,False
defense,total_line,total_line Q4,1237,0.4665,0.5006,-0.0341,-2.42,-0.1051,0.0254,-0.0111,-0.0977,329,0.1577,-0.2176,0.015520507101107306,0.04314581124632147,False
defense,total_line,total_line Q5 (high),1509,0.4632,0.5005,-0.0373,-2.93,-0.1143,0.03,-0.0258,-0.0616,483,0.0901,-0.1473,0.003389620038554586,0.014526943022376797,True
defense,implied_tt,implied_tt Q1 (low),1614,0.4789,0.4991,-0.0202,-1.63,-0.0759,0.0039,-0.0041,-0.0664,416,0.1028,-0.1557,0.10310149698017868,0.181056287379826,False
defense,implied_tt,implied_tt Q2,1540,0.4812,0.5009,-0.0197,-1.56,-0.0777,-0.0013,-0.0207,-0.0172,444,-0.0019,-0.0658,0.11875988118958603,0.2026234939727534,True
defense,implied_tt,implied_tt Q3,1519,0.4858,0.4986,-0.0127,-1.0,-0.0656,-0.0165,-0.0028,-0.0385,422,0.0357,-0.1096,0.31731050786291415,0.4278343926241539,False
defense,implied_tt,implied_tt Q4,1448,0.4689,0.4997,-0.0308,-2.37,-0.1041,0.016,-0.0014,-0.0855,506,0.1305,-0.1989,0.017788085260673547,0.04674241382366772,False
defense,implied_tt,implied_tt Q5 (high),1515,0.4634,0.4996,-0.0362,-2.84,-0.11,0.0314,-0.036,-0.0367,456,0.0412,-0.1016,0.004511353383084726,0.0176531219338098,True
defense,win_pct,win_pct Q1 (low),1531,0.4742,0.4981,-0.0239,-1.87,-0.0818,0.0096,-0.0052,-0.0616,507,0.0878,-0.1496,0.061483817858931866,0.12296763571786373,False
defense,win_pct,win_pct Q2,2118,0.4825,0.4996,-0.0171,-1.59,-0.0764,-0.0098,-0.0067,-0.0567,440,0.0706,-0.1459,0.11183480503893883,0.19402664970611078,False
defense,win_pct,win_pct Q3,741,0.4858,0.5021,-0.0163,-0.89,-0.075,-0.0094,-0.0056,-0.0508,175,0.0663,-0.1279,0.3734658860743454,0.48624853159770104,False
defense,win_pct,win_pct Q4,1532,0.4569,0.4987,-0.0418,-3.3,-0.1221,0.041,-0.0355,-0.057,448,0.0758,-0.1436,0.000966848284767563,0.005569046120261163,True
defense,win_pct,win_pct Q5 (high),1290,0.4798,0.5007,-0.0209,-1.5,-0.0768,0.0063,-0.001,-0.0613,425,0.0941,-0.1438,0.13361440253771617,0.22269067089619363,False
defense,opp_win_pct,opp_win_pct Q1 (low),1457,0.4715,0.4981,-0.0266,-2.04,-0.0905,0.0123,-0.0146,-0.0509,482,0.0594,-0.1353,0.04135032573214015,0.09076900770469788,False
defense,opp_win_pct,opp_win_pct Q2,2193,0.4975,0.5005,-0.003,-0.28,-0.0479,-0.0343,0.0084,-0.0445,473,0.0571,-0.1143,0.7794775048884055,0.8277637220053864,False
defense,opp_win_pct,opp_win_pct Q3,743,0.4657,0.5002,-0.0345,-1.88,-0.1024,0.0329,-0.0268,-0.0603,171,0.0784,-0.153,0.060108077922399694,0.1212263756418145,True
defense,opp_win_pct,opp_win_pct Q4,1566,0.4706,0.4984,-0.0278,-2.22,-0.0959,0.0122,-0.0261,-0.032,450,0.0346,-0.0871,0.02641876761451245,0.06404549724730291,True
defense,opp_win_pct,opp_win_pct Q5 (high),1253,0.4517,0.5005,-0.0488,-3.49,-0.1321,0.0573,-0.0177,-0.1107,419,0.1826,-0.2462,0.0004830205471357818,0.0032201369809052123,True
defense,opp_allow_rel,opp_allow_rel Q1 (low),1444,0.4661,0.5006,-0.0345,-2.64,-0.1074,0.0267,-0.0154,-0.0832,406,0.1263,-0.1962,0.00829060272207216,0.027381807155467685,True
defense,opp_allow_rel,opp_allow_rel Q2,1444,0.4785,0.4974,-0.0189,-1.44,-0.079,-0.0043,-0.005,-0.0661,329,0.0942,-0.1616,0.1498673990686541,0.24412788988559037,False
defense,opp_allow_rel,opp_allow_rel Q3,1440,0.4639,0.4986,-0.0347,-2.66,-0.1067,0.0265,-0.033,-0.0386,435,0.0424,-0.1008,0.007814065149705618,0.02641374135111758,True
defense,opp_allow_rel,opp_allow_rel Q4,1441,0.4892,0.5007,-0.0115,-0.88,-0.062,-0.0157,0.0032,-0.0421,467,0.0507,-0.1114,0.3788593095534243,0.4888507220044184,False
defense,opp_allow_rel,opp_allow_rel Q5 (high),1443,0.4782,0.5005,-0.0223,-1.7,-0.0808,0.007,-0.007,-0.0688,358,0.1026,-0.1653,0.08913092551708601,0.1616480261267051,False
defense,opp_pass_epa_allowed,opp_pass_epa_allowed Q1 (low),1315,0.4692,0.4985,-0.0293,-2.15,-0.1024,0.0126,-0.0264,-0.0394,294,0.0521,-0.1051,0.03155521478218093,0.07328953110700086,True
defense,opp_pass_epa_allowed,opp_pass_epa_allowed Q2,1313,0.4577,0.4995,-0.0417,-3.05,-0.119,0.0424,-0.0389,-0.0504,320,0.0681,-0.1204,0.002288413662045352,0.010911641302467905,True
defense,opp_pass_epa_allowed,opp_pass_epa_allowed Q3,1315,0.4973,0.5004,-0.003,-0.22,-0.042,-0.0289,0.0073,-0.0476,247,0.0621,-0.1182,0.8258711547035709,0.865541821523393,False
defense,opp_pass_epa_allowed,opp_pass_epa_allowed Q4,1312,0.4931,0.4996,-0.0065,-0.47,-0.0534,-0.0268,0.0158,-0.0714,336,0.0995,-0.1733,0.6383550175651116,0.7125823451889618,False
defense,opp_pass_epa_allowed,opp_pass_epa_allowed Q5 (high),1312,0.4466,0.4996,-0.053,-3.88,-0.1422,0.0632,-0.0421,-0.0713,490,0.1088,-0.1666,0.00010445646480361503,0.0009642135212641387,True
defense,opp_rush_epa_allowed,opp_rush_epa_allowed Q1 (low),1316,0.481,0.5,-0.019,-1.39,-0.0822,-0.0064,-0.0077,-0.0731,227,0.1029,-0.1758,0.16452887735533794,0.26208139755717547,False
defense,opp_rush_epa_allowed,opp_rush_epa_allowed Q2,1313,0.4593,0.5009,-0.0417,-3.04,-0.1187,0.0418,-0.0372,-0.0561,311,0.0767,-0.1403,0.0023657814862088067,0.011133089346864973,True
defense,opp_rush_epa_allowed,opp_rush_epa_allowed Q3,1314,0.468,0.499,-0.031,-2.26,-0.0993,0.0204,-0.0199,-0.0577,387,0.0803,-0.1406,0.023821250837094077,0.05873733083119087,True
defense,opp_rush_epa_allowed,opp_rush_epa_allowed Q4,1314,0.481,0.4983,-0.0173,-1.26,-0.0744,-0.0045,0.0037,-0.086,308,0.1397,-0.1935,0.2076693622426009,0.3108564258101303,False
defense,opp_rush_epa_allowed,opp_rush_epa_allowed Q5 (high),1310,0.4748,0.4994,-0.0246,-1.79,-0.0843,0.0112,-0.0196,-0.0342,454,0.0394,-0.0902,0.07345391139745261,0.13991221218562402,True
defense,opp_ypt_allowed,opp_ypt_allowed Q1 (low),1302,0.4654,0.498,-0.0326,-2.37,-0.1043,0.023,-0.0199,-0.0712,322,0.1119,-0.1659,0.017788085260673547,0.04674241382366772,True
defense,opp_ypt_allowed,opp_ypt_allowed Q2,1300,0.4631,0.5009,-0.0379,-2.76,-0.1128,0.0332,-0.033,-0.0507,359,0.0738,-0.1159,0.00578013615245232,0.02134204117828549,True
defense,opp_ypt_allowed,opp_ypt_allowed Q3,1303,0.495,0.4992,-0.0042,-0.3,-0.0459,-0.0298,0.0071,-0.0304,392,0.0199,-0.0919,0.7641771556220949,0.8163316795963032,False
defense,opp_ypt_allowed,opp_ypt_allowed Q4,1298,0.4761,0.4997,-0.0236,-1.71,-0.0879,0.0054,0.0001,-0.1008,305,0.1596,-0.2316,0.08726587304806377,0.1594706309507764,False
defense,opp_ypt_allowed,opp_ypt_allowed Q5 (high),1298,0.4607,0.5002,-0.0395,-2.86,-0.1149,0.0394,-0.0382,-0.044,289,0.06,-0.1117,0.0042364100808092164,0.016852018001009036,True
defense,questionable,questionable=0,7428,0.4783,0.4996,-0.0212,-3.68,-0.0813,0.0017,-0.0099,-0.0478,2217,0.059,-0.1244,0.00023323395363084032,0.0018253092023283158,False
defense,questionable,questionable=1,208,0.3846,0.5002,-0.1156,-3.44,-0.2656,0.1799,-0.1022,-0.2052,27,0.4056,-0.4239,0.0005817141865815945,0.0036739843363048073,True
defense,limited_or_dnp,limited_or_dnp=0,7156,0.4781,0.4996,-0.0215,-3.67,-0.0819,0.0023,-0.0115,-0.0448,2153,0.0527,-0.1191,0.00024255046857080131,0.0018778100792578164,False
defense,limited_or_dnp,limited_or_dnp=1,480,0.4417,0.4991,-0.0575,-2.54,-0.1523,0.0697,-0.032,-0.1664,91,0.3117,-0.3382,0.0110852468861653,0.033535200664029485,True
defense,vacated_target_share,vacated_target_share=0,7636,0.4758,0.4996,-0.0238,-4.19,-0.0863,0.0065,-0.013,-0.0497,2244,0.0632,-0.128,2.7895445453784973e-05,0.0003089957034880797,False
defense,vacated_carry_share,vacated_carry_share=0,7636,0.4758,0.4996,-0.0238,-4.19,-0.0863,0.0065,-0.013,-0.0497,2244,0.0632,-0.128,2.7895445453784973e-05,0.0003089957034880797,False
defense,dome,dome=0,5164,0.4731,0.4998,-0.0267,-3.86,-0.0918,0.0128,-0.0123,-0.0606,1542,0.0847,-0.1488,0.00011338702506846765,0.0010204832256162089,False
defense,dome,dome=1,2472,0.4814,0.4991,-0.0177,-1.77,-0.0749,-0.0064,-0.0145,-0.0259,702,0.0159,-0.0822,0.07672714072574238,0.14576132275075068,False
defense,wind_mph,wind_mph Q1 (low),1044,0.4416,0.4969,-0.0553,-3.61,-0.148,0.0673,-0.0449,-0.0751,360,0.1074,-0.1811,0.0003061970051474461,0.0022964775386058456,True
defense,wind_mph,wind_mph Q2,1059,0.475,0.5013,-0.0263,-1.72,-0.0903,0.0132,-0.0184,-0.0419,357,0.0519,-0.1117,0.08543244158265795,0.156916729437535,True
defense,wind_mph,wind_mph Q3,898,0.4666,0.5018,-0.0352,-2.12,-0.1066,0.0296,-0.0091,-0.0886,295,0.1433,-0.2015,0.03400604529526552,0.07772810353203548,False
defense,wind_mph,wind_mph Q4,908,0.4989,0.499,-0.0001,-0.01,-0.0412,-0.0395,0.0078,-0.0213,248,0.0095,-0.0681,0.9920212873707368,0.9934010109971216,False
defense,wind_mph,wind_mph Q5 (high),916,0.4694,0.5011,-0.0317,-1.94,-0.104,0.0215,-0.0168,-0.0677,268,0.0991,-0.1629,0.05237968988090547,0.10931413540362879,True
defense,temp_f,temp_f Q1 (low),986,0.4635,0.5026,-0.0392,-2.48,-0.1164,0.0362,-0.0254,-0.0661,333,0.0987,-0.1544,0.013138238271093616,0.03845338030563985,True
defense,temp_f,temp_f Q2,1004,0.507,0.4996,0.0074,0.47,-0.0262,-0.0534,0.0144,-0.0192,208,0.0104,-0.0581,0.6383550175651116,0.7125823451889618,False
defense,temp_f,temp_f Q3,921,0.4669,0.4982,-0.0313,-1.92,-0.1038,0.0206,-0.0169,-0.0626,291,0.0866,-0.1575,0.054857899407673605,0.11252902442599715,True
defense,temp_f,temp_f Q4,1008,0.4514,0.5007,-0.0493,-3.16,-0.1362,0.0582,-0.0285,-0.089,346,0.1448,-0.2068,0.001577691388751079,0.008113841427862692,True
defense,temp_f,temp_f Q5 (high),906,0.4581,0.4986,-0.0405,-2.46,-0.1154,0.0387,-0.0363,-0.0473,350,0.0516,-0.1262,0.013893701577248674,0.04001386054247618,True
defense,div_game,div_game=0,5281,0.4745,0.4991,-0.0246,-3.6,-0.0874,0.0082,-0.0166,-0.0448,1495,0.053,-0.1185,0.0003182171803151057,0.002337922141090573,True
defense,div_game,div_game=1,2355,0.4786,0.5005,-0.022,-2.15,-0.084,0.0028,-0.0045,-0.0595,749,0.0835,-0.147,0.03155521478218093,0.07328953110700086,False
defense,primetime,primetime=0,5763,0.4808,0.4993,-0.0185,-2.82,-0.077,-0.0053,-0.0096,-0.0397,1700,0.0411,-0.1107,0.004802364948378601,0.018490389106056646,False
defense,primetime,primetime=1,1873,0.4602,0.5004,-0.0402,-3.5,-0.1151,0.0431,-0.0236,-0.0809,544,0.1323,-0.1821,0.0004652581580710802,0.0031602440925582805,True
defense,week,week Q1 (low),1901,0.4698,0.4997,-0.0299,-2.63,-0.0995,0.0174,-0.0226,-0.0404,784,0.0401,-0.1178,0.008538486818178592,0.02781769461126057,True
defense,week,week Q2,1509,0.4751,0.4985,-0.0234,-1.82,-0.0842,0.0062,-0.0035,-0.0908,343,0.1488,-0.2023,0.06875900489177988,0.13344065639375075,False
defense,week,week Q3,1176,0.4932,0.4981,-0.0049,-0.34,-0.0488,-0.0284,-0.0124,0.0193,278,-0.0586,0.0189,0.7338565279279439,0.7874466469569591,False
defense,week,week Q4,1531,0.4827,0.4999,-0.0172,-1.36,-0.074,-0.0076,-0.0048,-0.055,379,0.0708,-0.138,0.17382992389417007,0.2726743904222276,False
defense,week,week Q5 (high),1519,0.4635,0.5013,-0.0378,-2.97,-0.1135,0.0346,-0.0228,-0.0723,460,0.1062,-0.1704,0.002977997490474893,0.013485271654980648,True
