setup,k,over,under,o_disc,u_disc,o_hold,u_hold,roi_over_actual,n,over_pct,pct_disc,n_hold,pct_hold,pval,pval_disc,qval,bet,disc_side_ok,hold_beats_vig
wind >=10 + grass,2,282,408,180,254,102,154,-0.2051481069089464,690,0.40869565217391307,0.4147465437788018,256,0.3984375,1.8307848898789306e-06,0.0004451178164468205,0.003128978631277309,UNDER,True,True
wind >=10 + grass + 1pm ET,3,152,245,102,160,50,85,-0.254263507350173,397,0.38287153652392947,0.3893129770992366,135,0.37037037037037035,3.527597104033043e-06,0.00040860352283587117,0.003128978631277309,UNDER,True,True
home fav + wind >=10 + grass,3,167,253,107,156,60,97,-0.22647504551910894,420,0.3976190476190476,0.4068441064638783,157,0.3821656050955414,3.167043705815031e-05,0.003005528412181571,0.01872778511371955,UNDER,True,True
wind >=10 + grass + weeks 5-12,3,122,194,79,126,43,68,-0.2482370943257624,316,0.3860759493670886,0.3853658536585366,111,0.38738738738738737,6.06915687772537e-05,0.0012589422935097329,0.024648490918889224,UNDER,True,True
wind >=10,1,410,533,264,332,146,201,-0.15520438378694298,943,0.43478260869565216,0.4429530201342282,347,0.4207492795389049,6.947150766316015e-05,0.006015331119861936,0.024648490918889224,UNDER,True,True
wind >=10 + 1pm ET,2,239,333,157,220,82,113,-0.18783524082069122,572,0.4178321678321678,0.41644562334217505,195,0.4205128205128205,9.75516941138083e-05,0.001375626257215945,0.02884278422631599,UNDER,True,True
total 42-44.5 + non-division + either team new QB,3,39,82,19,40,20,42,-0.3678236978342044,121,0.32231404958677684,0.3220338983050847,62,0.3225806451612903,0.0001154745274448529,0.008641499683281734,0.029264544526738438,UNDER,True,True
wind >=10 + grass + non-division,3,185,259,121,157,64,102,-0.19002132541036273,444,0.4166666666666667,0.4352517985611511,166,0.3855421686746988,0.0005172682482267511,0.03561338831570175,0.11244974366412366,UNDER,True,True
wind >=10 + 1pm ET + non-division,3,156,224,105,145,51,79,-0.20305671471472928,380,0.4105263157894737,0.42,130,0.3923076923076923,0.0005704891166725552,0.013481449142602584,0.11244974366412366,UNDER,True,True
spread 10+ + grass + weeks 5-12,3,36,72,25,40,11,32,-0.34853740114197684,108,0.3333333333333333,0.38461538461538464,43,0.2558139534883721,0.0006842302219330051,0.08168153394154003,0.12138244137091513,UNDER,True,True
wind >=10 + grass + division,3,97,149,59,97,38,52,-0.23242491370759732,246,0.3943089430894309,0.3782051282051282,90,0.4222222222222222,0.00110492004051449,0.0029305816112167276,0.17819346835206415,UNDER,True,True
home fav + wind >=10,2,256,335,167,209,89,126,-0.15756111001583856,591,0.43316412859560066,0.4441489361702128,215,0.413953488372093,0.0013148324913305933,0.03434090470033107,0.19437606996837273,UNDER,True,True
spread <=3 + grass + division,3,108,161,72,102,36,59,-0.21683681878913708,269,0.40148698884758366,0.41379310344827586,95,0.37894736842105264,0.0014752559593667947,0.027626051149795074,0.19689004203554156,UNDER,True,True
total 42-44.5 + either team new QB,2,79,125,38,66,41,59,-0.24756144880160813,204,0.3872549019607843,0.36538461538461536,100,0.41,0.0015651594811070596,0.0077996161848893665,0.19689004203554156,UNDER,True,True
total 42-44.5 + weeks 13+ reg + either team new QB,3,26,55,10,25,16,30,-0.38164744727405747,81,0.32098765432098764,0.2857142857142857,46,0.34782608695652173,0.001688638072721023,0.016673847800120715,0.19689004203554156,UNDER,True,True
wind >=10 + weeks 5-12,2,184,250,122,163,62,87,-0.17613602212250182,434,0.423963133640553,0.4280701754385965,149,0.4161073825503356,0.0017757839191480636,0.017662753413444383,0.19689004203554156,UNDER,True,True
total <=38 + outdoor + 1pm ET,3,38,71,22,30,16,41,-0.32723013145997487,109,0.3486238532110092,0.4230769230769231,57,0.2807017543859649,0.002033169531309131,0.3317497633694906,0.2041979546912904,UNDER,True,True
home fav + wind >=10 + weeks 5-12,3,107,158,74,107,33,51,-0.2136603311895382,265,0.4037735849056604,0.4088397790055249,84,0.39285714285714285,0.0020719070938236906,0.017139795178384876,0.2041979546912904,UNDER,True,True
rain + grass,2,34,65,26,36,8,29,-0.3259625483646491,99,0.3434343434343434,0.41935483870967744,37,0.21621621621621623,0.0023946293575060097,0.25285439418811073,0.22358276211661376,UNDER,True,True
outdoor + grass + weeks 5-12,3,389,478,249,292,140,186,-0.1283415412565698,867,0.4486735870818916,0.4602587800369686,326,0.4294478527607362,0.0027813510871144945,0.07086358381571867,0.24366255502371043,UNDER,True,True
home fav + wind >=10 + 1pm ET,3,143,199,91,136,52,63,-0.18669362555957822,342,0.41812865497076024,0.4008810572687225,115,0.45217391304347826,0.0028843932669097624,0.0034053289479651604,0.24366255502371043,UNDER,True,True
wind >=10 + non-division,2,269,343,178,206,91,137,-0.14591591657868286,612,0.4395424836601307,0.4635416666666667,228,0.3991228070175439,0.0031372192797148833,0.1681705108436268,0.24930059666382895,UNDER,True,True
wind >=10 + grass + weeks 13+ reg,3,87,131,51,77,36,54,-0.22220513917425283,218,0.39908256880733944,0.3984375,90,0.4,0.003491640494694064,0.026735172855975448,0.24930059666382895,UNDER,True,True
grass + 1pm ET + weeks 5-12,3,210,275,134,163,76,112,-0.15761598021057271,485,0.4329896907216495,0.4511784511784512,188,0.40425531914893614,0.003616242525127445,0.10406181452153981,0.24930059666382895,UNDER,True,True
wind >=10 + 1pm ET + weeks 5-12,3,118,168,81,114,37,54,-0.19777039613462932,286,0.4125874125874126,0.4153846153846154,91,0.4065934065934066,0.0036873485724120115,0.02168917189061992,0.24930059666382895,UNDER,True,True
outdoor + grass + division,3,327,406,197,262,130,144,-0.13343235701855227,733,0.4461118690313779,0.42919389978213507,274,0.4744525547445255,0.003934120745235034,0.0027752737316777613,0.24930059666382895,UNDER,True,True
outdoor + grass,2,959,1090,598,663,361,427,-0.09157041556610329,2049,0.468033186920449,0.4742268041237113,788,0.4581218274111675,0.004068927964317781,0.07145913291895885,0.24930059666382895,UNDER,True,True
spread 7.5+ + wind >=10 + grass,3,61,98,33,65,28,33,-0.24820534117298693,159,0.3836477987421384,0.336734693877551,61,0.45901639344262296,0.004158473064782037,0.0016005802102081264,0.24930059666382895,UNDER,True,True
total 42-44.5 + grass + 1pm ET,3,139,192,85,118,54,74,-0.18108880430020202,331,0.4199395770392749,0.4187192118226601,128,0.421875,0.004191441220551688,0.024466825359215613,0.24930059666382895,UNDER,True,True
grass + 1pm ET,2,494,589,306,357,188,232,-0.1132253074969872,1083,0.45614035087719296,0.46153846153846156,420,0.44761904761904764,0.004263981985548487,0.05207461859869664,0.24930059666382895,UNDER,True,True
spread <=3 + wind >=10 + grass,3,103,149,70,84,33,65,-0.2067572015514543,252,0.4087301587301587,0.45454545454545453,98,0.336734693877551,0.004491539295928975,0.29481351399329214,0.24930059666382895,UNDER,True,True
rain,1,71,110,53,57,18,53,-0.23083505827220602,181,0.39226519337016574,0.4818181818181818,71,0.2535211267605634,0.004600742979082559,0.7750029828306251,0.24930059666382895,UNDER,False,True
total 42-44.5 + wind >=10 + 1pm ET,3,59,95,43,67,16,28,-0.24983014036998163,154,0.38311688311688313,0.39090909090909093,44,0.36363636363636365,0.004637497006711587,0.02785088812566223,0.24930059666382895,UNDER,True,True
outdoor + grass + 1pm ET,3,476,568,291,340,185,228,-0.11360305444632787,1044,0.4559386973180077,0.4611727416798732,413,0.44794188861985473,0.004833256701259235,0.05593779974398673,0.25218227611864363,UNDER,True,True
total 42-44.5 + grass + non-division,3,167,223,106,131,61,92,-0.16695544895966663,390,0.4282051282051282,0.4472573839662447,153,0.39869281045751637,0.005285765126909804,0.11881852716560899,0.2679127810039426,UNDER,True,True
spread 3.5-7 + wind >=10 + 1pm ET,3,95,138,65,94,30,44,-0.20573947464472814,233,0.40772532188841204,0.4088050314465409,74,0.40540540540540543,0.00581469179950945,0.02607018761056169,0.28653509034249347,UNDER,True,True
total 42-44.5 + wind >=10,2,107,152,72,93,35,59,-0.19370156638799943,259,0.41312741312741313,0.43636363636363634,94,0.3723404255319149,0.006148017100623928,0.11920519026070316,0.294386843492819,UNDER,True,True
home fav + wind >=10 + weeks 13+ reg,3,69,106,40,63,29,43,-0.23129078860601363,175,0.3942857142857143,0.3883495145631068,72,0.4027777777777778,0.00633785433078111,0.02968221463162667,0.294386843492819,UNDER,True,True
wind >=15 + grass,2,98,141,59,88,39,53,-0.202869967654605,239,0.4100418410041841,0.4013605442176871,92,0.42391304347826086,0.0064718640903156386,0.020605148179177937,0.294386843492819,UNDER,True,True
weeks 1-4 + non-division + both off under,3,83,51,49,26,34,25,0.2008050205853804,134,0.6194029850746269,0.6533333333333333,59,0.576271186440678,0.007178115485500813,0.01058211705170527,0.3060626969508034,OVER,True,True
home dog + Monday,2,37,65,17,31,20,34,-0.29126972304850535,102,0.3627450980392157,0.3541666666666667,54,0.37037037037037035,0.007206214620046471,0.05946337525377034,0.3060626969508034,UNDER,True,True
total 38.5-41.5 + weeks 1-4 + non-division,3,74,44,48,24,26,20,0.21043044292050037,118,0.6271186440677966,0.6666666666666666,46,0.5652173913043478,0.007330019969069095,0.006309827313666047,0.3060626969508034,OVER,True,True
total 42-44.5 + wind >=10 + grass,3,77,115,51,68,26,47,-0.21558718856681397,192,0.4010416666666667,0.42857142857142855,73,0.3561643835616438,0.007418656126766937,0.14213202807505843,0.3060626969508034,UNDER,True,True
wind >=10 + division,2,141,190,86,126,55,64,-0.1724186388824909,331,0.4259818731117825,0.4056603773584906,119,0.46218487394957986,0.00823434040651324,0.007250604933892641,0.331993633662602,UNDER,True,True
spread <=3 + outdoor + division,3,157,208,103,126,54,82,-0.1630352504916652,365,0.4301369863013699,0.4497816593886463,136,0.39705882352941174,0.008776554488341637,0.14583841090489008,0.34599128138484586,UNDER,True,True
wind >=10 + weeks 5-12 + non-division,3,125,170,85,107,40,63,-0.17650992109223443,295,0.423728813559322,0.4427083333333333,103,0.3883495145631068,0.01029276245261742,0.12941893151575884,0.3865975156868075,UNDER,True,True
spread 7.5+ + weeks 5-12 + both off under,3,35,61,20,34,15,27,-0.2899748848972864,96,0.3645833333333333,0.37037037037037035,42,0.35714285714285715,0.010345913082728777,0.0759047294891014,0.3865975156868075,UNDER,True,True
spread <=3 + grass,2,392,468,258,274,134,194,-0.11379417649428167,860,0.4558139534883721,0.4849624060150376,328,0.40853658536585363,0.010501740277532678,0.5155156280871408,0.3865975156868075,UNDER,False,True
wind >=10 + grass + either team new QB,3,54,85,31,52,23,33,-0.24347751300315365,139,0.38848920863309355,0.37349397590361444,56,0.4107142857142857,0.010678285382555563,0.027534178012294533,0.3865975156868075,UNDER,True,True
home fav + weeks 1-4 + both off under,3,81,51,47,28,34,23,0.19065350832198452,132,0.6136363636363636,0.6266666666666667,57,0.5964912280701754,0.011314622514903772,0.0369549040273683,0.40144280682878586,OVER,True,True
spread 3.5-7 + wind >=10 + grass,3,118,161,77,105,41,56,-0.17871736233871288,279,0.4229390681003584,0.4230769230769231,97,0.422680412371134,0.011785496004174022,0.04505458205192087,0.40426355194936064,UNDER,True,True
total 42-44.5 + turf + weeks 1-4,3,44,72,28,38,16,34,-0.26149295066235384,116,0.3793103448275862,0.42424242424242425,50,0.32,0.011849889910578778,0.2678116648465871,0.40426355194936064,UNDER,True,True
spread 7.5+ + grass + weeks 5-12,3,82,118,47,71,35,47,-0.2021792712068289,200,0.41,0.3983050847457627,82,0.4268292682926829,0.013130355940531557,0.03378817547182585,0.4359183226782931,UNDER,True,True
home fav + grass + weeks 5-12,3,257,317,168,194,89,123,-0.13000916690777414,574,0.44773519163763065,0.46408839779005523,212,0.419811320754717,0.013723153971767606,0.18878229069201694,0.4359183226782931,UNDER,True,True
grass + weeks 5-12,2,438,515,272,311,166,204,-0.10821181503661155,953,0.459601259181532,0.4665523156089194,370,0.4486486486486487,0.013779017723391624,0.11545705211335716,0.4359183226782931,UNDER,True,True
1pm ET + weeks 5-12 + away off bye,3,47,75,36,48,11,27,-0.2536594359576883,122,0.38524590163934425,0.42857142857142855,38,0.2894736842105263,0.014170490597154346,0.2298644069691203,0.4359183226782931,UNDER,True,True
home dog + wind >=10 + 1pm ET,3,96,134,66,84,30,50,-0.1895402506262496,230,0.41739130434782606,0.44,80,0.375,0.014520448754307738,0.1649069826564429,0.4359183226782931,UNDER,True,True
total 48-50.5 + both off over,2,75,109,47,56,28,53,-0.20593264350237026,184,0.4076086956521739,0.4563106796116505,81,0.345679012345679,0.014757718047602156,0.4306890663081309,0.4359183226782931,UNDER,True,True
grass,1,1074,1191,652,721,422,470,-0.07985699664043479,2265,0.4741721854304636,0.4748725418790969,892,0.4730941704035874,0.01477584061674747,0.06644308901799652,0.4359183226782931,UNDER,True,True
total 42-44.5 + 1pm ET + either team new QB,3,48,76,25,45,23,31,-0.24930205021681567,124,0.3870967741935484,0.35714285714285715,54,0.42592592592592593,0.014984618863332315,0.022462895492509273,0.4359183226782931,UNDER,True,True
total 48-50.5 + turf + both off over,3,30,53,15,27,15,26,-0.28919862451306855,83,0.3614457831325301,0.35714285714285715,41,0.36585365853658536,0.015232201861994662,0.08842954698775429,0.4359183226782931,UNDER,True,True
total 42-44.5 + wind >=10 + non-division,3,66,98,45,62,21,36,-0.213120995159684,164,0.4024390243902439,0.4205607476635514,57,0.3684210526315789,0.01523502593351419,0.12151242187624421,0.4359183226782931,UNDER,True,True
wind >=10 + weeks 13+ reg,2,124,166,71,99,53,67,-0.16859648646058742,290,0.42758620689655175,0.4176470588235294,120,0.44166666666666665,0.015911307037315615,0.03806366960413436,0.44128043917799203,UNDER,True,True
total 45-47.5 + wind >=10 + grass,3,72,105,43,76,29,29,-0.21056033072662064,177,0.4067796610169492,0.36134453781512604,58,0.5,0.015919925652419103,0.0031831844482176595,0.44128043917799203,UNDER,True,False
grass + division,2,369,438,217,281,152,157,-0.11214808774382279,807,0.45724907063197023,0.4357429718875502,309,0.4919093851132686,0.016625566443811718,0.004707315599788549,0.45375007494341524,UNDER,True,False
spread <=3 + outdoor + grass,3,350,417,238,249,112,168,-0.11261907588787962,767,0.45632333767926986,0.4887063655030801,280,0.4,0.01710995247545048,0.6504901250348838,0.4596925387263637,UNDER,False,True
home dog + wind >=10 + grass,3,115,155,73,98,42,57,-0.1715444065896128,270,0.42592592592592593,0.4269005847953216,99,0.42424242424242425,0.017459662912942143,0.0661429101428119,0.4596925387263637,UNDER,True,True
total 42-44.5 + home fav + either team new QB,3,47,74,20,44,27,30,-0.24518094393567236,121,0.3884297520661157,0.3125,57,0.47368421052631576,0.017729521268970583,0.0036899642765400487,0.4596925387263637,UNDER,True,True
home fav + wind >=10 + division,3,82,116,48,77,34,39,-0.19361587983576306,198,0.41414141414141414,0.384,73,0.4657534246575342,0.01878902246536713,0.011959013523238237,0.4596925387263637,UNDER,True,True
spread <=3 + wind >=10,2,146,190,99,105,47,85,-0.1576667575411717,336,0.43452380952380953,0.4852941176470588,132,0.3560606060606061,0.01885039484118753,0.7263810777955162,0.4596925387263637,UNDER,False,True
1pm ET + weeks 1-4 + both off under,3,61,37,37,16,24,21,0.21040498393982943,98,0.6224489795918368,0.6981132075471698,45,0.5333333333333333,0.019690184799846844,0.005486344876760141,0.4596925387263637,OVER,True,True
spread <=3 + wind >=10 + non-division,3,95,131,64,72,31,59,-0.18448844794712904,226,0.42035398230088494,0.47058823529411764,90,0.34444444444444444,0.01970120762942994,0.548502361486737,0.4596925387263637,UNDER,True,True
total 48-50.5 + home fav + both off over,3,45,71,34,41,11,30,-0.2460900394403155,116,0.3879310344827586,0.4533333333333333,41,0.2682926829268293,0.01987910373823392,0.48868297090314317,0.4596925387263637,UNDER,True,True
spread 3.5-7 + wind >=10,2,165,211,108,139,57,72,-0.14772957119873822,376,0.43882978723404253,0.43724696356275305,129,0.4418604651162791,0.020181079857045873,0.056060714404103006,0.4596925387263637,UNDER,True,True
rain + 1pm ET,2,34,57,25,29,9,28,-0.2697674423711136,91,0.37362637362637363,0.46296296296296297,37,0.24324324324324326,0.020584209038374254,0.6834892282353371,0.4596925387263637,UNDER,True,True
total 42-44.5 + non-division,2,295,355,186,198,109,157,-0.1179828946346212,650,0.45384615384615384,0.484375,266,0.40977443609022557,0.02058743938810011,0.5746220082058784,0.4596925387263637,UNDER,False,True
rain + non-division,2,46,72,34,38,12,34,-0.23477308859686769,118,0.3898305084745763,0.4722222222222222,46,0.2608695652173913,0.020970029530035034,0.7239481457469141,0.4596925387263637,UNDER,True,True
wind >=15 + grass + weeks 13+ reg,3,31,53,20,31,11,22,-0.28169445244156743,84,0.36904761904761907,0.39215686274509803,33,0.3333333333333333,0.021383189937144585,0.16077960181198847,0.4596925387263637,UNDER,True,True
wind >=15 + grass + division,3,31,53,19,36,12,17,-0.28514371413482503,84,0.36904761904761907,0.34545454545454546,29,0.41379310344827586,0.021383189937144585,0.030028945411892487,0.4596925387263637,UNDER,True,True
spread 3.5-7 + dome/closed + grass,3,53,31,23,18,30,13,0.2223990756594861,84,0.6309523809523809,0.5609756097560976,43,0.6976744186046512,0.021383189937144585,0.5327092552361137,0.4596925387263637,OVER,True,True
wind >=15 + grass + 1pm ET,3,60,89,40,58,20,31,-0.218280827682993,149,0.40268456375838924,0.40816326530612246,51,0.39215686274509803,0.021483350777722253,0.0854105891128045,0.4596925387263637,UNDER,True,True
1pm ET + away off bye,2,51,78,37,49,14,29,-0.23429824775339417,129,0.3953488372093023,0.43023255813953487,43,0.32558139534883723,0.021702953562836344,0.2353798622110552,0.4596925387263637,UNDER,True,True
home dog + wind >=10,2,154,198,97,123,57,75,-0.15119861682564736,352,0.4375,0.4409090909090909,132,0.4318181818181818,0.02177749289633502,0.09166541830579691,0.4596925387263637,UNDER,True,True
grass + 1pm ET + either team new QB,3,87,121,53,77,34,44,-0.18800017988338688,208,0.4182692307692308,0.4076923076923077,78,0.4358974358974359,0.02190257815489443,0.04325513078582882,0.4596925387263637,UNDER,True,True
outdoor + division,2,485,560,292,355,193,205,-0.09843315314197859,1045,0.46411483253588515,0.45131375579598143,398,0.4849246231155779,0.02202585444855745,0.014726843588203899,0.4596925387263637,UNDER,True,False
total 45-47.5 + outdoor + division,3,102,138,62,97,40,41,-0.17376828070931616,240,0.425,0.389937106918239,81,0.49382716049382713,0.023667640256366515,0.0068226200678986665,0.48496412629843544,UNDER,True,False
spread 3.5-7 + non-division + both off under,3,146,109,85,70,61,39,0.10643042777041764,255,0.5725490196078431,0.5483870967741935,100,0.61,0.023980943288481864,0.26073208800060255,0.48496412629843544,OVER,True,True
spread <=3 + wind >=10 + weeks 5-12,3,63,92,47,52,16,40,-0.20903193832593858,155,0.4064516129032258,0.47474747474747475,56,0.2857142857142857,0.024197878749948405,0.6878853435796918,0.48496412629843544,UNDER,True,True
total <=38 + 1pm ET,2,49,75,30,32,19,43,-0.2364764199044006,124,0.3951612903225806,0.4838709677419355,62,0.3064516129032258,0.02437017012239947,0.8990763136528589,0.48496412629843544,UNDER,False,True
total 42-44.5 + home dog + wind >=10,3,37,60,25,34,12,26,-0.25836440705299857,97,0.38144329896907214,0.423728813559322,38,0.3157894736842105,0.02499073659259804,0.2975952082844287,0.48496412629843544,UNDER,True,True
spread 10+ + outdoor + weeks 5-12,3,59,87,40,47,19,40,-0.20943622074026708,146,0.4041095890410959,0.45977011494252873,59,0.3220338983050847,0.025111377256256767,0.5202915935750735,0.48496412629843544,UNDER,True,True
turf + non-division + both off under,3,156,118,83,65,73,53,0.1020667463230667,274,0.5693430656934306,0.5608108108108109,126,0.5793650793650794,0.02522207032981686,0.16207156803057052,0.48496412629843544,OVER,True,True
wind >=15,1,140,181,87,115,53,66,-0.15350351885811153,321,0.43613707165109034,0.4306930693069307,119,0.44537815126050423,0.025423711243379086,0.05720157618329725,0.48496412629843544,UNDER,True,True
total 42-44.5 + dome/closed + non-division,3,55,82,32,41,23,41,-0.21932396275072835,137,0.40145985401459855,0.4383561643835616,64,0.359375,0.025966837322664315,0.34918183817058834,0.49005499372772865,UNDER,True,True
home fav + wind >=10 + non-division,3,174,219,119,132,55,87,-0.13939818085843295,393,0.44274809160305345,0.47410358565737054,142,0.3873239436619718,0.026326481715322023,0.44885539360960136,0.4916124059261186,UNDER,True,True
temp 33-45 + grass + non-division,3,71,101,41,51,30,50,-0.19867134710256773,172,0.4127906976744186,0.44565217391304346,80,0.375,0.026730285527994106,0.3481412903192068,0.4939534013193911,UNDER,True,True
total 42-44.5 + grass,2,283,339,175,200,108,139,-0.11732681939932238,622,0.454983922829582,0.4666666666666667,247,0.43724696356275305,0.02735297195100053,0.21515979655963452,0.49636167688930194,UNDER,True,True
temp 33-45 + grass,2,130,169,74,90,56,79,-0.15522440912720642,299,0.43478260869565216,0.45121951219512196,135,0.4148148148148148,0.027810146023362885,0.24138955165620354,0.49636167688930194,UNDER,True,True
wind >=15 + weeks 13+ reg,2,43,67,29,40,14,27,-0.24095034598064424,110,0.39090909090909093,0.42028985507246375,41,0.34146341463414637,0.02785088812566223,0.22840022535329702,0.49636167688930194,UNDER,True,True
total 42-44.5 + weeks 1-4,2,116,153,74,91,42,62,-0.16479953651380183,269,0.4312267657992565,0.4484848484848485,104,0.40384615384615385,0.027979801403004618,0.21278579701152114,0.49636167688930194,UNDER,True,True
total 38.5-41.5 + spread 7.5+,2,91,63,44,41,47,22,0.14477064684668428,154,0.5909090909090909,0.5176470588235295,69,0.6811594202898551,0.02924556857196787,0.8284232741648998,0.507335784543415,OVER,False,True
wind >=15 + division,2,44,68,27,46,17,22,-0.23840797914690984,112,0.39285714285714285,0.3698630136986301,39,0.4358974358974359,0.02930222297163282,0.034415913668175036,0.507335784543415,UNDER,True,True
total 51+ + home dog + outdoor,3,32,53,22,28,10,25,-0.2649848279897001,85,0.3764705882352941,0.44,35,0.2857142857142857,0.029456361785778883,0.47988766169832786,0.507335784543415,UNDER,True,True
non-division + either team new QB,2,186,231,91,116,95,115,-0.13234352860587134,417,0.4460431654676259,0.4396135265700483,210,0.4523809523809524,0.03106311942717694,0.09505503368014945,0.5211818987463243,UNDER,True,True
home fav + grass + division,3,214,262,124,168,90,94,-0.1293551003216285,476,0.4495798319327731,0.4246575342465753,184,0.4891304347826087,0.031113451360791116,0.011727402986761639,0.5211818987463243,UNDER,True,False
total 38.5-41.5 + spread 7.5+ + non-division,3,54,33,27,21,27,12,0.2007941268901431,87,0.6206896551724138,0.5625,39,0.6923076923076923,0.03141811023384611,0.470879013621712,0.5211818987463243,OVER,True,True
spread <=3 + division,2,228,277,138,163,90,114,-0.12171912923440811,505,0.4514851485148515,0.4584717607973422,204,0.4411764705882353,0.032579201412091856,0.1664545650665084,0.5211818987463243,UNDER,True,True
home fav + wind >=15 + grass,3,61,88,36,53,25,35,-0.20429458648918483,149,0.40939597315436244,0.4044943820224719,60,0.4166666666666667,0.03282183069756985,0.08932073673118937,0.5211818987463243,UNDER,True,True
spread 10+ + weeks 5-12 + non-division,3,56,82,35,47,21,35,-0.20916466043569465,138,0.4057971014492754,0.4268292682926829,56,0.375,0.03294750849564028,0.22424452830608183,0.5211818987463243,UNDER,True,True
home fav + turf + home off bye,3,55,34,40,20,15,14,0.2018722272477365,89,0.6179775280898876,0.6666666666666666,29,0.5172413793103449,0.03341672160209761,0.01348929373119186,0.5211818987463243,OVER,True,False
dome/closed + division + both off over,3,34,55,17,32,17,23,-0.2580319662818681,89,0.38202247191011235,0.3469387755102041,40,0.425,0.03341672160209761,0.04438416098714981,0.5211818987463243,UNDER,True,True
home dog + outdoor + weeks 1-4,3,104,138,69,76,35,62,-0.16340069105770771,242,0.4297520661157025,0.47586206896551725,97,0.36082474226804123,0.033679211933398526,0.6184454660388155,0.5211818987463243,UNDER,True,True
spread <=3 + grass + weeks 13+ reg,3,104,138,65,86,39,52,-0.1650012780754995,242,0.4297520661157025,0.4304635761589404,91,0.42857142857142855,0.033679211933398526,0.1033001364477296,0.5211818987463243,UNDER,True,True
spread 10+ + both off under,2,47,71,27,43,20,28,-0.22754995831450076,118,0.3983050847457627,0.38571428571428573,48,0.4166666666666667,0.03378817547182585,0.07223792719176257,0.5211818987463243,UNDER,True,True
home dog + outdoor + grass,3,358,418,229,251,129,167,-0.10312506255815261,776,0.46134020618556704,0.47708333333333336,296,0.4358108108108108,0.03410984189924887,0.33781044406512106,0.5211818987463243,UNDER,False,True
outdoor + grass + either team new QB,3,159,200,89,117,70,83,-0.13961961903230152,359,0.4428969359331476,0.4320388349514563,153,0.45751633986928103,0.034616207986812295,0.059684178679513415,0.5211818987463243,UNDER,True,True
spread 7.5+ + wind >=10,2,99,132,57,88,42,44,-0.1637496878490216,231,0.42857142857142855,0.3931034482758621,86,0.4883720930232558,0.03502510593929686,0.01245689834117241,0.5211818987463243,UNDER,True,False
total 42-44.5 + 1pm ET + weeks 13+ reg,3,80,110,43,70,37,40,-0.18309942115575284,190,0.42105263157894735,0.3805309734513274,77,0.4805194805194805,0.035111934798057666,0.014087495523758039,0.5211818987463243,UNDER,True,False
spread 3.5-7 + wind >=10 + either team new QB,3,31,51,19,33,12,18,-0.2637726776093901,82,0.3780487804878049,0.36538461538461536,30,0.4,0.03524144017874746,0.07039422106706228,0.5211818987463243,UNDER,True,True
grass + 1pm ET + non-division,3,329,386,206,232,123,154,-0.10585387087593817,715,0.46013986013986014,0.4703196347031963,277,0.44404332129963897,0.0361612804116034,0.23222665732900555,0.5211818987463243,UNDER,True,True
grass + playoffs,2,36,57,18,31,18,26,-0.24295964869296008,93,0.3870967741935484,0.3673469387755102,44,0.4090909090909091,0.03751423180190034,0.08543313315739454,0.5211818987463243,UNDER,True,True
grass + playoffs + non-division,3,32,52,18,28,14,24,-0.2535151478441322,84,0.38095238095238093,0.391304347826087,38,0.3684210526315789,0.03752953363441315,0.18392482137699062,0.5211818987463243,UNDER,True,True
wind >=15 + grass + weeks 5-12,3,45,68,27,43,18,25,-0.22805004074742807,113,0.39823008849557523,0.38571428571428573,43,0.4186046511627907,0.038018645582796294,0.07223792719176257,0.5211818987463243,UNDER,True,True
total <=38 + outdoor + grass,3,50,74,26,32,24,42,-0.22219922214739152,124,0.4032258064516129,0.4482758620689655,66,0.36363636363636365,0.038448497011000386,0.5118423084381691,0.5211818987463243,UNDER,True,True
temp 33-45 + grass + 1pm ET,3,55,80,34,47,21,33,-0.20578378498630256,135,0.4074074074074074,0.41975308641975306,54,0.3888888888888889,0.03847150032552219,0.18207674694084314,0.5211818987463243,UNDER,True,True
home fav + grass + 1pm ET,3,290,343,175,219,115,124,-0.10959965106976119,633,0.45813586097946285,0.44416243654822335,239,0.4811715481171548,0.03866763673197135,0.030158152731339982,0.5211818987463243,UNDER,True,False
total 45-47.5 + wind >=10,2,97,129,60,91,37,38,-0.16676320219197488,226,0.42920353982300885,0.3973509933774834,75,0.49333333333333335,0.03896314299074023,0.014359642888005238,0.5211818987463243,UNDER,True,False
total 48-50.5 + spread <=3 + outdoor,3,61,87,36,56,25,31,-0.19793882237455213,148,0.41216216216216217,0.391304347826087,56,0.44642857142857145,0.039518382596540266,0.04701156164485404,0.5211818987463243,UNDER,True,True
outdoor + grass + playoffs,3,33,53,16,28,17,25,-0.2519656547778914,86,0.38372093023255816,0.36363636363636365,42,0.40476190476190477,0.03985362856053515,0.09614175442061423,0.5211818987463243,UNDER,True,True
wind >=10 + weeks 13+ reg + division,3,56,81,31,50,25,31,-0.2039598766997652,137,0.40875912408759124,0.38271604938271603,56,0.44642857142857145,0.039928179668616365,0.04482852238579864,0.5211818987463243,UNDER,True,True
total 42-44.5 + grass + either team new QB,3,51,75,27,45,24,30,-0.21180675309155023,126,0.40476190476190477,0.375,54,0.4444444444444444,0.04003575935628392,0.04437092000802569,0.5211818987463243,UNDER,True,True
spread <=3 + wind >=10 + 1pm ET,3,85,115,59,70,26,45,-0.1768238920370204,200,0.425,0.4573643410852713,71,0.36619718309859156,0.04003719161339953,0.3786876626931186,0.5211818987463243,UNDER,True,True
home fav + temp 33-45 + grass,3,85,115,48,61,37,54,-0.17504996131357595,200,0.425,0.44036697247706424,91,0.4065934065934066,0.04003719161339953,0.2502820046919219,0.5211818987463243,UNDER,True,True
total 42-44.5 + outdoor + grass,3,260,310,161,179,99,131,-0.11438748848072577,570,0.45614035087719296,0.47352941176470587,230,0.43043478260869567,0.0400386351548683,0.3565704926911354,0.5211818987463243,UNDER,True,True
wind >=10 + 1pm ET + weeks 13+ reg,3,79,108,49,71,30,37,-0.17854264139237983,187,0.42245989304812837,0.4083333333333333,67,0.44776119402985076,0.040316152603177655,0.05477979691370204,0.5211818987463243,UNDER,True,True
total 42-44.5 + home fav + grass,3,171,212,103,132,68,80,-0.1330113275160661,383,0.4464751958224543,0.43829787234042555,148,0.4594594594594595,0.040823112212868606,0.06754404747166956,0.5211818987463243,UNDER,True,True
spread 10+ + weeks 5-12,2,86,116,55,67,31,49,-0.1698613585255814,202,0.42574257425742573,0.45081967213114754,80,0.3875,0.041041382738497494,0.31930829747524453,0.5211818987463243,UNDER,True,True
weeks 1-4 + both off under,2,109,80,63,41,46,39,0.1187296419740272,189,0.5767195767195767,0.6057692307692307,85,0.5411764705882353,0.04139561928397319,0.038957933401311866,0.5211818987463243,OVER,True,True
outdoor + 1pm ET,2,748,830,452,504,296,326,-0.07942087613310449,1578,0.4740177439797212,0.47280334728033474,622,0.4758842443729904,0.04140938381364614,0.0990032103867134,0.5211818987463243,UNDER,True,True
total 42-44.5 + spread 3.5-7 + non-division,3,107,140,67,79,40,61,-0.15954169420450234,247,0.4331983805668016,0.4589041095890411,101,0.39603960396039606,0.04152166505216836,0.36267876308767727,0.5211818987463243,UNDER,True,True
spread 10+ + grass + 1pm ET,3,52,76,28,47,24,29,-0.20647912739919302,128,0.40625,0.37333333333333335,53,0.4528301886792453,0.04163828383950259,0.0369549040273683,0.5211818987463243,UNDER,True,True
grass + 1pm ET + both off over,3,115,149,73,90,42,59,-0.15719407820772036,264,0.4356060606060606,0.44785276073619634,101,0.4158415841584158,0.04205029032387039,0.20999518680228427,0.5211818987463243,UNDER,True,True
spread 7.5+ + wind >=10 + division,3,34,54,16,38,18,16,-0.24651289923476752,88,0.38636363636363635,0.2962962962962963,34,0.5294117647058824,0.04221061162240417,0.003838265880326096,0.5211818987463243,UNDER,True,False
1pm ET + non-division + either team new QB,3,101,133,52,74,49,59,-0.15936574746656534,234,0.43162393162393164,0.4126984126984127,108,0.4537037037037037,0.042479994391775876,0.0609382526156603,0.5211818987463243,UNDER,True,True
total 38.5-41.5 + spread 3.5-7 + weeks 5-12,3,65,43,43,29,22,14,0.1644704064966844,108,0.6018518518518519,0.5972222222222222,36,0.6111111111111112,0.04280722079922557,0.12491820036864004,0.5211818987463243,OVER,True,True
total 38.5-41.5 + turf,2,159,124,78,71,81,53,0.08605781901503776,283,0.5618374558303887,0.5234899328859061,134,0.6044776119402985,0.04307998253769847,0.6231944984411374,0.5211818987463243,OVER,False,True
outdoor + primetime + division,3,109,142,67,90,42,52,-0.1596172293342716,251,0.4342629482071713,0.4267515923566879,94,0.44680851063829785,0.043187000628923146,0.07879180968273986,0.5211818987463243,UNDER,True,True
total 42-44.5 + outdoor + either team new QB,3,64,90,33,53,31,37,-0.1914808396920118,154,0.4155844155844156,0.38372093023255816,68,0.45588235294117646,0.04359993650333536,0.03985362856053515,0.5226100497088981,UNDER,True,True
spread <=3 + outdoor,2,505,572,330,331,175,241,-0.08952780110357403,1077,0.4688950789229341,0.49924357034795763,416,0.4206730769230769,0.0442636524361455,1.0,0.5237802781974212,UNDER,False,True
total 42-44.5 + 1pm ET,2,272,322,164,196,108,126,-0.11001086578140687,594,0.45791245791245794,0.45555555555555555,234,0.46153846153846156,0.044288073128305065,0.10215907217867466,0.5237802781974212,UNDER,True,True
home dog + outdoor,2,510,577,313,325,197,252,-0.08900114449939314,1087,0.46918123275068996,0.49059561128526646,449,0.43875278396436523,0.0452523583527171,0.6632373149502251,0.5316402895213254,UNDER,False,True
home dog + outdoor + division,3,181,222,110,134,71,88,-0.12481499830809796,403,0.4491315136476427,0.45081967213114754,159,0.44654088050314467,0.04617729321745411,0.1407480762819337,0.5361970427893628,UNDER,True,True
wind >=10 + either team new QB,2,78,106,44,64,34,42,-0.17501064414447648,184,0.42391304347826086,0.4074074074074074,76,0.4473684210526316,0.0462447280421491,0.0670104147522952,0.5361970427893628,UNDER,True,True
total 48-50.5 + home fav + division,3,50,73,34,44,16,29,-0.2095969478259771,123,0.4065040650406504,0.4358974358974359,45,0.35555555555555557,0.0468500791864558,0.3081682319436807,0.537668503807612,UNDER,True,True
wind >=10 + weeks 5-12 + both off over,3,36,56,24,35,12,21,-0.24163383034924915,92,0.391304347826087,0.4067796610169492,33,0.36363636363636365,0.04701156164485404,0.19252645776146274,0.537668503807612,UNDER,True,True
total 42-44.5 + home dog + either team new QB,3,32,51,18,22,14,29,-0.2510891849282358,83,0.3855421686746988,0.45,43,0.32558139534883723,0.047524889256531824,0.6358280026288412,0.537668503807612,UNDER,True,True
total 38.5-41.5 + outdoor + turf,3,100,73,50,46,50,27,0.11783869273465107,173,0.5780346820809249,0.5208333333333334,77,0.6493506493506493,0.047756447681289727,0.75964928832363,0.537668503807612,OVER,False,True
total 42-44.5,1,491,556,298,316,193,240,-0.09042255654702491,1047,0.4689589302769819,0.48534201954397393,433,0.4457274826789838,0.047887048253440076,0.49270386520048953,0.537668503807612,UNDER,False,True
total 42-44.5 + outdoor + 1pm ET,3,217,261,131,159,86,102,-0.11714868171821187,478,0.45397489539748953,0.4517241379310345,188,0.4574468085106383,0.04909567483464222,0.11269742410917157,0.5477718689097818,UNDER,True,True
grass + weeks 5-12 + non-division,3,300,351,186,201,114,150,-0.10642363674503039,651,0.4608294930875576,0.4806201550387597,264,0.4318181818181818,0.049952778212884755,0.4767225487071675,0.5489839624497324,UNDER,False,True
turf + weeks 1-4 + both off under,3,52,33,25,17,27,16,0.18497325565595552,85,0.611764705882353,0.5952380952380952,43,0.627906976744186,0.050250895335291444,0.27995623852893914,0.5489839624497324,OVER,True,True
total 42-44.5 + home dog + weeks 1-4,3,33,52,18,28,15,24,-0.24168127499284398,85,0.38823529411764707,0.391304347826087,39,0.38461538461538464,0.050250895335291444,0.18392482137699062,0.5489839624497324,UNDER,True,True
temp 33-45 + weeks 5-12 + non-division,3,42,63,31,41,11,22,-0.22192061149834602,105,0.4,0.4305555555555556,33,0.3333333333333333,0.05044215663996977,0.2887842804141049,0.5489839624497324,UNDER,True,True
primetime + weeks 13+ reg + division,3,43,64,24,36,19,28,-0.21746614395518393,107,0.40186915887850466,0.4,47,0.40425531914893614,0.052667781298624275,0.1550019040032606,0.5609811138898997,UNDER,True,True
turf + home off bye,2,70,48,49,26,21,22,0.15109603382877607,118,0.5932203389830508,0.6533333333333333,43,0.4883720930232558,0.052748349677391594,0.01058211705170527,0.5609811138898997,OVER,True,False
spread 10+ + wind >=10 + grass,3,34,53,19,38,15,15,-0.2336752983788922,87,0.39080459770114945,0.3333333333333333,30,0.5,0.05300311301096223,0.016348103897376145,0.5609811138898997,UNDER,True,False
spread 10+ + temp 33-45,2,34,53,20,30,14,23,-0.23478684317863352,87,0.39080459770114945,0.4,37,0.3783783783783784,0.05300311301096223,0.20263875106454066,0.5609811138898997,UNDER,True,True
home fav + grass + weeks 1-4,3,182,146,118,88,64,58,0.07294106311454183,328,0.5548780487804879,0.5728155339805825,122,0.5245901639344263,0.05312560717784844,0.04306699847787249,0.5609811138898997,OVER,True,True
grass + 1pm ET + division,3,165,203,100,125,65,78,-0.1275520512524131,368,0.4483695652173913,0.4444444444444444,143,0.45454545454545453,0.05361308860352409,0.10939346729996922,0.562778811731667,UNDER,True,True
temp 33-45 + grass + weeks 5-12,3,39,59,28,33,11,26,-0.22917908109383103,98,0.3979591836734694,0.45901639344262296,37,0.2972972972972973,0.05439055827708837,0.6089207154048286,0.5649286336043665,UNDER,True,True
total 51+ + outdoor + grass,3,72,98,43,55,29,43,-0.1712113327612742,170,0.4235294117647059,0.4387755102040816,72,0.4027777777777778,0.05486518238547433,0.2664055944111917,0.5649286336043665,UNDER,True,True
total 45-47.5 + wind >=10 + weeks 5-12,3,44,65,29,45,15,20,-0.2167722574847226,109,0.4036697247706422,0.3918918918918919,35,0.42857142857142855,0.054908817775760344,0.08050685743008208,0.5649286336043665,UNDER,True,True
weeks 5-12 + away off bye,2,100,130,70,83,30,47,-0.15629720918157358,230,0.43478260869565216,0.45751633986928103,77,0.38961038961038963,0.055613577781392295,0.3319932514398636,0.5649286336043665,UNDER,True,True
total 38.5-41.5 + home fav + turf,3,106,79,55,43,51,36,0.11026082994879204,185,0.572972972972973,0.5612244897959183,87,0.5862068965517241,0.05563867923365775,0.2664055944111917,0.5649286336043665,OVER,True,True
total 42-44.5 + home fav + non-division,3,188,228,122,137,66,91,-0.12087568599156855,416,0.4519230769230769,0.47104247104247104,157,0.42038216560509556,0.05572858561486141,0.3843834331741721,0.5649286336043665,UNDER,True,True
spread 7.5+ + non-division + either team new QB,3,50,72,22,36,28,36,-0.19787730204572127,122,0.4098360655737705,0.3793103448275862,64,0.4375,0.05682268892317527,0.08694889972991102,0.5726194927175474,UNDER,True,True
total 38.5-41.5 + spread 3.5-7,2,149,117,95,76,54,41,0.08568607076173612,266,0.5601503759398496,0.5555555555555556,95,0.5684210526315789,0.05713283551916905,0.16848371748885832,0.5726194927175474,OVER,True,True
grass + either team new QB,2,181,220,99,128,82,92,-0.1239539826176254,401,0.4513715710723192,0.43612334801762115,174,0.47126436781609193,0.05760952246249667,0.06287060424787497,0.5741533306093769,UNDER,True,True
home dog + wind >=10 + non-division,3,95,124,59,74,36,50,-0.15773671908949977,219,0.4337899543378995,0.44360902255639095,86,0.4186046511627907,0.05823432889746562,0.22462992985836275,0.5768975843564469,UNDER,True,True
spread 3.5-7 + grass + 1pm ET,3,193,233,122,137,71,96,-0.1198139057151963,426,0.45305164319248825,0.47104247104247104,167,0.4251497005988024,0.05869001272019264,0.3843834331741721,0.5768975843564469,UNDER,True,True
home fav + non-division + both off under,3,222,183,138,106,84,77,0.06254301847080111,405,0.5481481481481482,0.5655737704918032,161,0.5217391304347826,0.05886046379285056,0.046969811384873786,0.5768975843564469,OVER,True,False
total <=38 + outdoor,2,75,101,43,48,32,53,-0.17706638515451378,176,0.42613636363636365,0.4725274725274725,85,0.3764705882352941,0.05919615140062463,0.6752224599160568,0.576999849366528,UNDER,True,True
outdoor + grass + away off bye,3,57,80,38,51,19,29,-0.19462289688956352,137,0.41605839416058393,0.42696629213483145,48,0.3958333333333333,0.05976798194970614,0.20311681873649565,0.5793901638184628,UNDER,True,True
outdoor + weeks 1-4 + division,3,90,118,60,73,30,45,-0.16394247611440366,208,0.4326923076923077,0.45112781954887216,75,0.4,0.060930467194636795,0.29807066339153937,0.5874491782787266,UNDER,True,True
spread <=3 + wind >=15 + grass,3,37,56,24,34,13,22,-0.2286301731144712,93,0.3978494623655914,0.41379310344827586,35,0.37142857142857144,0.06138589870445953,0.23704711476271959,0.5885541452493747,UNDER,True,True
home dog + wind >=15,2,47,68,30,44,17,24,-0.20777453000452994,115,0.40869565217391307,0.40540540540540543,41,0.4146341463414634,0.06170860823922418,0.13017768031912758,0.5885541452493747,UNDER,True,True
home fav + primetime + division,3,91,119,58,77,33,42,-0.16559754462023638,210,0.43333333333333335,0.42962962962962964,75,0.44,0.06217977335749592,0.12101372565511781,0.5898765665037314,UNDER,True,True
spread 3.5-7 + division + both off under,3,59,82,31,52,28,30,-0.18680244881404848,141,0.41843971631205673,0.37349397590361444,58,0.4827586206896552,0.0635371986671395,0.027534178012294533,0.5945800692563215,UNDER,True,False
home fav + outdoor + grass,3,601,668,369,408,232,260,-0.08168524299639748,1269,0.4736012608353034,0.4749034749034749,492,0.4715447154471545,0.06387800348280274,0.17276662446013227,0.5945800692563215,UNDER,True,True
spread <=3 + SNF (Sun night),2,43,63,32,35,11,28,-0.21268383508027108,106,0.4056603773584906,0.47761194029850745,39,0.28205128205128205,0.06446359198949365,0.8071946913670247,0.5945800692563215,UNDER,False,True
home dog + primetime + non-division,3,72,97,39,42,33,55,-0.17245701589769125,169,0.4260355029585799,0.48148148148148145,88,0.375,0.06455076034177604,0.8243132151052083,0.5945800692563215,UNDER,False,True
total 45-47.5 + spread 3.5-7 + weeks 5-12,3,72,97,42,67,30,30,-0.17515605925848093,169,0.4260355029585799,0.3853211009174312,60,0.5,0.06455076034177604,0.021086405713137645,0.5945800692563215,UNDER,True,False
total 38.5-41.5 + spread 3.5-7 + outdoor,3,121,93,79,62,42,31,0.09621887294278503,214,0.5654205607476636,0.5602836879432624,73,0.5753424657534246,0.06468655770375989,0.17762983675110358,0.5945800692563215,OVER,True,True
1pm ET + either team new QB,2,173,210,90,125,83,85,-0.12414487700932005,383,0.4516971279373368,0.4186046511627907,168,0.49404761904761907,0.06569924299780827,0.020192757968287105,0.5987485096760436,UNDER,True,False
total 42-44.5 + weeks 1-4 + non-division,3,73,98,48,56,25,42,-0.16868625029034312,171,0.4269005847953216,0.46153846153846156,67,0.373134328358209,0.0661429101428119,0.4926450664865023,0.5987485096760436,UNDER,True,True
dome/closed + Thursday,2,52,34,25,21,27,13,0.16632077401747228,86,0.6046511627906976,0.5434782608695652,40,0.675,0.06615259746138927,0.6587380770236564,0.5987485096760436,OVER,True,True
either team new QB,1,321,370,157,200,164,170,-0.09872958475268293,691,0.4645441389290883,0.43977591036414565,334,0.49101796407185627,0.06777187104915904,0.02608595568600793,0.6019593093924028,UNDER,True,False
home dog + either team new QB,2,121,152,60,79,61,73,-0.14014623244396318,273,0.4432234432234432,0.4316546762589928,134,0.4552238805970149,0.06922339529896071,0.1265229449726362,0.6019593093924028,UNDER,True,True
wind >=10 + grass + both off over,3,62,85,37,50,25,35,-0.18066151809967354,147,0.4217687074829932,0.42528735632183906,60,0.4166666666666667,0.06923250717353216,0.1979791406725175,0.6019593093924028,UNDER,True,True
total 42-44.5 + home fav + dome/closed,3,62,85,40,50,22,35,-0.1804399307119599,147,0.4217687074829932,0.4444444444444444,57,0.38596491228070173,0.06923250717353216,0.3428331194207878,0.6019593093924028,UNDER,True,True
home dog + primetime + weeks 13+ reg,3,35,53,20,25,15,28,-0.22403152917763403,88,0.3977272727272727,0.4444444444444444,43,0.3488372093023256,0.06934604368506445,0.5514843298025198,0.6019593093924028,UNDER,True,True
total 45-47.5 + spread 10+ + outdoor,3,35,53,20,36,15,17,-0.22305168123269656,88,0.3977272727272727,0.35714285714285715,32,0.46875,0.06934604368506445,0.044046546102150766,0.6019593093924028,UNDER,True,True
home dog + grass + weeks 1-4,3,82,108,59,67,23,41,-0.1575276744056127,190,0.43157894736842106,0.46825396825396826,64,0.359375,0.0694442006809053,0.5330527502675567,0.6019593093924028,UNDER,True,True
total 42-44.5 + wind >=10 + weeks 5-12,3,45,65,30,42,15,23,-0.2009180344175203,110,0.4090909090909091,0.4166666666666667,38,0.39473684210526316,0.06956519633623025,0.1945051658673991,0.6019593093924028,UNDER,True,True
total 42-44.5 + spread <=3 + 1pm ET,3,97,125,63,71,34,54,-0.14976558287177424,222,0.4369369369369369,0.4701492537313433,88,0.38636363636363635,0.06972701006096359,0.5455343664798736,0.6019593093924028,UNDER,True,True
spread 7.5+ + wind >=10 + weeks 5-12,3,40,59,25,41,15,18,-0.2073794700970113,99,0.40404040404040403,0.3787878787878788,33,0.45454545454545453,0.06990057369494644,0.06401750413722565,0.6019593093924028,UNDER,True,True
spread <=3 + wind >=15,2,51,72,34,44,17,28,-0.1970958297819562,123,0.4146341463414634,0.4358974358974359,45,0.37777777777777777,0.07090166737501422,0.3081682319436807,0.6048620083862559,UNDER,True,True
wind >=10 + 1pm ET + division,3,83,109,52,75,31,34,-0.15786306026645128,192,0.4322916666666667,0.4094488188976378,65,0.47692307692307695,0.07091955904416078,0.050487005985972,0.6048620083862559,UNDER,True,False
total 45-47.5 + wind >=10 + 1pm ET,3,57,79,36,59,21,20,-0.18882978234415249,136,0.41911764705882354,0.37894736842105264,41,0.5121951219512195,0.07135326795326222,0.023488002836921144,0.6056492696128573,UNDER,True,False
total 45-47.5 + home fav + wind >=10,3,58,80,35,54,23,26,-0.18250636906695777,138,0.42028985507246375,0.39325842696629215,49,0.46938775510204084,0.07345060421252653,0.05577832765373432,0.607407293961163,UNDER,True,True
home fav + weeks 1-4 + non-division,3,234,196,145,117,89,79,0.054962556401926384,430,0.5441860465116279,0.5534351145038168,168,0.5297619047619048,0.07425243854986144,0.09511486944573172,0.607407293961163,OVER,True,True
total 38.5-41.5 + home fav,2,234,196,140,118,94,78,0.05387643707853894,430,0.5441860465116279,0.5426356589147286,172,0.5465116279069767,0.07425243854986144,0.19097469581451937,0.607407293961163,OVER,True,True
home fav + division + both off under,3,93,120,55,75,38,45,-0.15331670427056146,213,0.43661971830985913,0.4230769230769231,83,0.4578313253012048,0.07458460791806128,0.09525341143251805,0.607407293961163,UNDER,True,True
total 48-50.5 + grass + division,3,47,67,28,40,19,27,-0.19339066222614026,114,0.41228070175438597,0.4117647058823529,46,0.41304347826086957,0.07469253007976612,0.1818100545355934,0.607407293961163,UNDER,True,True
total 48-50.5 + grass + primetime,3,32,49,20,31,12,18,-0.23566708282075244,81,0.3950617283950617,0.39215686274509803,30,0.4,0.07478815428283364,0.16077960181198847,0.607407293961163,UNDER,True,True
total 38.5-41.5 + spread 3.5-7 + non-division,3,88,65,57,40,31,25,0.11579292614620083,153,0.5751633986928104,0.5876288659793815,56,0.5535714285714286,0.07496157752821145,0.10376938287271804,0.607407293961163,OVER,True,True
spread 10+ + wind >=10,2,53,74,32,52,21,22,-0.18335495495778328,127,0.41732283464566927,0.38095238095238093,43,0.4883720930232558,0.07553055923069629,0.03752953363441315,0.607407293961163,UNDER,True,False
wind >=10 + 1pm ET + both off over,3,53,74,34,47,19,27,-0.19229047797382381,127,0.41732283464566927,0.41975308641975306,46,0.41304347826086957,0.07553055923069629,0.18207674694084314,0.607407293961163,UNDER,True,True
home dog + turf + primetime,3,53,74,27,34,26,40,-0.18670199674095653,127,0.41732283464566927,0.4426229508196721,66,0.3939393939393939,0.07553055923069629,0.4426260049464714,0.607407293961163,UNDER,True,True
home dog + outdoor + 1pm ET,3,298,344,178,185,120,159,-0.09917784094337738,642,0.46417445482866043,0.4903581267217631,279,0.43010752688172044,0.07564964439260943,0.7528733324661657,0.607407293961163,UNDER,False,True
total 38.5-41.5 + weeks 1-4,2,96,72,62,40,34,32,0.10609014939163228,168,0.5714285714285714,0.6078431372549019,66,0.5151515151515151,0.07566911610226439,0.03706676743856058,0.607407293961163,OVER,True,False
primetime + division,2,147,180,90,116,57,64,-0.12958086101589672,327,0.44954128440366975,0.4368932038834951,121,0.47107438016528924,0.07663270729462975,0.08128651294164668,0.6123712736066358,UNDER,True,True
home fav + wind >=10 + weeks 1-4,3,62,43,43,24,19,19,0.14169850358992822,105,0.5904761904761905,0.6417910447761194,38,0.5,0.07848502733901777,0.027119992403126333,0.6130650926101285,OVER,True,False
home fav + wind >=10 + either team new QB,3,43,62,24,32,19,30,-0.20352518201147532,105,0.4095238095238095,0.42857142857142855,49,0.3877551020408163,0.07848502733901777,0.34968195298368476,0.6130650926101285,UNDER,True,True
home dog + weeks 1-4 + division,3,43,62,27,35,16,27,-0.2020394385572525,105,0.4095238095238095,0.43548387096774194,43,0.37209302325581395,0.07848502733901777,0.37415171240479483,0.6130650926101285,UNDER,True,True
total 42-44.5 + spread 3.5-7 + grass,3,104,132,64,83,40,49,-0.14425705247314588,236,0.4406779661016949,0.43537414965986393,89,0.449438202247191,0.07860297621737809,0.1373777662491239,0.6130650926101285,UNDER,True,True
outdoor + division + both off under,3,113,142,62,84,51,58,-0.14083322459943573,255,0.44313725490196076,0.4246575342465753,109,0.46788990825688076,0.07932440699301477,0.08186174437673054,0.6130650926101285,UNDER,True,True
outdoor,1,1418,1514,876,914,542,600,-0.061539662903217905,2932,0.48362892223738063,0.4893854748603352,1142,0.4746059544658494,0.07933525290232958,0.3818343755149985,0.6130650926101285,UNDER,False,True
home dog + grass + 1pm ET,3,204,242,131,134,73,108,-0.11050943368020998,446,0.45739910313901344,0.49433962264150944,181,0.40331491712707185,0.07965709713972154,0.9022490316611473,0.6130650926101285,UNDER,False,True
1pm ET + weeks 5-12 + both off over,3,97,124,66,73,31,51,-0.15007351037236377,221,0.43891402714932126,0.4748201438848921,82,0.3780487804878049,0.0800647248202556,0.6109736899560239,0.6130650926101285,UNDER,True,True
home fav + grass,2,658,724,398,444,260,280,-0.07683933474841186,1382,0.4761215629522431,0.47268408551068886,540,0.48148148148148145,0.08034434077217187,0.12089735326103314,0.6130650926101285,UNDER,True,False
spread 3.5-7 + 1pm ET + either team new QB,3,68,91,38,53,30,38,-0.17089732090846046,159,0.4276729559748428,0.4175824175824176,68,0.4411764705882353,0.08070858724864134,0.14179337454474714,0.6130650926101285,UNDER,True,True
spread <=3 + wind >=15 + non-division,3,34,51,21,30,13,21,-0.2267018503092834,85,0.4,0.4117647058823529,34,0.38235294117647056,0.08205429958748713,0.2624375357110438,0.6130650926101285,UNDER,True,True
total 38.5-41.5 + non-division,2,233,196,139,116,94,80,0.05088956225539642,429,0.5431235431235432,0.5450980392156862,174,0.5402298850574713,0.08207353648523567,0.16817342430602455,0.6130650926101285,OVER,True,True
total 38.5-41.5 + outdoor + weeks 1-4,3,77,56,50,31,27,25,0.12157789165372762,133,0.5789473684210527,0.6172839506172839,52,0.5192307692307693,0.08249129252516192,0.04482852238579864,0.6130650926101285,OVER,True,False
spread 3.5-7 + wind >=10 + division,3,56,77,35,55,21,22,-0.18040049655710644,133,0.42105263157894735,0.3888888888888889,43,0.4883720930232558,0.08249129252516192,0.04459752462791592,0.6130650926101285,UNDER,True,False
outdoor + weeks 5-12 + away off bye,3,76,100,57,62,19,38,-0.1618149242518786,176,0.4318181818181818,0.4789915966386555,57,0.3333333333333333,0.08268027772126395,0.7140263124847863,0.6130650926101285,UNDER,False,True
total 38.5-41.5,1,376,329,222,205,154,124,0.03247916090193768,705,0.5333333333333333,0.5199063231850117,278,0.5539568345323741,0.0831187058531202,0.43879287130940153,0.6130650926101285,OVER,False,True
spread <=3 + 1pm ET + both off over,3,77,101,47,61,30,40,-0.16199517185349235,178,0.43258426966292135,0.4351851851851852,70,0.42857142857142855,0.0844339624789741,0.210765793978782,0.6130650926101285,UNDER,True,True
wind >=10 + grass + both off under,3,70,93,50,59,20,34,-0.1661958059806514,163,0.4294478527607362,0.45871559633027525,54,0.37037037037037035,0.0845430581843451,0.4436695012023486,0.6130650926101285,UNDER,True,True
away off bye,1,118,147,79,90,39,57,-0.1366657146952538,265,0.44528301886792454,0.46745562130177515,96,0.40625,0.08523490462986846,0.44185016848818254,0.6130650926101285,UNDER,True,True
outdoor + 1pm ET + week 1,3,35,52,26,29,9,23,-0.21969505889936972,87,0.40229885057471265,0.4727272727272727,32,0.28125,0.08568897435916664,0.7877061896700431,0.6130650926101285,UNDER,True,True
total 48-50.5 + weeks 5-12 + both off over,3,35,52,23,29,12,23,-0.21800800961435945,87,0.40229885057471265,0.4423076923076923,35,0.34285714285714286,0.08568897435916664,0.48845566937989204,0.6130650926101285,UNDER,True,True
wind >=10 + primetime,2,64,86,42,41,22,45,-0.17055851951408457,150,0.4266666666666667,0.5060240963855421,67,0.3283582089552239,0.08607110318597111,1.0,0.6130650926101285,UNDER,False,False
home dog + primetime,2,128,158,71,81,57,77,-0.12891077749356752,286,0.44755244755244755,0.46710526315789475,134,0.4253731343283582,0.08620281482797962,0.4655089982676932,0.6130650926101285,UNDER,True,True
home dog + 1pm ET + division,3,128,158,81,87,47,71,-0.1294776469095087,286,0.44755244755244755,0.48214285714285715,118,0.3983050847457627,0.08620281482797962,0.6997974882614117,0.6130650926101285,UNDER,False,True
home fav + outdoor + turf,3,307,265,194,177,113,88,0.042233727688153935,572,0.5367132867132867,0.522911051212938,201,0.5621890547263682,0.08638542821064973,0.4061882977913418,0.6130650926101285,OVER,False,True
grass + primetime + division,3,86,111,54,71,32,40,-0.1576965395644356,197,0.4365482233502538,0.432,72,0.4444444444444444,0.08702126865820897,0.1521208669667595,0.6130650926101285,UNDER,True,True
total 45-47.5 + spread 3.5-7 + 1pm ET,3,94,120,50,80,44,40,-0.15010602374229826,214,0.4392523364485981,0.38461538461538464,84,0.5238095238095238,0.08722041670227527,0.010694055123829347,0.6130650926101285,UNDER,True,False
total 42-44.5 + home dog + 1pm ET,3,94,120,52,60,42,60,-0.147262232950876,214,0.4392523364485981,0.4642857142857143,102,0.4117647058823529,0.08722041670227527,0.5085131799736622,0.6130650926101285,UNDER,True,True
total 45-47.5 + grass + weeks 5-12,3,111,139,67,89,44,50,-0.13881871493500983,250,0.444,0.42948717948717946,94,0.46808510638297873,0.08750233036596287,0.09237684581860012,0.6130650926101285,UNDER,True,True
grass + 1pm ET + weeks 13+ reg,3,149,181,85,115,64,66,-0.12198756195203263,330,0.45151515151515154,0.425,130,0.49230769230769234,0.08776276715375499,0.04003719161339953,0.6130650926101285,UNDER,True,False
weeks 5-12 + non-division + away off bye,3,65,87,44,52,21,35,-0.17282403640998217,152,0.4276315789473684,0.4583333333333333,56,0.375,0.0881746479446739,0.47515204998657296,0.6130650926101285,UNDER,True,True
total 38.5-41.5 + turf + non-division,3,95,72,47,38,48,34,0.09933886875505246,167,0.5688622754491018,0.5529411764705883,82,0.5853658536585366,0.08837580839996567,0.3856694201192796,0.6130650926101285,OVER,True,True
grass + division + both off over,3,87,112,57,72,30,40,-0.14708378446765816,199,0.4371859296482412,0.4418604651162791,70,0.42857142857142855,0.08863025090616314,0.2175612538394611,0.6130650926101285,UNDER,True,True
home fav + temp 33-45,2,150,182,91,107,59,75,-0.12268994839364059,332,0.45180722891566266,0.4595959595959596,134,0.44029850746268656,0.08872608016115141,0.2863956298917919,0.6130650926101285,UNDER,True,True
spread 7.5+ + wind >=10 + 1pm ET,3,59,80,33,56,26,24,-0.17381886061284146,139,0.4244604316546763,0.3707865168539326,50,0.52,0.08945231499446922,0.01918660866014698,0.6130650926101285,UNDER,True,False
wind >=10 + weeks 5-12 + division,3,59,80,37,56,22,24,-0.17534015145835663,139,0.4244604316546763,0.3978494623655914,46,0.4782608695652174,0.08945231499446922,0.06138589870445953,0.6130650926101285,UNDER,True,False
outdoor + 1pm ET + either team new QB,3,131,161,71,99,60,62,-0.12995484679347274,292,0.4486301369863014,0.4176470588235294,122,0.4918032786885246,0.08950612118716081,0.03806366960413436,0.6130650926101285,UNDER,True,False
home dog + weeks 13+ reg + either team new QB,3,47,66,22,32,25,34,-0.1937653470765409,113,0.415929203539823,0.4074074074074074,59,0.423728813559322,0.08995433294496456,0.22032849417661093,0.6136987525801539,UNDER,True,True
home dog + grass + either team new QB,3,73,96,41,57,32,39,-0.16088091405051416,169,0.4319526627218935,0.41836734693877553,71,0.4507042253521127,0.09029051545852322,0.12929258395357313,0.6136987525801539,UNDER,True,True
home fav + weeks 5-12 + either team new QB,3,74,97,39,56,35,41,-0.16141995752743843,171,0.4327485380116959,0.4105263157894737,76,0.4605263157894737,0.09220360536584875,0.10017333048675525,0.6240206149555478,UNDER,True,True
spread 10+ + 1pm ET + weeks 5-12,3,48,67,30,39,18,28,-0.18824520472546824,115,0.41739130434782606,0.43478260869565216,46,0.391304347826087,0.0928159209821896,0.3355576182340152,0.6240206149555478,UNDER,True,True
division + both off over,2,144,175,91,108,53,67,-0.11977198917429163,319,0.45141065830721006,0.457286432160804,120,0.44166666666666665,0.09286439816700374,0.25665059122063877,0.6240206149555478,UNDER,True,True
spread <=3 + temp 33-45 + grass,3,43,61,25,32,18,29,-0.1951382583423233,104,0.41346153846153844,0.43859649122807015,47,0.3829787234042553,0.09504367479940816,0.42704285650325524,0.6271347927498068,UNDER,True,True
grass + non-division + either team new QB,3,108,135,58,73,50,62,-0.1360304524352233,243,0.4444444444444444,0.44274809160305345,112,0.44642857142857145,0.09513291273899531,0.22111601916299528,0.6271347927498068,UNDER,True,True
outdoor + non-division + away off bye,3,55,75,38,43,17,32,-0.18312217387223834,130,0.4230769230769231,0.4691358024691358,49,0.3469387755102041,0.09525341143251805,0.6569924675863577,0.6271347927498068,UNDER,True,True
wind >=10 + grass + primetime,3,49,68,31,34,18,34,-0.18681566266440433,117,0.4188034188034188,0.47692307692307695,52,0.34615384615384615,0.09567271500960485,0.8043170001933984,0.6271347927498068,UNDER,False,True
temp 33-45,1,229,267,133,154,96,113,-0.10353009082193568,496,0.46169354838709675,0.4634146341463415,209,0.45933014354066987,0.09654471996319028,0.23772336278505415,0.6271347927498068,UNDER,True,True
total 38.5-41.5 + spread 3.5-7 + grass,3,91,69,61,47,30,22,0.10211147697530891,160,0.56875,0.5648148148148148,52,0.5769230769230769,0.09656935339177963,0.210765793978782,0.6271347927498068,OVER,True,True
total 45-47.5 + home fav + weeks 1-4,3,91,69,57,43,34,26,0.10192616677696913,160,0.56875,0.57,60,0.5666666666666667,0.09656935339177963,0.19334790449564243,0.6271347927498068,OVER,True,True
home dog + 1pm ET + both off under,3,84,108,38,49,46,59,-0.152875922387522,192,0.4375,0.4367816091954023,105,0.4380952380952381,0.096683531376212,0.2836071084054854,0.6271347927498068,UNDER,True,True
total 38.5-41.5 + spread 10+,2,49,33,26,25,23,8,0.1587925231158162,82,0.5975609756097561,0.5098039215686274,31,0.7419354838709677,0.09703091129729907,1.0,0.6271347927498068,OVER,False,True
division,1,692,756,397,465,295,291,-0.07227980317131266,1448,0.47790055248618785,0.4605568445475638,586,0.5034129692832765,0.0977685732443153,0.0224327753676501,0.6271347927498068,UNDER,True,False
total 38.5-41.5 + spread <=3 + weeks 5-12,3,44,62,29,36,15,26,-0.19849553516803428,106,0.41509433962264153,0.4461538461538462,41,0.36585365853658536,0.09824250442243807,0.45702078541058977,0.6271347927498068,UNDER,True,True
weeks 13+ reg + non-division + either team new QB,3,50,69,20,29,30,40,-0.1811174087924344,119,0.42016806722689076,0.40816326530612246,70,0.42857142857142855,0.0985236274022573,0.2528697301676033,0.6271347927498068,UNDER,True,True
total 45-47.5 + home dog + weeks 5-12,3,70,92,44,52,26,40,-0.16043726722067653,162,0.43209876543209874,0.4583333333333333,66,0.3939393939393939,0.09866088299307307,0.47515204998657296,0.6271347927498068,UNDER,True,True
total 42-44.5 + home fav + wind >=10,3,70,92,47,59,23,33,-0.15591665346929512,162,0.43209876543209874,0.44339622641509435,56,0.4107142857142857,0.09866088299307307,0.2852844218656583,0.6271347927498068,UNDER,True,True
spread 3.5-7 + weeks 5-12 + both off over,3,63,84,39,57,24,27,-0.1667703219658724,147,0.42857142857142855,0.40625,51,0.47058823529411764,0.09870072731432859,0.08219306855694321,0.6271347927498068,UNDER,True,True
outdoor + weeks 13+ reg + division,3,195,230,110,150,85,80,-0.10688253917628457,425,0.4588235294117647,0.4230769230769231,165,0.5151515151515151,0.09898407100898868,0.01541558283317145,0.6271347927498068,UNDER,True,False
total 42-44.5 + outdoor + weeks 1-4,3,94,119,59,73,35,46,-0.14710727516484864,213,0.4413145539906103,0.44696969696969696,81,0.43209876543209874,0.09985622548649005,0.25776108784325424,0.6301683981684533,UNDER,True,True
spread 10+ + outdoor + both off under,3,39,56,22,33,17,23,-0.2033031180998133,95,0.4105263157894737,0.4,40,0.425,0.10017333048675525,0.1770013647703581,0.6301683981684533,UNDER,True,True
total 48-50.5 + non-division + both off over,3,51,70,30,36,21,34,-0.1800062000541383,121,0.4214876033057851,0.45454545454545453,55,0.38181818181818183,0.1013676535330924,0.5385827752459466,0.6335817178899362,UNDER,True,True
total 45-47.5 + home dog + outdoor,3,122,150,78,95,44,55,-0.1285921910985572,272,0.4485294117647059,0.4508670520231214,99,0.4444444444444444,0.10143021864754334,0.22370496818590435,0.6335817178899362,UNDER,True,True
spread 10+ + 1pm ET,2,114,141,63,91,51,50,-0.13030953684440286,255,0.4470588235294118,0.4090909090909091,101,0.504950495049505,0.10329976687155572,0.02924556857196787,0.640359503417287,UNDER,True,False
total 42-44.5 + home fav,2,311,354,191,218,120,136,-0.09285819569108995,665,0.46766917293233085,0.4669926650366748,256,0.46875,0.10330717959093177,0.19851715589436691,0.640359503417287,UNDER,True,True
outdoor + turf + weeks 5-12,3,198,166,131,95,67,71,0.05603292623328196,364,0.5439560439560439,0.5796460176991151,138,0.4855072463768116,0.10406627054445629,0.01970120762942994,0.640359503417287,OVER,True,False
spread 3.5-7 + turf + both off under,3,95,73,47,43,48,30,0.09333299105340054,168,0.5654761904761905,0.5222222222222223,78,0.6153846153846154,0.10491191481478214,0.7520332015985949,0.640359503417287,OVER,False,True
total 48-50.5 + outdoor + both off under,3,35,51,24,31,11,20,-0.20194205505991109,86,0.4069767441860465,0.43636363636363634,31,0.3548387096774194,0.10522535125694396,0.4187541882690154,0.640359503417287,UNDER,True,True
turf + non-division + home off bye,3,51,35,39,20,12,15,0.15075616905013547,86,0.5930232558139535,0.6610169491525424,27,0.4444444444444444,0.10522535125694396,0.018337087779101986,0.640359503417287,OVER,True,False
total <=38 + grass,2,59,79,32,33,27,46,-0.17387764021058952,138,0.427536231884058,0.49230769230769234,73,0.3698630136986301,0.10545402577641207,1.0,0.640359503417287,UNDER,False,True
total 45-47.5 + grass + division,3,81,104,44,78,37,26,-0.1493539907128182,185,0.43783783783783786,0.36065573770491804,63,0.5873015873015873,0.10552229968115774,0.0026620174501073967,0.640359503417287,UNDER,True,False
total 42-44.5 + dome/closed,2,98,123,57,66,41,57,-0.1413321850064413,221,0.4434389140271493,0.4634146341463415,98,0.41836734693877553,0.10622547237438358,0.47085074563938223,0.640359503417287,UNDER,True,True
home fav + division + both off over,3,90,114,57,72,33,42,-0.1413276227639194,204,0.4411764705882353,0.4418604651162791,75,0.44,0.10709882141588883,0.2175612538394611,0.640359503417287,UNDER,True,True
wind >=10 + non-division + either team new QB,3,47,65,28,35,19,30,-0.18070555138896185,112,0.41964285714285715,0.4444444444444444,49,0.3877551020408163,0.10778227965475423,0.44996253629022254,0.640359503417287,UNDER,True,True
spread 3.5-7 + outdoor + 1pm ET,3,289,330,183,202,106,128,-0.09349303353496734,619,0.4668820678513732,0.4753246753246753,234,0.452991452991453,0.1078179017409533,0.35896828640693373,0.640359503417287,UNDER,True,True
wind >=15 + grass + non-division,3,67,88,40,52,27,36,-0.1594045921556208,155,0.432258064516129,0.43478260869565216,63,0.42857142857142855,0.1078777203838762,0.2513221034748543,0.640359503417287,UNDER,True,True
1pm ET + division + both off over,3,67,88,40,54,27,34,-0.16025457598462003,155,0.432258064516129,0.425531914893617,61,0.4426229508196721,0.1078777203838762,0.17966501480803035,0.640359503417287,UNDER,True,True
outdoor + grass + primetime,3,195,229,118,130,77,99,-0.11088375985665343,424,0.45990566037735847,0.47580645161290325,176,0.4375,0.10890905992124839,0.48494012603726594,0.640359503417287,UNDER,True,True
total 42-44.5 + wind >=10 + weeks 13+ reg,3,36,52,22,31,14,21,-0.2042194897239844,88,0.4090909090909091,0.41509433962264153,35,0.4,0.1092954297773143,0.27167916606550335,0.640359503417287,UNDER,True,True
spread 7.5+ + grass + 1pm ET,3,109,135,54,88,55,47,-0.13094569163223102,244,0.44672131147540983,0.38028169014084506,102,0.5392156862745098,0.10930711609979539,0.005430090453482412,0.640359503417287,UNDER,True,False
spread 3.5-7 + 1pm ET,2,390,437,239,270,151,167,-0.083731562541105,827,0.47158403869407495,0.46954813359528486,318,0.4748427672955975,0.10963674162202672,0.1835533479793518,0.640359503417287,UNDER,True,True
spread <=3,1,721,784,440,432,281,352,-0.07020438031709449,1505,0.4790697674418605,0.5045871559633027,633,0.4439178515007899,0.10997416711906241,0.812634685544328,0.640359503417287,UNDER,False,False
outdoor + weeks 5-12,2,587,644,380,387,207,257,-0.07443607445632398,1231,0.4768480909829407,0.4954367666232073,464,0.44612068965517243,0.1104300419161639,0.8285006278137641,0.640359503417287,UNDER,False,True
total 42-44.5 + weeks 5-12 + division,3,81,61,54,34,27,27,0.1050227543863541,142,0.5704225352112676,0.6136363636363636,54,0.5,0.11051344647284359,0.04221061162240417,0.640359503417287,OVER,True,False
spread 7.5+ + non-division + both off over,3,81,61,51,36,30,25,0.10567875661739397,142,0.5704225352112676,0.5862068965517241,55,0.5454545454545454,0.11051344647284359,0.1329018851954619,0.640359503417287,OVER,True,True
division + both off under,2,162,193,88,117,74,76,-0.11507340321591733,355,0.4563380281690141,0.4292682926829268,150,0.49333333333333335,0.11120309432379888,0.050246265652367936,0.640359503417287,UNDER,True,False
home dog + weeks 1-4,2,151,181,91,96,60,85,-0.11385941740972352,332,0.45481927710843373,0.48663101604278075,145,0.41379310344827586,0.11134099001135901,0.7699893951857696,0.640359503417287,UNDER,False,True
outdoor + 1pm ET + weeks 5-12,3,327,370,207,216,120,154,-0.08886077766866451,697,0.46915351506456243,0.48936170212765956,274,0.43795620437956206,0.11157476736318175,0.6973441951036036,0.640359503417287,UNDER,False,True
1pm ET + weeks 13+ reg + division,3,141,170,75,115,66,55,-0.11910515197419634,311,0.4533762057877814,0.39473684210526316,121,0.5454545454545454,0.1122000438073927,0.004537135222797167,0.640359503417287,UNDER,True,False
total 45-47.5 + non-division + both off over,3,90,69,49,48,41,21,0.09103804849485964,159,0.5660377358490566,0.5051546391752577,62,0.6612903225806451,0.11243011953491903,1.0,0.640359503417287,OVER,False,True
spread <=3 + grass + either team new QB,3,55,74,34,44,21,30,-0.1744620536633754,129,0.4263565891472868,0.4358974358974359,51,0.4117647058823529,0.11265741611168023,0.3081682319436807,0.640359503417287,UNDER,True,True
total 42-44.5 + primetime + non-division,3,37,53,29,16,8,37,-0.19825631448524195,90,0.4111111111111111,0.6444444444444445,45,0.17777777777777778,0.11334435404342058,0.07245426016254441,0.640359503417287,UNDER,True,False
home dog + wind >=15 + grass,3,37,53,23,35,14,18,-0.20049038454629584,90,0.4111111111111111,0.39655172413793105,32,0.4375,0.11334435404342058,0.14800580076020603,0.640359503417287,UNDER,True,True
total 45-47.5 + outdoor + primetime,3,70,91,38,57,32,34,-0.15580751726795464,161,0.43478260869565216,0.4,66,0.48484848484848486,0.11469594326965259,0.064212806627131,0.6459384233662339,UNDER,True,False
spread 7.5+ + temp 33-45,2,63,83,39,49,24,34,-0.15986908494929963,146,0.4315068493150685,0.4431818181818182,58,0.41379310344827586,0.11553971025192697,0.3373990368531197,0.6486311581864508,UNDER,True,True
total 38.5-41.5 + outdoor,2,297,259,181,166,116,93,0.03461544363906534,556,0.5341726618705036,0.521613832853026,209,0.5550239234449761,0.1165329961871691,0.45236378127337085,0.6521436442777224,OVER,False,True
1pm ET,1,1019,1092,609,665,410,427,-0.0622222126999283,2111,0.4827096162955945,0.47802197802197804,837,0.48984468339307047,0.11707729841702601,0.12330436835459448,0.6529915362773566,UNDER,False,False
outdoor + either team new QB,2,232,268,122,155,110,113,-0.09895700641837177,500,0.464,0.4404332129963899,223,0.49327354260089684,0.11743621550414397,0.05432212680734661,0.6529915362773566,UNDER,True,False
total 38.5-41.5 + outdoor + non-division,3,187,157,115,96,72,61,0.05225391132696647,344,0.5436046511627907,0.5450236966824644,133,0.5413533834586466,0.1177887776824995,0.21518592344658025,0.6529915362773566,OVER,True,True
1pm ET + week 1 + non-division,3,33,48,24,26,9,22,-0.20581466177619545,81,0.4074074074074074,0.48,31,0.2903225806451613,0.1192736683117644,0.887724827340783,0.6571164210716461,UNDER,False,True
total 42-44.5 + spread 3.5-7 + either team new QB,3,33,48,14,25,19,23,-0.20721987759057786,81,0.4074074074074074,0.358974358974359,42,0.4523809523809524,0.1192736683117644,0.10812902140605732,0.6571164210716461,UNDER,True,True
home dog + grass,2,416,463,254,273,162,190,-0.08046230520242557,879,0.4732650739476678,0.4819734345351044,352,0.4602272727272727,0.12072241088567132,0.4330141646013688,0.6578303218120832,UNDER,False,True
grass + weeks 5-12 + away off bye,3,58,77,37,50,21,27,-0.16793865319429316,135,0.42962962962962964,0.42528735632183906,48,0.4375,0.12101372565511781,0.1979791406725175,0.6578303218120832,UNDER,True,True
home fav + wind >=10 + primetime,3,45,62,32,28,13,34,-0.1823860708930112,107,0.4205607476635514,0.5333333333333333,47,0.2765957446808511,0.12151242187624421,0.6988834276200058,0.6578303218120832,UNDER,True,False
home fav + temp 33-45 + weeks 5-12,3,45,62,32,39,13,23,-0.18653111726024144,107,0.4205607476635514,0.4507042253521127,36,0.3611111111111111,0.12151242187624421,0.47668779343427553,0.6578303218120832,UNDER,True,True
spread 3.5-7 + weeks 13+ reg + division,3,108,133,64,87,44,46,-0.12813304432304168,241,0.44813278008298757,0.423841059602649,90,0.4888888888888889,0.1219309933711374,0.07304915944161819,0.6578303218120832,UNDER,True,False
total 42-44.5 + 1pm ET + non-division,3,173,204,107,126,66,78,-0.1073531387445875,377,0.4588859416445623,0.4592274678111588,144,0.4583333333333333,0.12221269202173575,0.2382460977423,0.6578303218120832,UNDER,True,True
total 48-50.5 + home fav + outdoor,3,118,144,82,87,36,57,-0.12391330469002855,262,0.45038167938931295,0.48520710059171596,93,0.3870967741935484,0.12230130671769314,0.7584219886210962,0.6578303218120832,UNDER,False,True
outdoor + non-division + either team new QB,3,139,167,72,86,67,81,-0.1165508088227765,306,0.4542483660130719,0.45569620253164556,148,0.4527027027027027,0.12257176537414814,0.30101553819656784,0.6578303218120832,UNDER,True,True
temp 33-45 + weeks 5-12,2,66,86,46,54,20,32,-0.157398940007874,152,0.4342105263157895,0.46,52,0.38461538461538464,0.12300910631534777,0.48411841360729163,0.6578303218120832,UNDER,True,True
spread 3.5-7 + wind >=10 + non-division,3,109,134,73,84,36,50,-0.12993321348320439,243,0.448559670781893,0.46496815286624205,86,0.4186046511627907,0.12348131946059558,0.4249115601338557,0.6578303218120832,UNDER,True,True
total 42-44.5 + temp 33-45 + 1pm ET,3,34,49,18,33,16,16,-0.20614133831867926,83,0.40963855421686746,0.35294117647058826,32,0.5,0.12385305946180147,0.04887389231827033,0.6578303218120832,UNDER,True,False
home fav + temp <=32 + grass,3,34,49,21,29,13,20,-0.1992862711076163,83,0.40963855421686746,0.42,33,0.3939393939393939,0.12385305946180147,0.3222363203575469,0.6578303218120832,UNDER,True,True
primetime,1,390,435,233,235,157,200,-0.08459775980884698,825,0.4727272727272727,0.49786324786324787,357,0.43977591036414565,0.12549979539444817,0.963137469897721,0.664586976208212,UNDER,False,True
spread <=3 + weeks 13+ reg,2,190,222,108,128,82,94,-0.10499301104044592,412,0.46116504854368934,0.4576271186440678,176,0.4659090909090909,0.12659399626492848,0.21607809408138468,0.6683861588511403,UNDER,True,True
home fav + primetime + weeks 5-12,3,102,126,70,70,32,56,-0.1322194354792361,228,0.4473684210526316,0.5,88,0.36363636363636365,0.12752192994149272,1.0,0.6701078140489025,UNDER,False,False
home fav + rain,2,47,64,35,38,12,26,-0.17394179896097411,111,0.42342342342342343,0.4794520547945205,38,0.3157894736842105,0.12847543208575976,0.8151212352249976,0.6701078140489025,UNDER,False,True
dome/closed + non-division + either team new QB,3,47,64,19,30,28,34,-0.17580844765491993,111,0.42342342342342343,0.3877551020408163,62,0.45161290322580644,0.12847543208575976,0.15240777196147803,0.6701078140489025,UNDER,True,True
total 42-44.5 + spread <=3 + weeks 1-4,3,47,64,31,40,16,24,-0.1750828202270027,111,0.42342342342342343,0.43661971830985913,40,0.4,0.12847543208575976,0.34247099841986794,0.6701078140489025,UNDER,True,True
spread 3.5-7 + dome/closed + both off over,3,41,57,21,29,20,28,-0.18702098242924284,98,0.41836734693877553,0.42,48,0.4166666666666667,0.12929258395357313,0.3222363203575469,0.6701078140489025,UNDER,True,True
outdoor + 1pm ET + away off bye,3,41,57,30,34,11,23,-0.18982034102706336,98,0.41836734693877553,0.46875,34,0.3235294117647059,0.12929258395357313,0.7079807541347641,0.6701078140489025,UNDER,True,True
home dog + 1pm ET,2,381,425,219,225,162,200,-0.08221585735370023,806,0.47270471464019853,0.49324324324324326,362,0.44751381215469616,0.1298197598391195,0.8124649230872674,0.6701078140489025,UNDER,False,True
weeks 5-12 + either team new QB,2,134,161,71,94,63,67,-0.11934019046154133,295,0.4542372881355932,0.4303030303030303,130,0.4846153846153846,0.1299419887445448,0.08645985811483467,0.6701078140489025,UNDER,True,False
spread <=3 + grass + primetime,3,77,98,50,53,27,45,-0.1442557258965389,175,0.44,0.4854368932038835,72,0.375,0.13033475483295046,0.8438976552528621,0.6701434711828118,UNDER,False,True
home fav + turf,2,619,566,370,342,249,224,0.014127017919388123,1185,0.5223628691983122,0.5196629213483146,473,0.5264270613107822,0.1308603943162792,0.31160002689238714,0.6701434711828118,OVER,False,True
total 45-47.5 + outdoor + weeks 5-12,3,146,174,90,110,56,64,-0.11513127489938321,320,0.45625,0.45,120,0.4666666666666667,0.13108217841061764,0.17896403953325157,0.6701434711828118,UNDER,True,True
total 38.5-41.5 + wind >=10 + grass,3,62,81,43,53,19,28,-0.15906217930485125,143,0.43356643356643354,0.4479166666666667,47,0.40425531914893614,0.13197859831859368,0.3583976321916263,0.6720964875562194,UNDER,True,True
Monday,1,125,151,73,81,52,70,-0.12177683764480803,276,0.4528985507246377,0.474025974025974,122,0.4262295081967213,0.1322219132790984,0.5728459689997074,0.6720964875562194,UNDER,True,True
Monday + division,2,36,51,21,35,15,16,-0.19089809982509945,87,0.41379310344827586,0.375,31,0.4838709677419355,0.1329018851954619,0.08142681460950618,0.6736226981049983,UNDER,True,False
spread 7.5+ + outdoor + weeks 5-12,3,127,153,78,90,49,63,-0.11634536293082991,280,0.45357142857142857,0.4642857142857143,112,0.4375,0.1350232075087503,0.3961333413963789,0.6802029094814809,UNDER,True,True
home dog + non-division + either team new QB,3,71,91,33,40,38,51,-0.1504586783425547,162,0.4382716049382716,0.4520547945205479,89,0.42696629213483145,0.13524792193400165,0.48278855684402133,0.6802029094814809,UNDER,True,True
home fav + wind >=10 + both off over,3,49,66,34,38,15,28,-0.16614624283070895,115,0.4260869565217391,0.4722222222222222,43,0.3488372093023256,0.13535040983481553,0.7239481457469141,0.6802029094814809,UNDER,True,True
outdoor + 1pm ET + non-division,3,495,544,300,326,195,218,-0.07527251803057385,1039,0.4764196342637151,0.4792332268370607,413,0.4721549636803874,0.13641409649557304,0.31769758846149904,0.6836118846981541,UNDER,False,True
grass + primetime,2,215,248,127,139,88,109,-0.10227310483951278,463,0.46436285097192226,0.4774436090225564,197,0.4467005076142132,0.13688535455560016,0.5000971262870116,0.6840411802299569,UNDER,False,True
spread 3.5-7 + 1pm ET + non-division,3,245,280,152,173,93,107,-0.09376235437742067,525,0.4666666666666667,0.4676923076923077,200,0.465,0.13776524412234198,0.2672296304683127,0.6847991656569009,UNDER,True,True
temp 33-45 + non-division,2,129,155,76,90,53,65,-0.11869214031455859,284,0.45422535211267606,0.4578313253012048,118,0.4491525423728814,0.1378090767415522,0.3129742113064479,0.6847991656569009,UNDER,True,True
non-division + away off bye,2,81,102,51,59,30,43,-0.14386186605024928,183,0.4426229508196721,0.4636363636363636,73,0.410958904109589,0.13907617727643098,0.5046848075879904,0.6872455111097174,UNDER,True,True
home fav + temp 33-45 + non-division,3,81,102,49,58,32,44,-0.14105067661545995,183,0.4426229508196721,0.45794392523364486,76,0.42105263157894735,0.13907617727643098,0.4394401017790823,0.6872455111097174,UNDER,True,True
outdoor + primetime,2,279,316,172,176,107,140,-0.09195357071191132,595,0.4689075630252101,0.4942528735632184,247,0.4331983805668016,0.13991716807288207,0.8722673015831599,0.6873978484538343,UNDER,False,True
wind >=15 + weeks 5-12,2,65,84,41,54,24,30,-0.15681386048683374,149,0.436241610738255,0.43157894736842106,54,0.4444444444444444,0.14005540740614833,0.21805368187049967,0.6873978484538343,UNDER,True,True
1pm ET + both off over,2,219,252,134,155,85,97,-0.09794599399510272,471,0.46496815286624205,0.46366782006920415,182,0.46703296703296704,0.1402694594928343,0.23935534478724338,0.6873978484538343,UNDER,True,True
home fav + weeks 5-12 + away off bye,3,58,76,45,49,13,27,-0.15690720863414878,134,0.43283582089552236,0.4787234042553192,40,0.325,0.14166174981277438,0.7571890741424053,0.6910479297867621,UNDER,False,True
total 48-50.5 + 1pm ET + both off over,3,38,53,25,32,13,21,-0.1898762622933174,91,0.4175824175824176,0.43859649122807015,34,0.38235294117647056,0.14179337454474714,0.42704285650325524,0.6910479297867621,UNDER,True,True
grass + away off bye,2,66,85,40,54,26,31,-0.15364801145694634,151,0.4370860927152318,0.425531914893617,57,0.45614035087719296,0.14271807618296573,0.17966501480803035,0.6936489510920033,UNDER,True,True
spread 3.5-7 + weeks 13+ reg + non-division,3,136,112,68,63,68,49,0.05816152774862504,248,0.5483870967741935,0.5190839694656488,117,0.5811965811965812,0.1439998178548256,0.726876102966456,0.6969429009849708,OVER,False,True
total 45-47.5 + division,2,157,185,91,121,66,64,-0.10892550299710667,342,0.4590643274853801,0.42924528301886794,130,0.5076923076923077,0.14418153588584232,0.04614513969668872,0.6969429009849708,UNDER,True,False
spread <=3 + weeks 1-4 + division,3,52,69,35,40,17,29,-0.16309473293036897,121,0.4297520661157025,0.4666666666666667,46,0.3695652173913043,0.1454865204345052,0.6444639138942256,0.6970915290861526,UNDER,True,True
turf + playoffs,2,47,33,28,20,19,13,0.12916693627950893,80,0.5875,0.5833333333333334,32,0.59375,0.1456354544029827,0.31232680747326935,0.6970915290861526,OVER,True,True
spread <=3 + grass + weeks 5-12,3,171,200,114,109,57,91,-0.10484035053232962,371,0.4609164420485175,0.5112107623318386,148,0.38513513513513514,0.14593222953610013,0.7888792496368078,0.6970915290861526,UNDER,False,False
total 38.5-41.5 + home fav + weeks 1-4,3,54,39,31,23,23,16,0.12153155738117433,93,0.5806451612903226,0.5740740740740741,39,0.5897435897435898,0.14617702864715262,0.3408909412200971,0.6970915290861526,OVER,True,True
spread <=3 + temp >=80 + non-division,3,54,39,41,22,13,17,0.12016154713192452,93,0.5806451612903226,0.6507936507936508,30,0.43333333333333335,0.14617702864715262,0.022574972673257185,0.6970915290861526,OVER,True,False
spread 10+ + either team new QB,2,46,62,23,32,23,30,-0.1700964906139932,108,0.42592592592592593,0.41818181818181815,53,0.4339622641509434,0.1485763476105624,0.2806097176983541,0.7052712884671848,UNDER,True,True
home fav + non-division + either team new QB,3,115,139,58,75,57,64,-0.11764958291943475,254,0.452755905511811,0.43609022556390975,121,0.47107438016528924,0.1488345552239971,0.16508338915578696,0.7052712884671848,UNDER,True,True
1pm ET + weeks 5-12 + either team new QB,3,77,97,40,58,37,39,-0.14190481825096607,174,0.4425287356321839,0.40816326530612246,76,0.4868421052631579,0.14954904000438296,0.0854105891128045,0.7052712884671848,UNDER,True,False
outdoor + away off bye,2,86,107,62,66,24,41,-0.13620141154556498,193,0.44559585492227977,0.484375,65,0.36923076923076925,0.14978339555605766,0.7910074494028781,0.7052712884671848,UNDER,False,True
grass + weeks 5-12 + division,3,138,164,86,110,52,54,-0.11207451389522316,302,0.45695364238410596,0.4387755102040816,106,0.49056603773584906,0.15014700615556184,0.10016673529821776,0.7052712884671848,UNDER,True,False
total 45-47.5 + spread 3.5-7 + both off under,3,55,40,31,26,24,14,0.11822194436743157,95,0.5789473684210527,0.543859649122807,38,0.631578947368421,0.15051806389022943,0.5966417603730826,0.7052712884671848,OVER,True,True
total 51+ + grass + weeks 5-12,3,34,48,19,24,15,24,-0.189912462922558,82,0.4146341463414634,0.4418604651162791,39,0.38461538461538464,0.15067520762630385,0.542384011856484,0.7052712884671848,UNDER,True,True
spread 3.5-7 + 1pm ET + weeks 13+ reg,3,117,141,71,90,46,51,-0.12072209448773247,258,0.45348837209302323,0.4409937888198758,97,0.4742268041237113,0.15202865125192022,0.15579990059835055,0.7080373503298225,UNDER,True,True
home dog,1,714,770,405,417,309,353,-0.06636131550643694,1484,0.4811320754716981,0.4927007299270073,662,0.46676737160120846,0.15334595125736752,0.7012483876016599,0.7080373503298225,UNDER,False,True
weeks 13+ reg + non-division + both off over,3,80,62,36,34,44,28,0.08781109979745859,142,0.5633802816901409,0.5142857142857142,72,0.6111111111111112,0.15344375016434314,0.9049745264594622,0.7080373503298225,OVER,False,True
total 48-50.5 + home fav + grass,3,88,109,57,65,31,44,-0.13229584602172745,197,0.4467005076142132,0.4672131147540984,75,0.41333333333333333,0.1539951547292863,0.5264163099662327,0.7080373503298225,UNDER,True,True
temp >=80 + non-division,2,120,98,84,54,36,44,0.06498298204573445,218,0.5504587155963303,0.6086956521739131,80,0.45,0.1547783268134749,0.013273216041919191,0.7080373503298225,OVER,True,False
total 42-44.5 + spread 3.5-7 + wind >=10,3,41,56,30,35,11,21,-0.17391782188218133,97,0.422680412371134,0.46153846153846156,32,0.34375,0.1548157850344288,0.6201447650813029,0.7080373503298225,UNDER,True,True
spread 3.5-7 + weeks 5-12 + away off bye,3,35,49,20,27,15,22,-0.19338412382456846,84,0.4166666666666667,0.425531914893617,37,0.40540540540540543,0.15565646371399705,0.38169339766321275,0.7080373503298225,UNDER,True,True
total <=38 + outdoor + weeks 13+ reg,3,35,49,18,21,17,28,-0.19469543960020563,84,0.4166666666666667,0.46153846153846156,45,0.37777777777777777,0.15565646371399705,0.7492586247608418,0.7080373503298225,UNDER,True,True
home dog + outdoor + away off bye,3,35,49,23,29,12,20,-0.19679915464954081,84,0.4166666666666667,0.4423076923076923,32,0.375,0.15565646371399705,0.48845566937989204,0.7080373503298225,UNDER,True,True
dome/closed + weeks 5-12 + either team new QB,3,35,49,13,22,22,27,-0.18980554514101008,84,0.4166666666666667,0.37142857142857144,49,0.4489795918367347,0.15565646371399705,0.175465248990804,0.7080373503298225,UNDER,True,True
home dog + dome/closed + both off over,3,35,49,12,24,23,25,-0.19494452992531017,84,0.4166666666666667,0.3333333333333333,48,0.4791666666666667,0.15565646371399705,0.06524533522315325,0.7080373503298225,UNDER,True,False
spread 3.5-7 + wind >=10 + weeks 13+ reg,3,48,64,30,40,18,24,-0.16305976855235282,112,0.42857142857142855,0.42857142857142855,42,0.42857142857142855,0.1560663019937673,0.281978921793656,0.7080476433144213,UNDER,True,True
total 42-44.5 + weeks 5-12 + non-division,3,131,156,86,85,45,71,-0.11234266059063283,287,0.4564459930313589,0.5029239766081871,116,0.3879310344827586,0.15645697642573458,1.0,0.7080476433144213,UNDER,False,False
total 42-44.5 + outdoor + non-division,3,240,273,154,157,86,116,-0.09108853424996201,513,0.4678362573099415,0.49517684887459806,202,0.42574257425742573,0.15763722569420383,0.9097297244049835,0.7103180822321379,UNDER,False,True
spread 3.5-7 + outdoor + either team new QB,3,90,111,49,68,41,43,-0.13172064620591414,201,0.44776119402985076,0.4188034188034188,84,0.4880952380952381,0.15816534520094067,0.09567271500960485,0.7103180822321379,UNDER,True,False
total 38.5-41.5 + spread 7.5+ + outdoor,3,73,56,37,37,36,19,0.09758663859664103,129,0.5658914728682171,0.5,55,0.6545454545454545,0.15865371419232274,1.0,0.7103180822321379,OVER,False,True
total 38.5-41.5 + home fav + outdoor,3,184,157,113,103,71,54,0.04533798548988487,341,0.5395894428152492,0.5231481481481481,125,0.568,0.15903737868266954,0.5403901087547001,0.7103180822321379,OVER,False,True
home fav + wind >=15 + weeks 5-12,3,42,57,27,38,15,19,-0.1811057170173303,99,0.42424242424242425,0.4153846153846154,34,0.4411764705882353,0.15906965188123778,0.2145391940081784,0.7103180822321379,UNDER,True,True
outdoor + grass + non-division,3,632,684,401,401,231,283,-0.06826485687619743,1316,0.48024316109422494,0.5,514,0.4494163424124514,0.15973974407074126,1.0,0.7103180822321379,UNDER,False,False
dome/closed + 1pm ET + both off over,3,49,65,28,43,21,22,-0.16366965807442466,114,0.4298245614035088,0.39436619718309857,43,0.4883720930232558,0.1597615077850186,0.09592363141082376,0.7103180822321379,UNDER,True,False
spread 10+ + outdoor + either team new QB,3,36,50,18,25,18,25,-0.18274975153138143,86,0.4186046511627907,0.4186046511627907,43,0.4186046511627907,0.16057841913397977,0.3603776529357674,0.7103893155702746,UNDER,True,True
total 42-44.5 + spread 3.5-7 + dome/closed,3,36,50,22,25,14,25,-0.1856133617501459,86,0.4186046511627907,0.46808510638297873,39,0.358974358974359,0.16057841913397977,0.7708669945730263,0.7103893155702746,UNDER,True,True
total 38.5-41.5 + wind >=10 + non-division,3,57,74,38,47,19,27,-0.15686058712819567,131,0.4351145038167939,0.4470588235294118,46,0.41304347826086957,0.16188152458394667,0.3856694201192796,0.7123910001592032,UNDER,True,True
total 45-47.5 + non-division + both off under,3,83,65,51,39,32,26,0.0845989050323627,148,0.5608108108108109,0.5666666666666667,58,0.5517241379310345,0.16207156803057052,0.24610644971627782,0.7123910001592032,OVER,True,True
total 38.5-41.5 + turf + weeks 5-12,3,58,43,31,21,27,22,0.11100336096281549,101,0.5742574257425742,0.5961538461538461,49,0.5510204081632653,0.16327926185142783,0.21160856876151612,0.7123910001592032,OVER,True,True
wind >=10 + 1pm ET + either team new QB,3,50,66,34,46,16,20,-0.16311846666948293,116,0.43103448275862066,0.425,36,0.4444444444444444,0.16342317247754862,0.21851803947870374,0.7123910001592032,UNDER,True,True
wind >=15 + 1pm ET,2,93,114,60,76,33,38,-0.12990530488060986,207,0.4492753623188406,0.4411764705882353,71,0.4647887323943662,0.1643417832029366,0.19818134136296864,0.7123910001592032,UNDER,True,True
total 38.5-41.5 + home fav + non-division,3,137,114,82,65,55,49,0.05672883915121216,251,0.545816733067729,0.5578231292517006,104,0.5288461538461539,0.16481613282309351,0.186765369812017,0.7123910001592032,OVER,True,True
total 45-47.5 + outdoor + either team new QB,3,37,51,17,32,20,19,-0.1814404690425332,88,0.42045454545454547,0.3469387755102041,39,0.5128205128205128,0.16544051293398976,0.04438416098714981,0.7123910001592032,UNDER,True,False
total 42-44.5 + wind >=15,2,37,51,23,37,14,14,-0.18040691368310494,88,0.42045454545454547,0.38333333333333336,28,0.5,0.16544051293398976,0.09246098107292373,0.7123910001592032,UNDER,True,False
total 42-44.5 + dome/closed + turf,3,75,94,43,45,32,49,-0.13864669723458325,169,0.4437869822485207,0.48863636363636365,81,0.3950617283950617,0.1659793088829046,0.915186504842877,0.7123910001592032,UNDER,False,True
outdoor + weeks 5-12 + non-division,3,397,438,258,259,139,179,-0.07753166120832199,835,0.4754491017964072,0.4990328820116054,318,0.4371069182389937,0.1662410413380095,1.0,0.7123910001592032,UNDER,False,True
grass + non-division + away off bye,3,44,59,26,34,18,25,-0.17623097036799093,103,0.42718446601941745,0.43333333333333335,43,0.4186046511627907,0.1674443344120586,0.36629400670329104,0.7123910001592032,UNDER,True,True
home dog + 1pm ET + weeks 5-12,3,164,191,97,98,67,93,-0.10340907912180328,355,0.4619718309859155,0.49743589743589745,160,0.41875,0.16751611656874468,1.0,0.7123910001592032,UNDER,False,True
temp 33-45 + 1pm ET + non-division,3,67,85,40,59,27,26,-0.14562277075896327,152,0.4407894736842105,0.40404040404040403,53,0.5094339622641509,0.1677219931791975,0.06990057369494644,0.7123910001592032,UNDER,True,False
home fav + turf + non-division,3,399,360,242,213,157,147,0.02061738465854752,759,0.525691699604743,0.5318681318681319,304,0.5164473684210527,0.1677563058969743,0.18923899851262618,0.7123910001592032,OVER,True,False
spread 10+ + outdoor + 1pm ET,3,85,105,44,65,41,40,-0.12921352785721263,190,0.4473684210526316,0.4036697247706422,81,0.5061728395061729,0.16791105600903442,0.054908817775760344,0.7123910001592032,UNDER,True,False
outdoor + 1pm ET + division,3,253,286,152,178,101,108,-0.08741256600709735,539,0.46938775510204084,0.46060606060606063,209,0.48325358851674644,0.16803999024741392,0.16866232185915914,0.7123910001592032,UNDER,True,False
spread <=3 + grass + 1pm ET,3,192,221,130,132,62,89,-0.09600675068807552,413,0.4648910411622276,0.4961832061068702,151,0.4105960264900662,0.16819116403745274,0.9507535404216387,0.7123910001592032,UNDER,False,True
total 45-47.5 + weeks 5-12 + division,3,59,76,36,51,23,25,-0.15026934544708248,135,0.43703703703703706,0.41379310344827586,48,0.4791666666666667,0.16825920465992453,0.1329018851954619,0.7123910001592032,UNDER,True,False
home dog + outdoor + primetime,3,86,106,51,57,35,49,-0.12814751887202744,192,0.4479166666666667,0.4722222222222222,84,0.4166666666666667,0.17014785959635734,0.6306338345308321,0.7141676238602161,UNDER,True,True
total <=38 + division,2,38,52,22,23,16,29,-0.184309000259678,90,0.4222222222222222,0.4888888888888889,45,0.35555555555555557,0.17024239504607366,1.0,0.7141676238602161,UNDER,False,True
total 45-47.5 + wind >=10 + non-division,3,68,86,42,56,26,30,-0.14293306050875496,154,0.44155844155844154,0.42857142857142855,56,0.4642857142857143,0.17051654860818807,0.18884671980890286,0.7141676238602161,UNDER,True,True
primetime + either team new QB,2,52,68,22,36,30,32,-0.15434108995533077,120,0.43333333333333335,0.3793103448275862,62,0.4838709677419355,0.17064521313035166,0.08694889972991102,0.7141676238602161,UNDER,True,False
home dog + 1pm ET + both off over,3,77,96,42,53,35,43,-0.14033159589712976,173,0.44508670520231214,0.4421052631578947,78,0.44871794871794873,0.17097186370126674,0.30488519070227593,0.7141676238602161,UNDER,True,True
grass + weeks 1-4 + non-division,3,194,167,130,100,64,67,0.0433059641128507,361,0.5373961218836565,0.5652173913043478,131,0.48854961832061067,0.17109427290901458,0.055613577781392295,0.7141676238602161,OVER,True,False
total 42-44.5 + grass + weeks 5-12,3,118,141,79,79,39,62,-0.11373187848128002,259,0.4555984555984556,0.5,101,0.38613861386138615,0.1715016735332201,1.0,0.7141877203003109,UNDER,False,False
spread <=3 + primetime,2,142,167,92,87,50,80,-0.1077790262846797,309,0.459546925566343,0.5139664804469274,130,0.38461538461538464,0.1720552137798686,0.765057419948712,0.7148148694273697,UNDER,False,False
total 45-47.5 + weeks 1-4 + non-division,3,97,78,56,52,41,26,0.07596491774866063,175,0.5542857142857143,0.5185185185185185,67,0.6119402985074627,0.17344372797398386,0.7729885295985338,0.7172416760754449,OVER,False,True
weeks 1-4 + division,2,131,155,84,91,47,64,-0.1122601079625127,286,0.458041958041958,0.48,111,0.42342342342342343,0.1737178247479881,0.6502722402634356,0.7172416760754449,UNDER,False,True
non-division + both off under,2,331,296,195,166,136,130,0.022716677783138347,627,0.5279106858054227,0.5401662049861495,266,0.5112781954887218,0.17446962303184993,0.14045935551164918,0.7172416760754449,OVER,True,False
total 42-44.5 + outdoor,2,393,433,241,250,152,183,-0.07690349253028993,826,0.47578692493946734,0.4908350305498982,335,0.4537313432835821,0.1747498718874781,0.7181132942016716,0.7172416760754449,UNDER,False,True
spread 3.5-7 + temp 33-45 + 1pm ET,3,39,53,21,36,18,17,-0.18240196693085842,92,0.42391304347826086,0.3684210526315789,35,0.5142857142857142,0.17498389846296178,0.06273668035582848,0.7172416760754449,UNDER,True,False
spread 3.5-7 + dome/closed + weeks 1-4,3,61,46,31,25,30,21,0.10886753879051286,107,0.5700934579439252,0.5535714285714286,51,0.5882352941176471,0.17564027334487992,0.5044037600228255,0.7172416760754449,OVER,True,True
outdoor + grass + weeks 13+ reg,3,298,333,168,207,130,126,-0.08305535341447867,631,0.4722662440570523,0.448,256,0.5078125,0.17584258698063876,0.049581356167259165,0.7172416760754449,UNDER,True,False
1pm ET + weeks 13+ reg + either team new QB,3,70,88,35,50,35,38,-0.14157985024079717,158,0.4430379746835443,0.4117647058823529,73,0.4794520547945205,0.1760441896723597,0.12839640292640084,0.7172416760754449,UNDER,True,False
total 45-47.5 + spread 7.5+ + grass,3,54,70,28,47,26,23,-0.15508902099776503,124,0.43548387096774194,0.37333333333333335,49,0.5306122448979592,0.17773167761166417,0.0369549040273683,0.7172416760754449,UNDER,True,False
Monday + weeks 5-12,2,54,70,33,40,21,30,-0.15268030815780143,124,0.43548387096774194,0.4520547945205479,51,0.4117647058823529,0.17773167761166417,0.48278855684402133,0.7172416760754449,UNDER,True,True
total 48-50.5 + spread <=3 + grass,3,54,70,31,44,23,26,-0.15215877959436133,124,0.43548387096774194,0.41333333333333333,49,0.46938775510204084,0.17773167761166417,0.16542794172425662,0.7172416760754449,UNDER,True,True
spread 3.5-7 + non-division + either team new QB,3,71,89,37,44,34,45,-0.13771330420772354,160,0.44375,0.4567901234567901,79,0.43037974683544306,0.17877726804917515,0.5052364407669357,0.7172416760754449,UNDER,True,True
spread <=3 + weeks 5-12 + division,3,90,110,63,66,27,44,-0.12326084816119803,200,0.45,0.4883720930232558,71,0.38028169014084506,0.17896403953325157,0.8603106786164317,0.7172416760754449,UNDER,False,True
weeks 13+ reg + division,2,285,319,153,201,132,118,-0.0832245292621228,604,0.4718543046357616,0.4322033898305085,250,0.528,0.17930451643942258,0.01238005971631509,0.7172416760754449,UNDER,True,False
1pm ET + weeks 5-12 + both off under,3,101,122,60,63,41,59,-0.12037082612494099,223,0.452914798206278,0.4878048780487805,100,0.41,0.18034460782092832,0.8569843282497002,0.7172416760754449,UNDER,False,True
spread <=3 + outdoor + weeks 13+ reg,3,136,160,85,99,51,61,-0.10720519303262499,296,0.4594594594594595,0.46195652173913043,112,0.45535714285714285,0.181175894177898,0.3378942799553425,0.7172416760754449,UNDER,True,True
total 38.5-41.5 + spread 3.5-7 + wind >=10,3,34,47,22,31,12,16,-0.18539638725844504,81,0.41975308641975306,0.41509433962264153,28,0.42857142857142855,0.18207674694084314,0.27167916606550335,0.7172416760754449,UNDER,True,True
total 45-47.5 + temp >=80,2,47,34,35,21,12,13,0.12427460413812463,81,0.5802469135802469,0.625,25,0.48,0.18207674694084314,0.08142681460950618,0.7172416760754449,OVER,True,False
spread <=3 + primetime + weeks 13+ reg,3,34,47,21,26,13,21,-0.1866488615949056,81,0.41975308641975306,0.44680851063829785,34,0.38235294117647056,0.18207674694084314,0.5600646295802106,0.7172416760754449,UNDER,True,True
total 45-47.5 + primetime,2,102,123,53,72,49,51,-0.12148389053975202,225,0.4533333333333333,0.424,100,0.49,0.1822969969092855,0.10703141160601275,0.7172416760754449,UNDER,True,False
home fav + grass + weeks 13+ reg,3,191,219,98,137,93,82,-0.09678739136663297,410,0.4658536585365854,0.41702127659574467,175,0.5314285714285715,0.1823201113124952,0.013013144573389071,0.7172416760754449,UNDER,True,False
total 45-47.5 + spread 7.5+ + outdoor,3,73,91,41,60,32,31,-0.1356923277775001,164,0.4451219512195122,0.40594059405940597,63,0.5079365079365079,0.18418204236683927,0.07275700687752426,0.7172416760754449,UNDER,True,False
home fav + outdoor + weeks 1-4,3,237,208,151,129,86,79,0.030200767177395275,445,0.5325842696629214,0.5392857142857143,165,0.5212121212121212,0.18433796963544527,0.2094048606992561,0.7172416760754449,OVER,True,False
total 45-47.5 + home dog + 1pm ET,3,93,113,56,67,37,46,-0.12472645782321984,206,0.45145631067961167,0.45528455284552843,83,0.4457831325301205,0.18543871014096427,0.3672967393938885,0.7172416760754449,UNDER,True,True
home fav + wind >=15,2,93,113,57,71,36,42,-0.12352524603437569,206,0.45145631067961167,0.4453125,78,0.46153846153846156,0.18543871014096427,0.25043988061925965,0.7172416760754449,UNDER,True,True
spread 7.5+ + turf + weeks 5-12,3,102,83,56,53,46,30,0.07252403981437443,185,0.5513513513513514,0.5137614678899083,76,0.6052631578947368,0.18555890492457616,0.8481947835965667,0.7172416760754449,OVER,False,True
dome/closed + both off over,2,115,137,56,77,59,60,-0.11664911259855724,252,0.45634920634920634,0.42105263157894735,119,0.4957983193277311,0.18576805752238648,0.08249129252516192,0.7172416760754449,UNDER,True,False
temp 33-45 + 1pm ET,2,115,137,67,91,48,46,-0.11433666117646774,252,0.45634920634920634,0.4240506329113924,94,0.5106382978723404,0.18576805752238648,0.06694263927535117,0.7172416760754449,UNDER,True,False
weeks 13+ reg + division + both off over,3,65,82,36,43,29,39,-0.1377659386951841,147,0.4421768707482993,0.45569620253164556,68,0.4264705882352941,0.186765369812017,0.499896876860327,0.7172416760754449,UNDER,True,True
total 42-44.5 + 1pm ET + weeks 1-4,3,65,82,38,52,27,30,-0.13839134281289533,147,0.4421768707482993,0.4222222222222222,57,0.47368421052631576,0.186765369812017,0.17024239504607366,0.7172416760754449,UNDER,True,True
dome/closed + non-division + both off under,3,92,74,45,41,47,33,0.0736070284867395,166,0.5542168674698795,0.5232558139534884,80,0.5875,0.1868538216468365,0.7465343822890578,0.7172416760754449,OVER,False,True
home fav + grass + primetime,3,140,164,83,92,57,72,-0.11275689346968888,304,0.4605263157894737,0.4742857142857143,129,0.4418604651162791,0.187033011643932,0.5454726578478974,0.7172416760754449,UNDER,True,True
home fav + turf + weeks 5-12,3,257,227,158,138,99,89,0.03240537875005899,484,0.53099173553719,0.5337837837837838,188,0.526595744680851,0.18738688777929577,0.2694111613369992,0.7172416760754449,OVER,True,True
total 45-47.5 + non-division + either team new QB,3,35,48,16,25,19,23,-0.17703658526852983,83,0.42168674698795183,0.3902439024390244,42,0.4523809523809524,0.18745986796619285,0.21102359760880063,0.7172416760754449,UNDER,True,True
wind >=10 + weeks 5-12 + both off under,3,49,64,34,42,15,22,-0.15732945520445907,113,0.4336283185840708,0.4473684210526316,37,0.40540540540540543,0.1875987247457759,0.42219110499231566,0.7172416760754449,UNDER,True,True
spread <=3 + division + both off over,3,49,64,30,39,19,25,-0.15253570635613378,113,0.4336283185840708,0.43478260869565216,44,0.4318181818181818,0.1875987247457759,0.3355576182340152,0.7172416760754449,UNDER,True,True
outdoor + playoffs + non-division,3,49,64,30,35,19,29,-0.1544420710366782,113,0.4336283185840708,0.46153846153846156,48,0.3958333333333333,0.1875987247457759,0.6201447650813029,0.7172416760754449,UNDER,True,True
total 51+ + spread <=3 + turf,3,56,42,31,18,25,24,0.11007187998725772,98,0.5714285714285714,0.6326530612244898,49,0.5102040816326531,0.18884671980890286,0.08543313315739454,0.718397084655305,OVER,True,False
total 51+ + home dog,2,66,83,36,43,30,40,-0.13629680515194034,149,0.4429530201342282,0.45569620253164556,70,0.42857142857142855,0.1897585579067378,0.499896876860327,0.718397084655305,UNDER,True,True
home dog + away off bye,2,50,65,29,38,21,27,-0.16046519826972555,115,0.43478260869565216,0.43283582089552236,48,0.4375,0.19149593512028162,0.3284320626971897,0.718397084655305,UNDER,True,True
spread <=3 + weeks 13+ reg + non-division,3,107,128,68,74,39,54,-0.1166202672400692,235,0.4553191489361702,0.4788732394366197,93,0.41935483870967744,0.19189985374432791,0.6749345842733003,0.718397084655305,UNDER,False,True
total 42-44.5 + turf + weeks 5-12,3,94,76,61,40,33,36,0.07396052137106666,170,0.5529411764705883,0.6039603960396039,69,0.4782608695652174,0.1921364654339772,0.0460440669293428,0.718397084655305,OVER,True,False
grass + weeks 13+ reg + division,3,157,182,84,113,73,69,-0.09876011443074423,339,0.4631268436578171,0.4263959390862944,142,0.5140845070422535,0.1923275874575361,0.04577673264146447,0.718397084655305,UNDER,True,False
total 51+ + grass,2,86,105,44,57,42,48,-0.1201829424571611,191,0.450261780104712,0.43564356435643564,90,0.4666666666666667,0.19263362197418868,0.23230046428473874,0.718397084655305,UNDER,True,True
total 45-47.5 + home fav + primetime,3,67,84,36,53,31,31,-0.14013479352221586,151,0.44370860927152317,0.4044943820224719,62,0.5,0.19272591017542953,0.08932073673118937,0.718397084655305,UNDER,True,False
home fav + outdoor + division,3,304,338,182,221,122,117,-0.0818223617410886,642,0.4735202492211838,0.45161290322580644,239,0.5104602510460251,0.1927374519446052,0.058234541089129656,0.718397084655305,UNDER,True,False
spread 7.5+ + dome/closed + weeks 13+ reg,3,49,36,26,19,23,17,0.11612387288962582,85,0.5764705882352941,0.5777777777777777,40,0.575,0.19276043534155876,0.3712980344710104,0.718397084655305,OVER,True,True
home fav + SNF (Sun night) + weeks 5-12,3,36,49,27,25,9,24,-0.17966803183049987,85,0.4235294117647059,0.5192307692307693,33,0.2727272727272727,0.19276043534155876,0.8898839652765371,0.718397084655305,UNDER,False,False
total 38.5-41.5 + turf + both off under,3,49,36,20,21,29,15,0.11079455377295919,85,0.5764705882352941,0.4878048780487805,44,0.6590909090909091,0.19276043534155876,1.0,0.718397084655305,OVER,False,False
spread 3.5-7 + outdoor + grass,3,389,427,240,268,149,159,-0.07578228363420254,816,0.47671568627450983,0.47244094488188976,308,0.4837662337662338,0.19520000416405053,0.23091063967541037,0.721530443324364,UNDER,True,False
home fav + outdoor + Thursday,3,51,66,32,38,19,28,-0.16699581115778764,117,0.4358974358974359,0.45714285714285713,47,0.40425531914893614,0.1953490594045784,0.5504125118224712,0.721530443324364,UNDER,True,True
home fav + weeks 1-4,2,322,289,202,173,120,116,0.020965048184119192,611,0.5270049099836334,0.5386666666666666,236,0.5084745762711864,0.19542355221653357,0.14810318890684673,0.721530443324364,OVER,True,False
wind >=10 + weeks 13+ reg + non-division,3,68,85,40,49,28,36,-0.13667758228366716,153,0.4444444444444444,0.449438202247191,64,0.4375,0.19566754746910364,0.39657015814551605,0.721530443324364,UNDER,True,True
outdoor + grass + home off bye,3,68,85,42,47,26,38,-0.1362759479850006,153,0.4444444444444444,0.47191011235955055,64,0.40625,0.19566754746910364,0.6718086491746105,0.721530443324364,UNDER,True,True
total 42-44.5 + spread <=3,2,174,200,117,111,57,89,-0.09616603420455791,374,0.46524064171123,0.5131578947368421,146,0.3904109589041096,0.19604152969692418,0.7406259302520624,0.721530443324364,UNDER,False,False
weeks 5-12 + non-division + either team new QB,3,88,107,46,58,42,49,-0.12198931858668847,195,0.4512820512820513,0.4423076923076923,91,0.46153846153846156,0.1972698890617332,0.280690329034179,0.7228773387648244,UNDER,True,True
turf + non-division + either team new QB,3,78,96,33,43,45,53,-0.12714831775542082,174,0.4482758620689655,0.4342105263157895,98,0.45918367346938777,0.19733841594358534,0.3018724904870079,0.7228773387648244,UNDER,True,True
total 51+ + spread 3.5-7 + turf,3,58,44,39,24,19,20,0.09970540590651368,102,0.5686274509803921,0.6190476190476191,39,0.48717948717948717,0.19778986306808305,0.07692583360960925,0.7228773387648244,OVER,True,False
spread <=3 + outdoor + primetime,3,99,119,69,66,30,53,-0.11786411096735104,218,0.4541284403669725,0.5111111111111111,83,0.3614457831325301,0.19803742200659788,0.8634152303019917,0.7228773387648244,UNDER,False,False
grass + weeks 13+ reg + either team new QB,3,70,87,34,45,36,42,-0.134465481973434,157,0.445859872611465,0.43037974683544306,78,0.46153846153846156,0.20147423241002965,0.2604255258972435,0.7304584322089932,UNDER,True,True
grass + weeks 1-4 + division,3,70,87,47,55,23,32,-0.14008683964016294,157,0.445859872611465,0.46078431372549017,55,0.41818181818181815,0.20147423241002965,0.48843446453263245,0.7304584322089932,UNDER,True,True
spread <=3 + grass + both off over,3,90,109,64,63,26,46,-0.12154655990034718,199,0.45226130653266333,0.5039370078740157,72,0.3611111111111111,0.20184260329879267,1.0,0.7304584322089932,UNDER,False,False
home fav + 1pm ET + either team new QB,3,101,121,54,74,47,47,-0.11809048904358521,222,0.45495495495495497,0.421875,94,0.5,0.20213432065995837,0.09269003089837799,0.7304584322089932,UNDER,True,False
spread 7.5+ + turf + both off over,3,59,45,38,30,21,15,0.10257616584677386,104,0.5673076923076923,0.5588235294117647,36,0.5833333333333334,0.2021731060961757,0.39612484029702977,0.7304584322089932,OVER,True,True
1pm ET + non-division + away off bye,3,38,51,27,31,11,20,-0.17482048302659747,89,0.42696629213483145,0.46551724137931033,31,0.3548387096774194,0.20311681873649565,0.6940040940761318,0.7323764968263075,UNDER,True,True
temp >=80 + grass + non-division,3,110,91,78,49,32,42,0.06005168827901396,201,0.5472636815920398,0.6141732283464567,74,0.43243243243243246,0.20410531839648355,0.012660684520477248,0.7329612041201656,OVER,True,False
total 51+ + home fav + non-division,3,110,91,69,46,41,45,0.06067423071793752,201,0.5472636815920398,0.6,86,0.47674418604651164,0.20410531839648355,0.03975050512654258,0.7329612041201656,OVER,True,False
spread 3.5-7 + wind >=10 + weeks 5-12,3,81,99,50,70,31,29,-0.12991242718158494,180,0.45,0.4166666666666667,60,0.5166666666666667,0.20499173682591762,0.08240747932752648,0.7346572548064199,UNDER,True,False
total 51+ + home dog + non-division,3,46,60,24,28,22,32,-0.16039364767946498,106,0.4339622641509434,0.46153846153846156,54,0.4074074074074074,0.20649820735970992,0.6778086391424605,0.7385641529357366,UNDER,True,True
total 48-50.5 + weeks 5-12 + division,3,39,52,21,30,18,22,-0.16298950371812856,91,0.42857142857142855,0.4117647058823529,40,0.45,0.20817442238117576,0.2624375357110438,0.7430277257033615,UNDER,True,True
home dog + outdoor + either team new QB,3,93,112,48,63,45,49,-0.11857855819541774,205,0.45365853658536587,0.43243243243243246,94,0.4787234042553192,0.2085838824127813,0.18365717190177477,0.7430277257033615,UNDER,True,False
outdoor + turf + non-division,3,301,270,183,158,118,112,0.021783396001420482,571,0.5271453590192644,0.5366568914956011,230,0.5130434782608696,0.20927328993392097,0.1936383289942674,0.7439896119093704,OVER,True,False
total 42-44.5 + home fav + weeks 1-4,3,83,101,56,63,27,38,-0.1286693206165471,184,0.45108695652173914,0.47058823529411764,65,0.4153846153846154,0.20999553888817196,0.5824937911572257,0.7450641719752342,UNDER,True,True
1pm ET + weeks 5-12,2,443,482,276,286,167,196,-0.06931399707965143,925,0.4789189189189189,0.49110320284697506,363,0.46005509641873277,0.21148395394239095,0.7042469924780395,0.7488473738399232,UNDER,False,True
outdoor + primetime + weeks 5-12,3,118,139,78,82,40,57,-0.10883004342390255,257,0.4591439688715953,0.4875,97,0.41237113402061853,0.21210820836786787,0.8126155651898862,0.7490536761057963,UNDER,False,True
total 38.5-41.5 + 1pm ET,2,214,188,129,115,85,73,0.030808793209769782,402,0.5323383084577115,0.5286885245901639,158,0.5379746835443038,0.21238669621263562,0.4053238859067226,0.7490536761057963,OVER,True,True
total 45-47.5 + weeks 5-12,2,205,232,124,144,81,88,-0.08947055810453788,437,0.4691075514874142,0.4626865671641791,169,0.47928994082840237,0.21354451208263403,0.24575030146283156,0.7501466072309024,UNDER,True,False
spread <=3 + primetime + division,3,56,71,37,44,19,27,-0.14141546302616126,127,0.4409448818897638,0.4567901234567901,46,0.41304347826086957,0.21396515403542085,0.5052364407669357,0.7501466072309024,UNDER,True,True
total 48-50.5 + both off under,2,56,71,33,43,23,28,-0.1365164403997442,127,0.4409448818897638,0.4342105263157895,51,0.45098039215686275,0.21396515403542085,0.3018724904870079,0.7501466072309024,UNDER,True,True
home dog + division,2,258,288,145,168,113,120,-0.08055926206406676,546,0.4725274725274725,0.46325878594249204,233,0.48497854077253216,0.2145365113548854,0.21361242283735732,0.7506662152733072,UNDER,True,False
total 45-47.5 + either team new QB,2,57,72,25,42,32,30,-0.1403592625550592,129,0.4418604651162791,0.373134328358209,62,0.5161290322580645,0.2175612538394611,0.04980011429472864,0.7527203923013989,UNDER,True,False
total 42-44.5 + wind >=10 + division,3,41,54,27,31,14,23,-0.15991985175392312,95,0.43157894736842106,0.46551724137931033,37,0.3783783783783784,0.21805368187049967,0.6940040940761318,0.7527203923013989,UNDER,True,True
total 42-44.5 + temp 33-45 + weeks 13+ reg,3,41,54,20,28,21,26,-0.1649387658766537,95,0.43157894736842106,0.4166666666666667,47,0.44680851063829785,0.21805368187049967,0.31232680747326935,0.7527203923013989,UNDER,True,True
spread 3.5-7 + 1pm ET + both off over,3,76,93,47,57,29,36,-0.12666785963244329,169,0.44970414201183434,0.4519230769230769,65,0.4461538461538462,0.21829362198505048,0.37758392329809853,0.7527203923013989,UNDER,True,True
grass + weeks 5-12 + either team new QB,3,76,93,46,60,30,33,-0.1291313664318733,169,0.44970414201183434,0.4339622641509434,63,0.47619047619047616,0.21829362198505048,0.20649820735970992,0.7527203923013989,UNDER,True,True
grass + non-division,2,705,753,435,440,270,313,-0.06202688874798141,1458,0.4835390946502058,0.49714285714285716,583,0.4631217838765009,0.21835062692849494,0.8924442464039221,0.7527203923013989,UNDER,False,True
home fav + turf + Thursday,3,46,34,23,23,23,11,0.10930252768070195,80,0.575,0.5,34,0.6764705882352942,0.21851803947870374,1.0,0.7527203923013989,OVER,False,True
home dog + temp >=80 + 1pm ET,3,46,34,31,18,15,16,0.11413417285169883,80,0.575,0.6326530612244898,31,0.4838709677419355,0.21851803947870374,0.08543313315739454,0.7527203923013989,OVER,True,False
total 42-44.5 + weeks 13+ reg + division,3,67,83,32,48,35,35,-0.1352343350825051,150,0.44666666666666666,0.4,70,0.5,0.22054483769441563,0.09291188222054622,0.7567631374659446,UNDER,True,False
total 45-47.5 + home dog + turf,3,67,83,37,38,30,45,-0.136437018655144,150,0.44666666666666666,0.49333333333333335,75,0.4,0.22054483769441563,1.0,0.7567631374659446,UNDER,False,True
total 42-44.5 + 1pm ET + division,3,99,118,57,70,42,48,-0.11460148520864025,217,0.45622119815668205,0.44881889763779526,90,0.4666666666666667,0.2216513317679812,0.28691460720309875,0.7590916265567542,UNDER,True,True
spread 7.5+ + temp 33-45 + grass,3,35,47,20,24,15,23,-0.16847695362733958,82,0.4268292682926829,0.45454545454545453,38,0.39473684210526316,0.22424452830608183,0.651587827208914,0.7663336453244914,UNDER,True,True
home dog + wind >=10 + division,3,59,74,38,49,21,25,-0.14038371082529008,133,0.44360902255639095,0.4367816091954023,46,0.45652173913043476,0.22462992985836275,0.2836071084054854,0.7663336453244914,UNDER,True,True
1pm ET + weeks 5-12 + non-division,3,313,345,198,206,115,139,-0.07545550692836334,658,0.4756838905775076,0.4900990099009901,254,0.452755905511811,0.22682575548949702,0.7276902613382096,0.7703650807568168,UNDER,False,True
grass + non-division + home off bye,3,51,65,28,36,23,29,-0.14428238575587982,116,0.4396551724137931,0.4375,52,0.4423076923076923,0.22727494633160847,0.3817327947933377,0.7703650807568168,UNDER,True,True
grass + weeks 5-12 + both off under,3,114,134,72,72,42,62,-0.1076994454540507,248,0.4596774193548387,0.5,104,0.40384615384615385,0.2275537562891071,1.0,0.7703650807568168,UNDER,False,False
spread 10+ + 1pm ET + division,3,43,56,24,36,19,20,-0.15487596869926148,99,0.43434343434343436,0.4,39,0.48717948717948717,0.2276261571100465,0.1550019040032606,0.7703650807568168,UNDER,True,False
total 42-44.5 + spread 3.5-7 + 1pm ET,3,102,121,61,79,41,42,-0.11154974134413966,223,0.45739910313901344,0.4357142857142857,83,0.4939759036144578,0.22798290157684822,0.15052769717161313,0.7703650807568168,UNDER,True,False
total 45-47.5 + home fav + both off over,3,86,70,52,54,34,16,0.06793813593926562,156,0.5512820512820513,0.49056603773584906,50,0.68,0.22965784665432673,0.9226851594412758,0.774549467613642,OVER,False,False
dome/closed + 1pm ET + weeks 1-4,3,76,61,45,36,31,25,0.07698210352834692,137,0.5547445255474452,0.5555555555555556,56,0.5535714285714286,0.23153716588439494,0.37417441760470777,0.7768089675771062,OVER,True,True
total 45-47.5 + home fav + both off under,3,76,61,46,42,30,19,0.07222887071708088,137,0.5547445255474452,0.5227272727272727,49,0.6122448979591837,0.23153716588439494,0.7493290032022801,0.7768089675771062,OVER,False,True
total 48-50.5 + home fav + weeks 5-12,3,81,98,46,60,35,38,-0.11920845715210153,179,0.45251396648044695,0.4339622641509434,73,0.4794520547945205,0.231644883812189,0.20649820735970992,0.7768089675771062,UNDER,True,False
turf + 1pm ET + weeks 5-12,3,233,207,142,123,91,84,0.029400011273056567,440,0.5295454545454545,0.5358490566037736,175,0.52,0.23329159095827254,0.2688100302830912,0.7768089675771062,OVER,True,False
home dog + outdoor + weeks 5-12,3,225,252,139,141,86,111,-0.0856226878071587,477,0.4716981132075472,0.49642857142857144,197,0.4365482233502538,0.23383243722378602,0.9523598320677098,0.7768089675771062,UNDER,False,True
home fav + home off bye,2,111,93,74,54,37,39,0.0569895554866421,204,0.5441176470588235,0.578125,76,0.4868421052631579,0.23387421699271874,0.09269003089837799,0.7768089675771062,OVER,True,False
total 48-50.5 + outdoor + grass,3,131,152,82,96,49,56,-0.09930890401695135,283,0.4628975265017668,0.4606741573033708,105,0.4666666666666667,0.23443178148621774,0.329875476493028,0.7768089675771062,UNDER,True,True
spread 7.5+ + primetime + weeks 5-12,3,37,49,23,30,14,19,-0.16356006258440164,86,0.43023255813953487,0.4339622641509434,33,0.42424242424242425,0.2353798622110552,0.4101027163746913,0.7768089675771062,UNDER,True,True
dome/closed + grass + weeks 5-12,3,49,37,23,19,26,18,0.09800084542598393,86,0.5697674418604651,0.5476190476190477,44,0.5909090909090909,0.2353798622110552,0.6439689563703723,0.7768089675771062,OVER,True,True
temp <=32 + grass + weeks 13+ reg,3,37,49,19,30,18,19,-0.16202397253222828,86,0.43023255813953487,0.3877551020408163,37,0.4864864864864865,0.2353798622110552,0.15240777196147803,0.7768089675771062,UNDER,True,False
home fav + weeks 13+ reg + division,3,176,200,93,131,83,69,-0.09233510329287552,376,0.46808510638297873,0.41517857142857145,152,0.5460526315789473,0.23552726835939491,0.013252477974958916,0.7768089675771062,UNDER,True,False
home dog + 1pm ET + either team new QB,3,72,88,36,50,36,38,-0.12712827937785376,160,0.45,0.4186046511627907,74,0.4864864864864865,0.23558242646926894,0.16057841913397977,0.7768089675771062,UNDER,True,False
spread <=3 + outdoor + 1pm ET,3,285,315,182,186,103,129,-0.07752509155994347,600,0.475,0.4945652173913043,232,0.44396551724137934,0.23641868317546896,0.8757562593423535,0.7777582565138953,UNDER,False,True
home dog + dome/closed + grass,3,58,45,25,22,33,23,0.08875294972033622,103,0.5631067961165048,0.5319148936170213,56,0.5892857142857143,0.23690187778029245,0.7708669945730263,0.7777582565138953,OVER,True,True
total 48-50.5 + outdoor,2,194,219,124,134,70,85,-0.08579844534341514,413,0.46973365617433416,0.4806201550387597,155,0.45161290322580644,0.23758038548267904,0.5753496159887445,0.7777582565138953,UNDER,False,True
total 42-44.5 + home dog + non-division,3,107,126,64,60,43,66,-0.10913483777688593,233,0.4592274678111588,0.5161290322580645,109,0.3944954128440367,0.2382460977423,0.7877465824023325,0.7777582565138953,UNDER,False,False
total 45-47.5 + home fav + weeks 13+ reg,3,73,89,36,64,37,25,-0.12596761584750216,162,0.4506172839506173,0.36,62,0.5967741935483871,0.23850049967578174,0.006637120515926128,0.7777582565138953,UNDER,True,False
1pm ET + weeks 13+ reg,2,309,340,170,218,139,122,-0.07612173377790639,649,0.4761171032357473,0.4381443298969072,261,0.5325670498084292,0.23893168501581324,0.01691820860715099,0.7777582565138953,UNDER,True,False
spread 7.5+ + outdoor + weeks 1-4,3,68,54,40,34,28,20,0.07530060366325736,122,0.5573770491803278,0.5405405405405406,48,0.5833333333333334,0.23908881247691507,0.5613807442989817,0.7777582565138953,OVER,True,True
temp >=80 + 1pm ET,2,101,84,66,47,35,37,0.05744334862662264,185,0.5459459459459459,0.584070796460177,72,0.4861111111111111,0.239377682106306,0.08995433294496456,0.7777582565138953,OVER,True,False
turf + weeks 5-12 + division,3,127,108,73,58,54,50,0.048385158588969815,235,0.5404255319148936,0.5572519083969466,104,0.5192307692307693,0.24025633441844127,0.22111601916299528,0.778081972554078,OVER,True,False
home dog + temp >=80 + non-division,3,50,38,34,18,16,20,0.09973111500292754,88,0.5681818181818182,0.6538461538461539,36,0.4444444444444444,0.2407931245390016,0.03648340000835981,0.778081972554078,OVER,True,False
spread 7.5+ + dome/closed + division,3,50,38,24,23,26,15,0.09513935002275654,88,0.5681818181818182,0.5106382978723404,41,0.6341463414634146,0.2407931245390016,1.0,0.778081972554078,OVER,False,True
temp >=80 + grass + 1pm ET,3,91,75,61,40,30,35,0.0638694587798577,166,0.5481927710843374,0.6039603960396039,65,0.46153846153846156,0.24424992712067162,0.0460440669293428,0.7878170376583118,OVER,True,False
spread <=3 + outdoor + weeks 5-12,3,219,245,153,132,66,113,-0.08300911132302492,464,0.47198275862068967,0.5368421052631579,179,0.3687150837988827,0.24577706281394152,0.23608219514307854,0.7883870375026877,UNDER,True,False
total 38.5-41.5 + wind >=10 + weeks 5-12,3,39,51,28,35,11,16,-0.16407139898609704,90,0.43333333333333335,0.4444444444444444,27,0.4074074074074074,0.24610644971627782,0.44996253629022254,0.7883870375026877,UNDER,True,True
total 38.5-41.5 + grass + weeks 1-4,3,51,39,37,23,14,16,0.09783963930978376,90,0.5666666666666667,0.6166666666666667,30,0.4666666666666667,0.24610644971627782,0.09246098107292373,0.7883870375026877,OVER,True,False
total 42-44.5 + spread <=3 + grass,3,111,130,77,75,34,55,-0.10378841243997522,241,0.4605809128630705,0.506578947368421,89,0.38202247191011235,0.24620429468798702,0.9353893704780414,0.7883870375026877,UNDER,False,False
spread 7.5+ + outdoor + grass,3,220,246,120,146,100,100,-0.08446768019851521,466,0.4721030042918455,0.45112781954887216,200,0.5,0.24679352091471912,0.12515357836208,0.7888499209057869,UNDER,True,False
spread 7.5+ + turf + non-division,3,145,125,83,77,62,48,0.04383856847195069,270,0.5370370370370371,0.51875,110,0.5636363636363636,0.24750858519029012,0.6927623491186453,0.7897126441143429,OVER,False,True
spread <=3 + dome/closed + 1pm ET,3,105,88,60,47,45,41,0.058578860506229596,193,0.5440414507772021,0.5607476635514018,86,0.5232558139534884,0.24937669004363613,0.24589131461268413,0.7922194671954748,OVER,True,False
turf + non-division,2,595,555,342,302,253,253,0.003400356870789936,1150,0.5173913043478261,0.531055900621118,506,0.5,0.2501133681028922,0.12427222372052393,0.7922194671954748,OVER,True,False
temp <=32 + grass,2,57,71,32,43,25,28,-0.13021755242645702,128,0.4453125,0.4266666666666667,53,0.4716981132075472,0.25043988061925965,0.24804574189252784,0.7922194671954748,UNDER,True,True
spread 3.5-7 + outdoor + turf,3,178,156,110,95,68,61,0.033006142527919745,334,0.5329341317365269,0.5365853658536586,129,0.5271317829457365,0.2504901076410729,0.3281819596032335,0.7922194671954748,OVER,True,True
home fav + 1pm ET + both off under,3,162,141,104,92,58,49,0.03608787574179969,303,0.5346534653465347,0.5306122448979592,107,0.5420560747663551,0.2505271257591101,0.43211123425427017,0.7922194671954748,OVER,True,True
dome/closed + turf + either team new QB,3,67,82,25,34,42,48,-0.12874669931208985,149,0.44966442953020136,0.423728813559322,90,0.4666666666666667,0.25133111748209397,0.2975952082844287,0.7933476911267522,UNDER,True,True
spread <=3 + both off over,2,157,179,96,98,61,81,-0.09371914850961693,336,0.46726190476190477,0.4948453608247423,142,0.4295774647887324,0.2519061534262393,0.9427889997065583,0.7937504727853437,UNDER,False,True
outdoor + turf,2,459,424,278,251,181,173,0.008374628689477104,883,0.5198187995469988,0.5255198487712666,354,0.5112994350282486,0.2525306077585959,0.2582723857406204,0.7943072662477823,OVER,True,False
outdoor + turf + weeks 1-4,3,102,120,55,69,47,51,-0.10954391582447247,222,0.4594594594594595,0.4435483870967742,98,0.47959183673469385,0.2538314824937377,0.24292283198051148,0.7958402810277944,UNDER,True,False
spread 3.5-7 + either team new QB,2,129,149,66,82,63,67,-0.10074947918051394,278,0.46402877697841727,0.44594594594594594,130,0.4846153846153846,0.25443428256836276,0.21744554778290445,0.7958402810277944,UNDER,True,False
turf + weeks 5-12,2,386,354,232,196,154,158,0.013298006064232539,740,0.5216216216216216,0.5420560747663551,312,0.4935897435897436,0.25444431794812317,0.09056918132878887,0.7958402810277944,OVER,True,False
total 42-44.5 + spread 3.5-7,2,192,216,115,124,77,92,-0.08716470616840688,408,0.47058823529411764,0.4811715481171548,169,0.4556213017751479,0.25481244623663313,0.604916208688432,0.7958402810277944,UNDER,False,True
total 45-47.5 + home dog + division,3,59,73,34,42,25,31,-0.13033355875538427,132,0.44696969696969696,0.4473684210526316,56,0.44642857142857145,0.25776108784325424,0.42219110499231566,0.8028686879522049,UNDER,True,True
temp 33-45 + grass + weeks 13+ reg,3,80,96,43,49,37,47,-0.11677216146602161,176,0.45454545454545453,0.4673913043478261,84,0.44047619047619047,0.2581337612839642,0.6024122776961505,0.8028686879522049,UNDER,True,True
total 42-44.5 + home fav + 1pm ET,3,178,201,112,135,66,66,-0.08667853042155321,379,0.46965699208443273,0.4534412955465587,132,0.5,0.25842053033861834,0.16142989032066304,0.8028686879522049,UNDER,True,False
grass + division + both off under,3,92,109,50,66,42,43,-0.11061356259683267,201,0.4577114427860697,0.43103448275862066,85,0.49411764705882355,0.2590335472172408,0.16342317247754862,0.8033662810548692,UNDER,True,False
home fav + primetime + both off over,3,74,60,47,34,27,26,0.06906843962360963,134,0.5522388059701493,0.5802469135802469,53,0.5094339622641509,0.26135029662495074,0.18207674694084314,0.8036690684765609,OVER,True,False
home dog + weeks 5-12 + away off bye,3,42,54,25,34,17,20,-0.1554393974513896,96,0.4375,0.423728813559322,37,0.4594594594594595,0.26146943628638797,0.2975952082844287,0.8036690684765609,UNDER,True,True
outdoor + grass + both off under,3,237,263,149,151,88,112,-0.08031542889173571,500,0.474,0.49666666666666665,200,0.44,0.2635327670008485,0.9539724855809655,0.8036690684765609,UNDER,False,True
grass + Monday,2,71,86,41,49,30,37,-0.12331686144579503,157,0.45222929936305734,0.45555555555555555,67,0.44776119402985076,0.2637957455981229,0.46079247271897145,0.8036690684765609,UNDER,True,True
total 51+ + spread 3.5-7 + non-division,3,75,61,44,31,31,30,0.06945146497257375,136,0.5514705882352942,0.5866666666666667,61,0.5081967213114754,0.26489299040582126,0.16542794172425662,0.8036690684765609,OVER,True,False
total 45-47.5 + spread 3.5-7 + turf,3,83,99,45,64,38,35,-0.11644756338415312,182,0.45604395604395603,0.41284403669724773,73,0.5205479452054794,0.2661420292429953,0.08422157489670008,0.8036690684765609,UNDER,True,False
turf + both off under,2,226,202,121,116,105,86,0.022082600158764513,428,0.5280373831775701,0.510548523206751,191,0.5497382198952879,0.26622524754418897,0.7950626579516741,0.8036690684765609,OVER,False,True
spread 3.5-7 + away off bye,2,43,55,23,29,20,26,-0.15214999394229486,98,0.4387755102040816,0.4423076923076923,46,0.43478260869565216,0.2664055944111917,0.48845566937989204,0.8036690684765609,UNDER,True,True
total 42-44.5 + weeks 1-4 + division,3,43,55,26,35,17,20,-0.1579076316729246,98,0.4387755102040816,0.4262295081967213,37,0.4594594594594595,0.2664055944111917,0.30567741986311836,0.8036690684765609,UNDER,True,True
total 48-50.5 + home fav + primetime,3,43,55,32,32,11,23,-0.15122425022680958,98,0.4387755102040816,0.5,34,0.3235294117647059,0.2664055944111917,1.0,0.8036690684765609,UNDER,False,False
temp 33-45 + weeks 13+ reg + division,3,72,87,42,50,30,37,-0.11741177661889285,159,0.4528301886792453,0.45652173913043476,67,0.44776119402985076,0.26682526360032166,0.4657074457730625,0.8036690684765609,UNDER,True,True
total <=38 + home fav + outdoor,3,52,65,30,35,22,30,-0.1413819639536999,117,0.4444444444444444,0.46153846153846156,52,0.4230769230769231,0.2671823049903962,0.6201447650813029,0.8036690684765609,UNDER,True,True
total 45-47.5 + temp 33-45,2,52,65,29,41,23,24,-0.13273170579319107,117,0.4444444444444444,0.4142857142857143,47,0.48936170212765956,0.2671823049903962,0.18821620302302766,0.8036690684765609,UNDER,True,False
wind >=15 + non-division,2,96,113,60,69,36,44,-0.10906753964154421,209,0.45933014354066987,0.46511627906976744,80,0.45,0.268363158192938,0.4813541052575654,0.8036690684765609,UNDER,True,True
total 48-50.5 + outdoor + division,3,62,76,41,50,21,26,-0.12170122015867242,138,0.4492753623188406,0.45054945054945056,47,0.44680851063829785,0.2683899720088745,0.40181279606987963,0.8036690684765609,UNDER,True,True
total 48-50.5 + spread <=3,2,109,127,57,75,52,52,-0.10168875777895481,236,0.461864406779661,0.4318181818181818,104,0.5,0.26842731169189293,0.13866800643810281,0.8036690684765609,UNDER,True,False
1pm ET + non-division,2,666,708,401,426,265,282,-0.0584813205944401,1374,0.4847161572052402,0.4848851269649335,547,0.4844606946983547,0.26868107748421993,0.403978951383146,0.8036690684765609,UNDER,False,False
1pm ET + division,2,353,384,208,239,145,145,-0.06920051210532083,737,0.4789687924016282,0.465324384787472,290,0.5,0.2691198833708265,0.15583514074661073,0.8036690684765609,UNDER,True,False
home dog + both off over,2,154,175,82,96,72,79,-0.09215970189176002,329,0.46808510638297873,0.4606741573033708,151,0.4768211920529801,0.27015965562985006,0.329875476493028,0.8036690684765609,UNDER,True,False
total 48-50.5 + division,2,97,114,57,70,40,44,-0.10356338020462842,211,0.4597156398104265,0.44881889763779526,84,0.47619047619047616,0.2706461520303747,0.28691460720309875,0.8036690684765609,UNDER,True,True
total 45-47.5 + grass + both off under,3,66,53,43,33,23,20,0.07375093867063254,119,0.5546218487394958,0.5657894736842105,43,0.5348837209302325,0.27124833775940516,0.3018724904870079,0.8036690684765609,OVER,True,True
outdoor + Thursday + division,3,44,56,28,37,16,19,-0.16023670790221092,100,0.44,0.4307692307692308,35,0.45714285714285713,0.27125302407383545,0.3210841356849955,0.8036690684765609,UNDER,True,True
spread <=3 + wind >=10 + weeks 13+ reg,3,44,56,25,28,19,28,-0.14940078048078217,100,0.44,0.4716981132075472,47,0.40425531914893614,0.27125302407383545,0.7838463022094988,0.8036690684765609,UNDER,True,True
home dog + grass + division,3,155,176,93,113,62,63,-0.08736792891171334,331,0.46827794561933533,0.45145631067961167,125,0.496,0.27161276212665114,0.18543871014096427,0.8036690684765609,UNDER,True,False
total 45-47.5 + grass + weeks 1-4,3,77,63,54,40,23,23,0.0676122986372634,140,0.55,0.574468085106383,46,0.5,0.27184203624171216,0.17966501480803035,0.8036690684765609,OVER,True,False
home fav + division,2,434,468,252,297,182,171,-0.06725201295261052,902,0.4811529933481153,0.45901639344262296,353,0.5155807365439093,0.27185499676732855,0.060299742333359316,0.8036690684765609,UNDER,True,False
home fav + grass + away off bye,3,36,47,24,30,12,17,-0.15820703599413694,83,0.43373493975903615,0.4444444444444444,29,0.41379310344827586,0.272268945972048,0.49661743531793345,0.8036690684765609,UNDER,True,True
total 42-44.5 + temp 33-45 + grass,3,36,47,20,25,16,22,-0.15994569567572475,83,0.43373493975903615,0.4444444444444444,38,0.42105263157894735,0.272268945972048,0.5514843298025198,0.8036690684765609,UNDER,True,True
wind >=15 + both off under,2,36,47,25,32,11,15,-0.16137793370187972,83,0.43373493975903615,0.43859649122807015,26,0.4230769230769231,0.272268945972048,0.42704285650325524,0.8036690684765609,UNDER,True,True
outdoor + weeks 5-12 + both off under,3,141,161,90,84,51,77,-0.09415767367936932,302,0.46688741721854304,0.5172413793103449,128,0.3984375,0.2742248463027871,0.7047680231195156,0.8080978028922663,UNDER,False,False
spread 3.5-7 + weeks 13+ reg + both off under,3,64,78,36,53,28,25,-0.12947868990371347,142,0.4507042253521127,0.4044943820224719,53,0.5283018867924528,0.27524996897157333,0.08932073673118937,0.8097735405565027,UNDER,True,False
spread 10+ + outdoor + division,3,75,90,38,60,37,30,-0.11478479850223558,165,0.45454545454545453,0.3877551020408163,67,0.5522388059701493,0.27571405722982206,0.03336002889694201,0.8097959230558018,UNDER,True,False
weeks 5-12 + non-division,2,559,597,345,339,214,258,-0.06154495103573388,1156,0.4835640138408305,0.5043859649122807,472,0.4533898305084746,0.2764849038871501,0.8484023650363341,0.810717718174883,UNDER,False,False
spread 10+ + grass,2,128,147,72,89,56,58,-0.09343354413714064,275,0.46545454545454545,0.4472049689440994,114,0.49122807017543857,0.2777011466280831,0.20717984725922245,0.8118313030365786,UNDER,True,False
total 45-47.5 + outdoor,2,342,372,213,245,129,127,-0.07034634438918033,714,0.4789915966386555,0.4650655021834061,256,0.50390625,0.2777799328879387,0.14738670228263537,0.8118313030365786,UNDER,True,False
total 45-47.5 + 1pm ET + weeks 5-12,3,115,133,71,88,44,45,-0.1002091166650212,248,0.4637096774193548,0.44654088050314467,89,0.4943820224719101,0.28033848638431047,0.20433958933821758,0.8179613073121165,UNDER,True,False
home dog + wind >=10 + weeks 5-12,3,77,92,48,56,29,36,-0.11698005253446787,169,0.4556213017751479,0.46153846153846156,65,0.4461538461538462,0.28147844170582365,0.4926450664865023,0.8185946812887396,UNDER,True,True
weeks 13+ reg + division + both off under,3,77,92,42,62,35,30,-0.11766606516538469,169,0.4556213017751479,0.40384615384615385,65,0.5384615384615384,0.28147844170582365,0.061926379878627334,0.8185946812887396,UNDER,True,False
spread 7.5+ + outdoor + division,3,131,150,70,99,61,51,-0.09758367389204893,281,0.46619217081850534,0.41420118343195267,112,0.5446428571428571,0.28289559967775374,0.030947734779096184,0.820577148725154,UNDER,True,False
spread 3.5-7 + Monday,2,56,69,36,38,20,31,-0.13283157501028192,125,0.448,0.4864864864864865,51,0.39215686274509803,0.2830852395827476,0.9075606176124984,0.820577148725154,UNDER,False,True
weeks 5-12,1,824,869,504,507,320,362,-0.05541544247642022,1693,0.48670998227997636,0.49851632047477745,682,0.46920821114369504,0.2849038072223556,0.949849817853225,0.820968837872868,UNDER,False,True
spread 3.5-7 + temp 33-45 + non-division,3,47,59,24,38,23,21,-0.14211484349353104,106,0.44339622641509435,0.3870967741935484,44,0.5227272727272727,0.2852844218656583,0.09795444051950736,0.820968837872868,UNDER,True,False
wind >=15 + weeks 5-12 + non-division,3,47,59,30,38,17,21,-0.1428681877596228,106,0.44339622641509435,0.4411764705882353,38,0.4473684210526316,0.2852844218656583,0.39612484029702977,0.820968837872868,UNDER,True,True
spread 7.5+ + grass,2,240,265,131,161,109,104,-0.07879054336607048,505,0.4752475247524752,0.4486301369863014,213,0.5117370892018779,0.2855158511298341,0.08950612118716081,0.820968837872868,UNDER,True,False
home dog + grass + non-division,3,261,287,161,160,100,127,-0.07630648841161096,548,0.4762773722627737,0.5015576323987538,227,0.44052863436123346,0.2855342575916345,1.0,0.820968837872868,UNDER,False,False
total 45-47.5 + grass + primetime,3,57,70,31,43,26,27,-0.13076139405350204,127,0.44881889763779526,0.4189189189189189,53,0.49056603773584906,0.28691460720309875,0.20067820312938567,0.8236027721331669,UNDER,True,False
home fav + turf + both off under,3,153,134,92,84,61,50,0.03255278654769529,287,0.5331010452961672,0.5227272727272727,111,0.5495495495495496,0.2879884084524718,0.597872449055666,0.8240265679703956,OVER,False,True
total 48-50.5 + 1pm ET + weeks 5-12,3,68,82,38,48,30,34,-0.11431963799081046,150,0.4533333333333333,0.4418604651162791,64,0.46875,0.2884557489907642,0.3318343545999156,0.8240265679703956,UNDER,True,True
home fav + away off bye,2,68,82,50,52,18,30,-0.11838266771089141,150,0.4533333333333333,0.49019607843137253,48,0.375,0.2884557489907642,0.9211910492538715,0.8240265679703956,UNDER,False,True
total 38.5-41.5 + home fav + dome/closed,3,50,39,27,15,23,24,0.08687899153356143,89,0.5617977528089888,0.6428571428571429,47,0.48936170212765956,0.28909608069606096,0.08842954698775429,0.8245280500881225,OVER,True,False
total 38.5-41.5 + home dog + non-division,3,95,80,56,49,39,31,0.049587162254994765,175,0.5428571428571428,0.5333333333333333,70,0.5571428571428572,0.2898925237752056,0.5583942911655911,0.8251830821748005,OVER,True,True
grass + weeks 13+ reg,2,336,365,185,224,151,141,-0.0693091840482564,701,0.4793152639087018,0.45232273838630804,292,0.5171232876712328,0.29025605596227483,0.060114899270340055,0.8251830821748005,UNDER,True,False
spread 3.5-7 + turf + primetime,3,69,83,43,38,26,45,-0.1185930515394751,152,0.45394736842105265,0.5308641975308642,71,0.36619718309859156,0.29165445133443346,0.6569924675863577,0.8278319946676559,UNDER,True,False
weeks 1-4 + non-division,2,343,315,210,178,133,137,0.011839895632004452,658,0.5212765957446809,0.5412371134020618,270,0.4925925925925926,0.29253182239116143,0.11542136759352548,0.8279716585734681,OVER,True,False
total 38.5-41.5 + turf + 1pm ET,3,96,81,53,48,43,33,0.048815133205731755,177,0.5423728813559322,0.5247524752475248,76,0.5657894736842105,0.29263710818802957,0.6908264239959597,0.8279716585734681,OVER,True,True
temp >=80 + weeks 1-4 + non-division,3,72,59,54,33,18,26,0.06553560950768923,131,0.549618320610687,0.6206896551724138,44,0.4090909090909091,0.29440615652351326,0.03141811023384611,0.8281282361895794,OVER,True,False
spread 7.5+ + weeks 13+ reg + both off under,3,51,40,27,28,24,12,0.08445529581994266,91,0.5604395604395604,0.4909090909090909,36,0.6666666666666666,0.294469784568533,1.0,0.8281282361895794,OVER,False,False
turf + division + both off under,3,70,84,38,51,32,33,-0.12085680943808522,154,0.45454545454545453,0.42696629213483145,65,0.49230769230769234,0.29481351399329214,0.20311681873649565,0.8281282361895794,UNDER,True,False
grass + both off over,2,250,275,152,166,98,109,-0.07661421384080665,525,0.47619047619047616,0.4779874213836478,207,0.47342995169082125,0.2948867209765408,0.4660546262071446,0.8281282361895794,UNDER,False,True
total 38.5-41.5 + home fav + division,3,97,82,58,53,39,29,0.049905136955259104,179,0.5418994413407822,0.5225225225225225,68,0.5735294117647058,0.295352405876935,0.704379315424892,0.8281282361895794,OVER,False,True
spread 3.5-7 + weeks 5-12 + division,3,111,95,62,59,49,36,0.044220808773773594,206,0.5388349514563107,0.512396694214876,85,0.5764705882352941,0.2959601475446411,0.85582159921108,0.8281282361895794,OVER,False,True
total 42-44.5 + spread 7.5+ + outdoor,3,95,111,49,63,46,48,-0.10742750961240558,206,0.46116504854368934,0.4375,94,0.48936170212765956,0.2959601475446411,0.21913114749778415,0.8281282361895794,UNDER,True,False
home fav + non-division + both off over,3,194,173,124,105,70,68,0.02498116879646009,367,0.5286103542234333,0.5414847161572053,138,0.5072463768115942,0.2964798349088215,0.23418356221827022,0.8282305767840059,OVER,True,False
spread 10+ + 1pm ET + non-division,3,71,85,39,55,32,30,-0.11476116225272016,156,0.4551282051282051,0.4148936170212766,62,0.5161290322580645,0.29793364454191973,0.12137111297242889,0.8282305767840059,UNDER,True,False
spread <=3 + either team new QB,2,96,112,48,60,48,52,-0.10472398887265134,208,0.46153846153846156,0.4444444444444444,100,0.48,0.29829604748976685,0.2897982154050607,0.8282305767840059,UNDER,True,False
turf,1,918,873,522,486,396,387,-0.005688740391184872,1791,0.5125628140703518,0.5178571428571429,783,0.5057471264367817,0.2984810124652761,0.2702809053561924,0.8282305767840059,OVER,False,False
home dog + outdoor + both off under,3,125,143,69,78,56,65,-0.0979340090858166,268,0.4664179104477612,0.46938775510204084,121,0.4628099173553719,0.299054060779471,0.5095015886349891,0.8282305767840059,UNDER,True,True
total 45-47.5 + home dog,2,175,196,104,114,71,82,-0.08435066657034802,371,0.4716981132075472,0.47706422018348627,153,0.46405228758169936,0.2990998316515079,0.5422534273379724,0.8282305767840059,UNDER,False,True
spread 10+ + weeks 13+ reg + non-division,3,52,41,28,22,24,19,0.08499112697750338,93,0.5591397849462365,0.56,43,0.5581395348837209,0.29973169689703033,0.47988766169832786,0.8282305767840059,OVER,True,True
spread <=3 + Monday,2,41,52,27,22,14,30,-0.13996942866305598,93,0.44086021505376344,0.5510204081632653,44,0.3181818181818182,0.29973169689703033,0.5681724128491652,0.8282305767840059,UNDER,True,False
total 45-47.5 + both off over,2,128,111,73,82,55,29,0.03611373000066208,239,0.5355648535564853,0.47096774193548385,84,0.6547619047619048,0.30067931738190534,0.5206333734262385,0.829556934736392,OVER,True,False
spread 3.5-7 + weeks 5-12 + non-division,3,216,239,138,151,78,88,-0.07945286735810385,455,0.4747252747252747,0.47750865051903113,166,0.46987951807228917,0.30235917756291153,0.48032545482494454,0.8317411429817279,UNDER,False,True
turf + week 1,2,51,63,28,25,23,38,-0.1300981087141173,114,0.4473684210526316,0.5283018867924528,61,0.3770491803278688,0.3028775526303248,0.7838463022094988,0.8317411429817279,UNDER,True,False
total 45-47.5 + spread 3.5-7 + weeks 1-4,3,63,51,40,30,23,21,0.06814659597380178,114,0.5526315789473685,0.5714285714285714,44,0.5227272727272727,0.3028775526303248,0.281978921793656,0.8317411429817279,OVER,True,False
spread 10+ + grass + non-division,3,73,87,43,49,30,38,-0.10872153953886711,160,0.45625,0.4673913043478261,68,0.4411764705882353,0.30405987771541065,0.6024122776961505,0.8321020435474423,UNDER,True,True
total 42-44.5 + home dog + outdoor,3,144,163,90,81,54,82,-0.08843639375989691,307,0.46905537459283386,0.5263157894736842,136,0.39705882352941174,0.3042657853230647,0.5408115779969367,0.8321020435474423,UNDER,True,False
total 45-47.5 + weeks 1-4,2,130,113,77,68,53,45,0.038446346527044976,243,0.5349794238683128,0.5310344827586206,98,0.5408163265306123,0.3046948516655969,0.5065964185708862,0.8321020435474423,OVER,True,True
turf + weeks 5-12 + away off bye,3,42,53,33,33,9,20,-0.13963156301599608,95,0.4421052631578947,0.5,29,0.3103448275862069,0.30488519070227593,1.0,0.8321020435474423,UNDER,False,False
total 42-44.5 + home dog,2,180,201,107,97,73,104,-0.08380872031776597,381,0.47244094488188976,0.5245098039215687,177,0.4124293785310734,0.3055323923846367,0.5287148701164898,0.8323913914359288,UNDER,True,False
wind >=10 + both off over,2,86,101,54,61,32,40,-0.10459591350434343,187,0.45989304812834225,0.46956521739130436,72,0.4444444444444444,0.3059296433011418,0.5760121204363974,0.8323913914359288,UNDER,True,True
total 38.5-41.5 + turf + division,3,64,52,31,33,33,19,0.06726175709484751,116,0.5517241379310345,0.484375,52,0.6346153846153846,0.3070896636491838,0.9006532462520334,0.8342349350127084,OVER,False,False
home fav + outdoor + weeks 5-12,3,362,391,241,245,121,146,-0.06611978250626241,753,0.4807436918990704,0.49588477366255146,267,0.45318352059925093,0.3075477156134787,0.8917740122281738,0.8342349350127084,UNDER,False,True
spread 3.5-7 + 1pm ET + weeks 5-12,3,165,185,102,117,63,68,-0.08432352969792105,350,0.4714285714285714,0.4657534246575342,131,0.48091603053435117,0.309820176518667,0.34415251140914993,0.8355958810638277,UNDER,True,False
home fav + outdoor + 1pm ET,3,450,482,274,315,176,167,-0.06196300377333393,932,0.48283261802575106,0.46519524617996605,343,0.5131195335276968,0.3098954372220685,0.09923539454687683,0.8355958810638277,UNDER,True,False
total 51+ + spread 7.5+,2,43,54,26,32,17,22,-0.13740357181074486,97,0.44329896907216493,0.4482758620689655,39,0.4358974358974359,0.3099335342390071,0.5118423084381691,0.8355958810638277,UNDER,True,True
spread 3.5-7 + wind >=10 + both off under,3,43,54,28,36,15,18,-0.13988039339889022,97,0.44329896907216493,0.4375,33,0.45454545454545453,0.3099335342390071,0.3817327947933377,0.8355958810638277,UNDER,True,True
outdoor + week 1,2,76,90,54,49,22,41,-0.11283113482247269,166,0.4578313253012048,0.5242718446601942,63,0.3492063492063492,0.3129742113064479,0.6936859650244835,0.8374083701106818,UNDER,True,False
home fav + turf + 1pm ET,3,347,320,214,217,133,103,0.011415580556481848,667,0.52023988005997,0.4965197215777262,236,0.5635593220338984,0.31406671722509405,0.9232679402783627,0.8374083701106818,OVER,False,False
total 42-44.5 + temp 33-45 + non-division,3,35,45,20,26,15,19,-0.15394864021706464,80,0.4375,0.43478260869565216,34,0.4411764705882353,0.31430657986393706,0.4613911821367651,0.8374083701106818,UNDER,True,True
temp <=32 + grass + non-division,3,35,45,22,26,13,19,-0.14109573051620602,80,0.4375,0.4583333333333333,32,0.40625,0.31430657986393706,0.6654658120766188,0.8374083701106818,UNDER,True,True
home dog + non-division + away off bye,3,35,45,19,24,16,21,-0.1556720036949467,80,0.4375,0.4418604651162791,37,0.43243243243243246,0.31430657986393706,0.542384011856484,0.8374083701106818,UNDER,True,True
outdoor + weeks 1-4 + non-division,3,251,228,160,132,91,96,0.016346502039157135,479,0.524008350730689,0.547945205479452,187,0.48663101604278075,0.3147971807523423,0.11393963048499718,0.8374083701106818,OVER,True,False
grass + primetime + both off over,3,55,44,29,24,26,20,0.07480467198229877,99,0.5555555555555556,0.5471698113207547,46,0.5652173913043478,0.3148798910376227,0.5831321542611763,0.8374083701106818,OVER,True,True
spread 7.5+ + wind >=10 + non-division,3,65,78,41,50,24,28,-0.1123794187130414,143,0.45454545454545453,0.45054945054945056,52,0.46153846153846156,0.3156248974433412,0.40181279606987963,0.8374083701106818,UNDER,True,True
total 38.5-41.5 + spread <=3 + grass,3,77,91,55,57,22,34,-0.11160216778740809,168,0.4583333333333333,0.49107142857142855,56,0.39285714285714285,0.3158749116129902,0.9247750936572272,0.8374083701106818,UNDER,False,True
grass + home off bye,2,77,91,46,51,31,40,-0.1095289814083543,168,0.4583333333333333,0.4742268041237113,71,0.43661971830985913,0.3158749116129902,0.6848587772144039,0.8374083701106818,UNDER,True,True
outdoor + weeks 13+ reg + either team new QB,3,90,105,42,55,48,50,-0.10360717891373787,195,0.46153846153846156,0.4329896907216495,98,0.4897959183673469,0.31607312611901267,0.2228776545833757,0.8374083701106818,UNDER,True,False
total 38.5-41.5 + wind >=10,2,91,106,60,69,31,37,-0.1045396159377849,197,0.4619289340101523,0.46511627906976744,68,0.45588235294117646,0.3185443080515233,0.4813541052575654,0.8374083701106818,UNDER,True,True
outdoor + Thursday,2,78,92,50,50,28,42,-0.11796496864519704,170,0.4588235294117647,0.5,70,0.4,0.3187412841052538,1.0,0.8374083701106818,UNDER,False,False
1pm ET + division + both off under,3,78,92,45,51,33,41,-0.11144327204334381,170,0.4588235294117647,0.46875,74,0.44594594594594594,0.3187412841052538,0.6100682661051773,0.8374083701106818,UNDER,True,True
total 48-50.5 + primetime,2,66,79,44,46,22,33,-0.11718892701812506,145,0.45517241379310347,0.4888888888888889,55,0.4,0.3189894748159886,0.9161288770112904,0.8374083701106818,UNDER,False,True
home dog + temp 33-45 + 1pm ET,3,45,56,26,35,19,21,-0.13569042631993763,101,0.44554455445544555,0.4262295081967213,40,0.475,0.31972732070026555,0.30567741986311836,0.8374083701106818,UNDER,True,True
total 48-50.5 + grass + both off over,3,45,56,32,29,13,27,-0.13668172860238353,101,0.44554455445544555,0.5245901639344263,40,0.325,0.31972732070026555,0.7981526273057179,0.8374083701106818,UNDER,True,False
total 48-50.5 + outdoor + primetime,3,45,56,33,33,12,23,-0.13747899207020575,101,0.44554455445544555,0.5,35,0.34285714285714286,0.31972732070026555,1.0,0.8374083701106818,UNDER,False,False
outdoor + SNF (Sun night) + weeks 5-12,3,36,46,26,25,10,21,-0.1476643458963233,82,0.43902439024390244,0.5098039215686274,31,0.3225806451612903,0.3202933636380142,1.0,0.8374083701106818,UNDER,False,False
SNF (Sun night) + weeks 5-12 + non-division,3,36,46,25,23,11,23,-0.14879906547350352,82,0.43902439024390244,0.5208333333333334,34,0.3235294117647059,0.3202933636380142,0.8854334972865135,0.8374083701106818,UNDER,False,False
primetime + weeks 13+ reg,2,106,122,55,65,51,57,-0.10092958466860683,228,0.4649122807017544,0.4583333333333333,108,0.4722222222222222,0.3205187617278201,0.4114232202639375,0.8374083701106818,UNDER,True,True
total 38.5-41.5 + outdoor + 1pm ET,3,174,155,104,97,70,58,0.024340955774346112,329,0.5288753799392097,0.5174129353233831,128,0.546875,0.32101838301786606,0.672249977204818,0.837480310990727,OVER,False,True
home fav + non-division + away off bye,3,46,57,32,35,14,22,-0.13457428207723482,103,0.44660194174757284,0.47761194029850745,36,0.3888888888888889,0.3244787802880663,0.8071946913670247,0.8447557020864318,UNDER,False,True
spread 3.5-7 + wind >=15 + grass,3,37,47,24,29,13,18,-0.14616384497354068,84,0.44047619047619047,0.4528301886792453,31,0.41935483870967744,0.3261341711919829,0.5831321542611763,0.8447557020864318,UNDER,True,True
1pm ET + week 1,2,57,69,38,37,19,32,-0.11966714104317733,126,0.4523809523809524,0.5066666666666667,51,0.37254901960784315,0.32712296721677875,1.0,0.8447557020864318,UNDER,False,False
weeks 5-12 + division + both off under,3,57,69,32,37,25,32,-0.12337594615722557,126,0.4523809523809524,0.463768115942029,57,0.43859649122807015,0.32712296721677875,0.6304564917867981,0.8447557020864318,UNDER,True,True
temp >=80 + 1pm ET + non-division,3,69,57,46,29,23,28,0.057984729245510507,126,0.5476190476190477,0.6133333333333333,51,0.45098039215686275,0.32712296721677875,0.06394991646706692,0.8447557020864318,OVER,True,False
total 51+ + turf + non-division,3,95,81,62,40,33,41,0.04286606541034091,176,0.5397727272727273,0.6078431372549019,74,0.44594594594594594,0.3271404550920962,0.03706676743856058,0.8447557020864318,OVER,True,False
spread 7.5+ + outdoor + both off under,3,81,95,46,57,35,38,-0.10668341212445377,176,0.4602272727272727,0.44660194174757284,73,0.4794520547945205,0.3271404550920962,0.3244787802880663,0.8447557020864318,UNDER,True,False
home dog + grass + both off over,3,96,111,52,66,44,45,-0.09855571938124245,207,0.463768115942029,0.4406779661016949,89,0.4943820224719101,0.3305314667325055,0.23126568219748747,0.8522715435806173,UNDER,True,False
Monday + weeks 5-12 + non-division,3,38,48,22,22,16,26,-0.14206087023433767,86,0.4418604651162791,0.5,42,0.38095238095238093,0.3318343545999156,1.0,0.8543891800584185,UNDER,False,False
spread 3.5-7 + dome/closed + both off under,3,59,48,28,32,31,16,0.06795327455354262,107,0.5514018691588785,0.4666666666666667,47,0.6595744680851063,0.33370511619743876,0.6988834276200058,0.856719068211659,OVER,True,False
total 45-47.5 + weeks 5-12 + both off over,3,59,48,37,34,22,14,0.06625794383438112,107,0.5514018691588785,0.5211267605633803,36,0.6111111111111112,0.33370511619743876,0.8125886494061619,0.856719068211659,OVER,False,True
total 48-50.5 + turf + weeks 13+ reg,3,49,39,28,24,21,15,0.07661245405687911,88,0.5568181818181818,0.5384615384615384,36,0.5833333333333334,0.3373990368531197,0.6778086391424605,0.8602446385680322,OVER,True,True
total 45-47.5 + home dog + wind >=10,3,39,49,25,37,14,12,-0.14171725489086565,88,0.4431818181818182,0.4032258064516129,26,0.5384615384615384,0.3373990368531197,0.16188140552559763,0.8602446385680322,UNDER,True,False
total <=38,1,99,114,58,52,41,62,-0.10074687496472315,213,0.4647887323943662,0.5272727272727272,103,0.39805825242718446,0.3374419437229782,0.6337556480191587,0.8602446385680322,UNDER,True,False
spread 7.5+ + turf,2,228,207,126,128,102,79,0.018214687745235044,435,0.5241379310344828,0.49606299212598426,181,0.56353591160221,0.3376034532332179,0.9499855210052871,0.8602446385680322,OVER,False,False
home dog + dome/closed + weeks 5-12,3,85,72,39,33,46,39,0.047447031589465435,157,0.5414012738853503,0.5416666666666666,85,0.5411764705882353,0.33823533079501195,0.555997717760971,0.8602446385680322,OVER,True,True
total 42-44.5 + spread <=3 + division,3,60,72,41,41,19,31,-0.11560722224976437,132,0.45454545454545453,0.5,50,0.38,0.3383802389398243,1.0,0.8602446385680322,UNDER,False,False
home dog + outdoor + non-division,3,329,355,203,191,126,164,-0.06782425702989811,684,0.48099415204678364,0.5152284263959391,290,0.43448275862068964,0.33912851026877666,0.579517017759781,0.8602446385680322,UNDER,False,False
outdoor + 1pm ET + weeks 13+ reg,3,231,253,128,165,103,88,-0.07416403121359602,484,0.4772727272727273,0.43686006825938567,191,0.5392670157068062,0.33981522998989994,0.03527395081904953,0.8602446385680322,UNDER,True,False
primetime + weeks 5-12,2,169,188,108,106,61,82,-0.08127738624685292,357,0.4733893557422969,0.5046728971962616,143,0.42657342657342656,0.3407726903981396,0.9455214144492778,0.8602446385680322,UNDER,False,False
total 42-44.5 + weeks 13+ reg,2,151,169,79,95,72,74,-0.0865836382055825,320,0.471875,0.4540229885057471,146,0.4931506849315068,0.3419578705491413,0.2554115816418577,0.8602446385680322,UNDER,True,False
outdoor + primetime + both off over,3,73,61,47,35,26,26,0.05753344483621044,134,0.5447761194029851,0.573170731707317,52,0.5,0.3420147088663083,0.22424452830608183,0.8602446385680322,OVER,True,False
home dog + division + either team new QB,3,50,61,27,39,23,22,-0.12513794064512018,111,0.45045045045045046,0.4090909090909091,45,0.5111111111111111,0.3425805825718986,0.17528579444303533,0.8602446385680322,UNDER,True,False
total 38.5-41.5 + either team new QB,2,101,87,47,57,54,30,0.03853237823440351,188,0.5372340425531915,0.4519230769230769,84,0.6428571428571429,0.343090278924958,0.37758392329809853,0.8602446385680322,OVER,True,False
total 38.5-41.5 + home dog + 1pm ET,3,87,74,50,46,37,28,0.045310305121030785,161,0.5403726708074534,0.5208333333333334,65,0.5692307692307692,0.3443135145965885,0.75964928832363,0.8602446385680322,OVER,False,True
spread 3.5-7 + grass + either team new QB,3,74,87,41,53,33,34,-0.11030859214437728,161,0.45962732919254656,0.43617021276595747,67,0.4925373134328358,0.3443135145965885,0.25644234893296985,0.8602446385680322,UNDER,True,False
total 42-44.5 + spread 7.5+ + non-division,3,74,87,43,49,31,38,-0.10328648103282745,161,0.45962732919254656,0.4673913043478261,69,0.4492753623188406,0.3443135145965885,0.6024122776961505,0.8602446385680322,UNDER,True,True
total 48-50.5 + weeks 5-12,2,135,152,73,87,62,65,-0.08322803562504803,287,0.47038327526132406,0.45625,127,0.4881889763779528,0.344955460208878,0.30405987771541065,0.8602446385680322,UNDER,True,False
total 48-50.5 + grass,2,153,171,90,102,63,69,-0.08169012163647027,324,0.4722222222222222,0.46875,132,0.4772727272727273,0.344956499739022,0.4273545893965868,0.8602446385680322,UNDER,True,False
spread 3.5-7 + turf + both off over,3,62,74,41,44,21,30,-0.11115180092928292,136,0.45588235294117646,0.4823529411764706,51,0.4117647058823529,0.3455925658608849,0.8284232741648998,0.8602446385680322,UNDER,False,True
total 38.5-41.5 + home fav + either team new QB,3,62,51,28,33,34,18,0.061299263624988554,113,0.5486725663716814,0.45901639344262296,52,0.6538461538461539,0.34689310509533494,0.6089207154048286,0.8602446385680322,OVER,True,False
primetime + non-division + both off over,3,62,51,34,25,28,26,0.05838125234306483,113,0.5486725663716814,0.576271186440678,54,0.5185185185185185,0.34689310509533494,0.2975952082844287,0.8602446385680322,OVER,True,False
spread 3.5-7 + wind >=15,2,51,62,34,39,17,23,-0.1244899570741263,113,0.45132743362831856,0.4657534246575342,40,0.425,0.34689310509533494,0.6399729317539425,0.8602446385680322,UNDER,True,True
total 48-50.5 + home fav,2,195,215,123,128,72,87,-0.07548338649303565,410,0.47560975609756095,0.4900398406374502,159,0.4528301886792453,0.3480801421069636,0.8007328267720516,0.8602446385680322,UNDER,False,True
spread 7.5+ + grass + weeks 1-4,3,51,41,32,25,19,16,0.06717447793185843,92,0.5543478260869565,0.5614035087719298,35,0.5428571428571428,0.3481412903192068,0.42704285650325524,0.8602446385680322,OVER,True,True
total <=38 + home fav + grass,3,41,51,20,23,21,28,-0.13958915173174907,92,0.44565217391304346,0.46511627906976744,49,0.42857142857142855,0.3481412903192068,0.7607916425613439,0.8602446385680322,UNDER,True,True
wind >=10 + 1pm ET + weeks 1-4,3,41,51,27,30,14,21,-0.13439450859673902,92,0.44565217391304346,0.47368421052631576,35,0.4,0.3481412903192068,0.7913664277791806,0.8602446385680322,UNDER,True,True
primetime + both off over,2,103,89,62,50,41,39,0.040311498277534656,192,0.5364583333333334,0.5535714285714286,80,0.5125,0.34817116713181917,0.2985928528328461,0.8602446385680322,OVER,True,False
total 38.5-41.5 + spread 3.5-7 + 1pm ET,3,89,76,58,46,31,30,0.048950834318572396,165,0.5393939393939394,0.5576923076923077,61,0.5081967213114754,0.35023436538307345,0.280690329034179,0.8641387540884177,OVER,True,False
total 51+ + outdoor + weeks 5-12,3,52,63,36,34,16,29,-0.12084682762419335,115,0.45217391304347826,0.5142857142857142,45,0.35555555555555557,0.3511253697554322,0.9049745264594622,0.8651338971474121,UNDER,False,False
total 42-44.5 + spread <=3 + weeks 13+ reg,3,42,52,23,28,19,24,-0.13527731900565504,94,0.44680851063829785,0.45098039215686275,43,0.4418604651162791,0.3533280324715825,0.5758493477318467,0.8657512839842367,UNDER,True,True
home dog + dome/closed + both off under,3,52,42,20,23,32,19,0.074509086170487,94,0.5531914893617021,0.46511627906976744,51,0.6274509803921569,0.3533280324715825,0.7607916425613439,0.8657512839842367,OVER,True,False
spread <=3 + weeks 5-12 + either team new QB,3,42,52,26,26,16,26,-0.13252013213389058,94,0.44680851063829785,0.5,42,0.38095238095238093,0.3533280324715825,1.0,0.8657512839842367,UNDER,False,False
home dog + dome/closed + primetime,3,42,52,20,24,22,28,-0.13046909717921187,94,0.44680851063829785,0.45454545454545453,50,0.44,0.3533280324715825,0.651587827208914,0.8657512839842367,UNDER,True,True
total 38.5-41.5 + 1pm ET + non-division,3,139,123,85,73,54,50,0.027024811703797353,262,0.5305343511450382,0.5379746835443038,104,0.5192307692307693,0.3541031255000446,0.38157344546443395,0.8661853959680396,OVER,True,False
spread 7.5+ + both off under,2,107,122,59,75,48,47,-0.09319819915682462,229,0.4672489082969432,0.44029850746268656,95,0.5052631578947369,0.3549162235969875,0.19485665950707512,0.8661853959680396,UNDER,True,False
spread 3.5-7 + primetime,2,160,178,91,97,69,81,-0.08307314368253062,338,0.47337278106508873,0.48404255319148937,150,0.46,0.35515105100551375,0.7154689293504803,0.8661853959680396,UNDER,False,True
spread 7.5+ + grass + non-division,3,142,159,80,90,62,69,-0.0818352250204764,301,0.4717607973421927,0.47058823529411764,131,0.4732824427480916,0.3564319095188921,0.49013856710390047,0.8661853959680396,UNDER,True,True
spread 3.5-7 + both off over,2,161,179,93,110,68,69,-0.07996614208632331,340,0.47352941176470587,0.458128078817734,137,0.49635036496350365,0.3565704926911354,0.2613960516826494,0.8661853959680396,UNDER,True,False
home fav + grass + either team new QB,3,108,123,58,70,50,53,-0.09335589201164093,231,0.4675324675324675,0.453125,103,0.4854368932038835,0.3570086314360984,0.33093582894221363,0.8661853959680396,UNDER,True,False
wind >=10 + both off under,2,108,123,75,80,33,43,-0.09353546183379711,231,0.4675324675324675,0.4838709677419355,76,0.4342105263157895,0.3570086314360984,0.7481109519787568,0.8661853959680396,UNDER,False,True
dome/closed + both off under,2,141,125,71,74,70,51,0.027810278874482158,266,0.5300751879699248,0.4896551724137931,121,0.5785123966942148,0.357748832815861,0.8681591543092656,0.8661853959680396,OVER,False,False
spread <=3 + Thursday,2,53,43,32,27,21,16,0.06500539796744047,96,0.5520833333333334,0.5423728813559322,37,0.5675675675675675,0.3583976321916263,0.6029232012571504,0.8661853959680396,OVER,True,True
turf + Monday,2,54,65,32,32,22,33,-0.11971915878466576,119,0.453781512605042,0.5,55,0.4,0.3593582639051107,1.0,0.8661853959680396,UNDER,False,False
total 45-47.5 + spread <=3 + division,3,54,65,34,40,20,25,-0.11772605709836056,119,0.453781512605042,0.4594594594594595,45,0.4444444444444444,0.3593582639051107,0.5613807442989817,0.8661853959680396,UNDER,True,True
total 48-50.5 + turf + weeks 5-12,3,66,78,36,43,30,35,-0.10551488408715899,144,0.4583333333333333,0.45569620253164556,65,0.46153846153846156,0.3593644032877548,0.499896876860327,0.8661853959680396,UNDER,True,True
spread 10+ + outdoor,2,185,204,105,125,80,79,-0.07291877514845496,389,0.4755784061696658,0.45652173913043476,159,0.5031446540880503,0.3614514446248209,0.21017672762224282,0.8687418116069062,UNDER,True,False
total 51+ + turf + 1pm ET,3,54,44,33,24,21,20,0.07472476404152616,98,0.5510204081632653,0.5789473684210527,41,0.5121951219512195,0.3633541876640533,0.2892437471090205,0.8687418116069062,OVER,True,False
total 42-44.5 + spread <=3 + wind >=10,3,44,54,30,32,14,22,-0.12662624729133606,98,0.4489795918367347,0.4838709677419355,36,0.3888888888888889,0.3633541876640533,0.8990763136528589,0.8687418116069062,UNDER,False,True
home fav + 1pm ET + home off bye,3,54,44,34,25,20,19,0.0718425233259912,98,0.5510204081632653,0.576271186440678,39,0.5128205128205128,0.3633541876640533,0.2975952082844287,0.8687418116069062,OVER,True,False
total 38.5-41.5 + home fav + wind >=10,3,55,66,36,42,19,24,-0.12038801849513617,121,0.45454545454545453,0.46153846153846156,43,0.4418604651162791,0.3633632605480972,0.5715867180030723,0.8687418116069062,UNDER,True,True
total 45-47.5 + spread 10+,2,55,66,29,46,26,20,-0.11228127820653638,121,0.45454545454545453,0.38666666666666666,46,0.5652173913043478,0.3633632605480972,0.06394991646706692,0.8687418116069062,UNDER,True,False
home fav + outdoor + weeks 13+ reg,3,258,280,144,180,114,100,-0.06962430398042452,538,0.4795539033457249,0.4444444444444444,214,0.5327102803738317,0.36528071302232873,0.051674015664153215,0.8715000679371864,UNDER,True,False
spread <=3 + grass + non-division,3,284,307,186,172,98,135,-0.06733068887047834,591,0.4805414551607445,0.5195530726256983,233,0.4206008583690987,0.3654994647944006,0.4920913835571561,0.8715000679371864,UNDER,False,False
total 42-44.5 + home fav + both off over,3,67,56,46,33,21,23,0.059796010555235105,123,0.5447154471544715,0.5822784810126582,44,0.4772727272727273,0.3672967393938885,0.17661055306016424,0.8746099539392728,OVER,True,False
total 45-47.5 + grass + both off over,3,81,69,45,53,36,16,0.043353263955037497,150,0.54,0.45918367346938777,52,0.6923076923076923,0.36916146966178803,0.4796924995674868,0.8778719131099356,OVER,True,False
total 45-47.5 + home fav + division,3,98,112,57,79,41,33,-0.09516318143821398,210,0.4666666666666667,0.41911764705882354,74,0.5540540540540541,0.3697117774763105,0.07135326795326222,0.8780036054122823,UNDER,True,False
spread 3.5-7 + temp 33-45,2,84,97,46,59,38,38,-0.10164586176393549,181,0.46408839779005523,0.4380952380952381,76,0.5,0.3724648239355124,0.2414317175651776,0.8797620831203402,UNDER,True,False
home fav + weeks 5-12,2,514,544,326,332,188,212,-0.0561843734269409,1058,0.48582230623818523,0.49544072948328266,400,0.47,0.37263153965929263,0.8454739804189646,0.8797620831203402,UNDER,False,True
total <=38 + weeks 13+ reg,2,46,56,24,22,22,34,-0.12466701033347165,102,0.45098039215686275,0.5217391304347826,56,0.39285714285714285,0.37294366808362983,0.8829959121223965,0.8797620831203402,UNDER,False,False
spread 3.5-7 + dome/closed + primetime,3,46,56,28,26,18,30,-0.12498353097910496,102,0.45098039215686275,0.5185185185185185,48,0.375,0.37294366808362983,0.8919231511047488,0.8797620831203402,UNDER,False,False
primetime + non-division + both off under,3,56,46,38,22,18,24,0.06315391538157009,102,0.5490196078431373,0.6333333333333333,42,0.42857142857142855,0.37294366808362983,0.051893895928921435,0.8797620831203402,OVER,True,False
home dog + home off bye,2,36,45,21,22,15,23,-0.14042644291984954,81,0.4444444444444444,0.4883720930232558,38,0.39473684210526316,0.37417441760470777,1.0,0.8797620831203402,UNDER,False,True
home dog + non-division + both off over,3,100,114,48,60,52,54,-0.09789007907324651,214,0.4672897196261682,0.4444444444444444,106,0.49056603773584906,0.37422524579214095,0.2897982154050607,0.8797620831203402,UNDER,True,False
total 38.5-41.5 + non-division + both off under,3,69,58,38,38,31,20,0.05030784607344051,127,0.5433070866141733,0.5,51,0.6078431372549019,0.37495705068132973,1.0,0.8797620831203402,OVER,False,True
dome/closed + grass,2,115,101,54,58,61,43,0.03096585273849262,216,0.5324074074074074,0.48214285714285715,104,0.5865384615384616,0.37644713102655886,0.7769647513696717,0.8797620831203402,OVER,False,False
outdoor + turf + both off under,3,115,101,63,58,52,43,0.02916986920202682,216,0.5324074074074074,0.5206611570247934,95,0.5473684210526316,0.37644713102655886,0.716294114576641,0.8797620831203402,OVER,False,True
weeks 5-12 + both off under,2,198,217,118,116,80,101,-0.07330544027674724,415,0.4771084337349398,0.5042735042735043,181,0.4419889502762431,0.37694147605679634,0.9478963504191712,0.8797620831203402,UNDER,False,False
grass + weeks 1-4 + both off under,3,57,47,38,24,19,23,0.06458822694552807,104,0.5480769230769231,0.6129032258064516,42,0.4523809523809524,0.37758392329809853,0.09795444051950736,0.8797620831203402,OVER,True,False
outdoor + playoffs,2,59,70,30,39,29,31,-0.10938060174408817,129,0.4573643410852713,0.43478260869565216,60,0.48333333333333334,0.3786876626931186,0.3355576182340152,0.8797620831203402,UNDER,True,False
total 45-47.5 + spread 3.5-7 + division,3,59,70,31,48,28,22,-0.11212195012717291,129,0.4573643410852713,0.3924050632911392,50,0.56,0.3786876626931186,0.07116340869529121,0.8797620831203402,UNDER,True,False
home fav + temp >=80 + non-division,3,70,59,50,35,20,24,0.049653345751986336,129,0.5426356589147286,0.5882352941176471,44,0.45454545454545453,0.3786876626931186,0.12839640292640084,0.8797620831203402,OVER,True,False
spread 7.5+ + division + either team new QB,3,46,37,21,22,25,15,0.07142405426151553,83,0.5542168674698795,0.4883720930232558,40,0.625,0.37999939641191804,1.0,0.8797620831203402,OVER,False,False
total 38.5-41.5 + spread <=3 + weeks 1-4,3,46,37,30,19,16,18,0.06696111521740652,83,0.5542168674698795,0.6122448979591837,34,0.47058823529411764,0.37999939641191804,0.15240777196147803,0.8797620831203402,OVER,True,False
total 45-47.5 + outdoor + grass,3,249,270,155,181,94,89,-0.06943250292701889,519,0.4797687861271676,0.46130952380952384,183,0.5136612021857924,0.38001434519955896,0.17251969089785832,0.8797620831203402,UNDER,True,False
total 48-50.5 + dome/closed + non-division,3,85,73,41,36,44,37,0.04661609828319426,158,0.5379746835443038,0.5324675324675324,81,0.5432098765432098,0.38157344546443395,0.6487911623106449,0.8797620831203402,OVER,True,True
grass + division + either team new QB,3,73,85,41,55,32,30,-0.10511772780778719,158,0.4620253164556962,0.4270833333333333,62,0.5161290322580645,0.38157344546443395,0.18428587288036516,0.8797620831203402,UNDER,True,False
home fav + outdoor + either team new QB,3,139,155,74,91,65,64,-0.08230363658135785,294,0.47278911564625853,0.4484848484848485,129,0.5038759689922481,0.38170538058648357,0.21278579701152114,0.8797620831203402,UNDER,True,False
total 38.5-41.5 + spread 3.5-7 + turf,3,58,48,34,29,24,19,0.061124715676019806,106,0.5471698113207547,0.5396825396825397,43,0.5581395348837209,0.38212581052922,0.6146550157654618,0.8797620831203402,OVER,True,True
total 45-47.5 + spread 7.5+ + turf,3,58,48,31,30,27,18,0.06472574435091544,106,0.5471698113207547,0.5081967213114754,45,0.6,0.38212581052922,1.0,0.8797620831203402,OVER,False,True
total 45-47.5 + weeks 13+ reg + division,3,60,71,33,52,27,19,-0.11086054051269739,131,0.4580152671755725,0.38823529411764707,46,0.5869565217391305,0.38235432135613434,0.050250895335291444,0.8797620831203402,UNDER,True,False
spread 10+ + outdoor + grass,3,122,137,67,80,55,57,-0.08194979959728403,259,0.47104247104247104,0.4557823129251701,112,0.49107142857142855,0.3843834331741721,0.322307648608775,0.8823335440735485,UNDER,True,False
dome/closed + either team new QB,2,89,102,35,45,54,57,-0.0981333393493744,191,0.46596858638743455,0.4375,111,0.4864864864864865,0.3852883963184289,0.31430657986393706,0.8823335440735485,UNDER,True,False
total 45-47.5 + 1pm ET,2,255,276,150,186,105,90,-0.06790495462631935,531,0.480225988700565,0.44642857142857145,195,0.5384615384615384,0.38545339807577056,0.056047899488184734,0.8823335440735485,UNDER,True,False
spread 7.5+ + wind >=15,2,38,47,19,32,19,15,-0.12972320909491117,85,0.4470588235294118,0.37254901960784315,34,0.5588235294117647,0.3856694201192796,0.09191454981585423,0.8823335440735485,UNDER,True,False
total 38.5-41.5 + wind >=10 + 1pm ET,3,61,72,42,47,19,25,-0.11108706466643492,133,0.45864661654135336,0.47191011235955055,44,0.4318181818181818,0.38595875434107874,0.6718086491746105,0.8823335440735485,UNDER,True,True
wind >=15 + 1pm ET + weeks 5-12,3,49,59,32,40,17,19,-0.12448832603504557,108,0.4537037037037037,0.4444444444444444,36,0.4722222222222222,0.3865726089882609,0.40957939592707177,0.882599495939736,UNDER,True,True
spread 7.5+ + both off over,2,120,106,74,67,46,39,0.030277651279257536,226,0.5309734513274337,0.524822695035461,85,0.5411764705882353,0.38722282807685876,0.6135127096954125,0.8829476825300095,OVER,True,True
total 42-44.5 + spread 7.5+,2,125,140,66,81,59,59,-0.08729692480090359,265,0.4716981132075472,0.4489795918367347,118,0.5,0.3898213933200046,0.24812572575379252,0.8877319021176998,UNDER,True,False
total 38.5-41.5 + home fav + weeks 5-12,3,88,76,60,47,28,29,0.04064222178504393,164,0.5365853658536586,0.5607476635514018,57,0.49122807017543857,0.39043016796270547,0.24589131461268413,0.8879709451791586,OVER,True,False
home fav + temp >=80 + weeks 1-4,3,60,50,44,32,16,18,0.06059980144396746,110,0.5454545454545454,0.5789473684210527,34,0.47058823529411764,0.39092745669950557,0.20673684180839247,0.8879709451791586,OVER,True,False
home fav + primetime + weeks 1-4,3,74,63,48,35,26,28,0.0385682288208477,137,0.5401459854014599,0.5783132530120482,54,0.48148148148148145,0.3929875546202095,0.18745986796619285,0.8912366119164024,OVER,True,False
total 38.5-41.5 + weeks 5-12,2,142,127,89,82,53,45,0.021316726357236707,269,0.5278810408921933,0.52046783625731,98,0.5408163265306123,0.3933699363757289,0.6464833446153438,0.8912366119164024,OVER,False,True
weeks 13+ reg + either team new QB,2,128,143,56,69,72,74,-0.08385770860707159,271,0.47232472324723246,0.448,146,0.4931506849315068,0.3951217986877914,0.2830852395827476,0.8932870452125844,UNDER,True,False
home fav + weeks 5-12 + non-division,3,354,378,225,226,129,152,-0.06019592405647915,732,0.48360655737704916,0.49889135254988914,281,0.45907473309608543,0.3952820352265382,1.0,0.8932870452125844,UNDER,False,True
temp >=80,1,164,148,112,89,52,59,0.019044564365991112,312,0.5256410256410257,0.5572139303482587,111,0.46846846846846846,0.3958014452706359,0.12050284465324416,0.8933228548474658,OVER,True,False
home dog + wind >=10 + both off under,3,40,49,24,32,16,17,-0.12885683574724263,89,0.449438202247191,0.42857142857142855,33,0.48484848484848486,0.39657015814551605,0.34968195298368476,0.8936323683698735,UNDER,True,False
outdoor + 1pm ET + both off over,3,170,187,106,112,64,75,-0.07677450556618948,357,0.47619047619047616,0.48623853211009177,139,0.460431654676259,0.3971327573019468,0.7349658822561246,0.8936323683698735,UNDER,False,True
temp >=80 + grass + weeks 1-4,3,91,79,66,47,25,32,0.04045958434231861,170,0.5352941176470588,0.584070796460177,57,0.43859649122807015,0.3989271474964336,0.08995433294496456,0.8936323683698735,OVER,True,False
outdoor + turf + both off over,3,91,79,64,47,27,32,0.04391046315134853,170,0.5352941176470588,0.5765765765765766,59,0.4576271186440678,0.3989271474964336,0.12847543208575976,0.8936323683698735,OVER,True,False
turf + away off bye,2,52,62,39,36,13,26,-0.11387368483087695,114,0.45614035087719296,0.52,39,0.3333333333333333,0.3993731868805379,0.8175538505509841,0.8936323683698735,UNDER,False,False
total 42-44.5 + home dog + grass,3,112,126,72,67,40,59,-0.0882827059299003,238,0.47058823529411764,0.5179856115107914,99,0.40404040404040403,0.399464750911674,0.7345393172729979,0.8936323683698735,UNDER,False,False
total 38.5-41.5 + home fav + 1pm ET,3,126,112,78,67,48,45,0.025930510954180308,238,0.5294117647058824,0.5379310344827586,93,0.5161290322580645,0.399464750911674,0.40636805135936543,0.8936323683698735,OVER,True,False
spread <=3 + dome/closed + both off over,3,41,50,15,26,26,24,-0.1298542599098417,91,0.45054945054945056,0.36585365853658536,50,0.52,0.40181279606987963,0.11727520595741225,0.8963324287713214,UNDER,True,False
spread 7.5+ + either team new QB,2,96,109,43,58,53,51,-0.08989656497566982,205,0.4682926829268293,0.42574257425742573,104,0.5096153846153846,0.4020236122375086,0.16327926185142783,0.8963324287713214,UNDER,True,False
total 45-47.5 + 1pm ET + weeks 13+ reg,3,66,77,36,57,30,20,-0.1037430657384622,143,0.46153846153846156,0.3870967741935484,50,0.6,0.40310390913216987,0.03751423180190034,0.8963324287713214,UNDER,True,False
home dog + dome/closed + division,3,77,66,35,34,42,32,0.04483199062735505,143,0.5384615384615384,0.5072463768115942,74,0.5675675675675675,0.40310390913216987,1.0,0.8963324287713214,OVER,False,True
total 42-44.5 + spread <=3 + non-division,3,114,128,76,70,38,58,-0.08565514798499507,242,0.47107438016528924,0.5205479452054794,96,0.3958333333333333,0.4033894442085627,0.6791635203785477,0.8963324287713214,UNDER,False,False
total 42-44.5 + home fav + outdoor,3,249,269,151,168,98,101,-0.06833530988524635,518,0.4806949806949807,0.47335423197492166,199,0.49246231155778897,0.40384665633586825,0.37036985393006433,0.8963324287713214,UNDER,True,False
dome/closed + turf + both off over,3,97,110,47,62,50,48,-0.09302803740491734,207,0.46859903381642515,0.43119266055045874,98,0.5102040816326531,0.4043073746901139,0.17967107079467196,0.8963324287713214,UNDER,True,False
both off over,1,438,464,263,275,175,189,-0.057564522816256965,902,0.48558758314855877,0.4888475836431227,364,0.4807692307692308,0.4051915473986167,0.6353668915043997,0.8963324287713214,UNDER,False,False
outdoor + weeks 1-4 + both off under,3,78,67,46,36,32,31,0.04371438165846832,145,0.5379310344827586,0.5609756097560976,63,0.5079365079365079,0.40636805135936543,0.3202933636380142,0.8963324287713214,OVER,True,False
grass + primetime + weeks 5-12,3,98,111,64,65,34,46,-0.09111735577388616,209,0.4688995215311005,0.49612403100775193,80,0.425,0.406565820852083,1.0,0.8963324287713214,UNDER,False,True
spread <=3 + dome/closed + grass,3,42,51,20,25,22,26,-0.12340526250664378,93,0.45161290322580644,0.4444444444444444,48,0.4583333333333333,0.40692436804613397,0.5514843298025198,0.8963324287713214,UNDER,True,True
total 42-44.5 + primetime + division,3,51,42,31,24,20,18,0.05337393245510233,93,0.5483870967741935,0.5636363636363636,38,0.5263157894736842,0.40692436804613397,0.4187541882690154,0.8963324287713214,OVER,True,True
home fav + weeks 5-12 + both off under,3,116,130,77,74,39,56,-0.08346376206199523,246,0.4715447154471545,0.5099337748344371,95,0.4105263157894737,0.407240100106925,0.8707787409560849,0.8963324287713214,UNDER,False,False
outdoor + weeks 5-12 + either team new QB,3,99,112,58,72,41,40,-0.09122021324203501,211,0.46919431279620855,0.4461538461538462,81,0.5061728395061729,0.408799399238493,0.25412455431009884,0.8982815018516259,UNDER,True,False
total 51+ + turf,2,131,117,81,61,50,56,0.024362102824832803,248,0.5282258064516129,0.5704225352112676,106,0.4716981132075472,0.40913836160998523,0.11051344647284359,0.8982815018516259,OVER,True,False
home fav + 1pm ET + non-division,3,412,437,262,284,150,153,-0.05653118506670127,849,0.48527679623085984,0.47985347985347987,303,0.49504950495049505,0.41013747070397705,0.36881764025722974,0.8983156749660683,UNDER,False,False
total 45-47.5 + home fav + non-division,3,222,204,129,132,93,72,0.010332428004062841,426,0.5211267605633803,0.4942528735632184,165,0.5636363636363636,0.4101666836090842,0.9015070808432802,0.8983156749660683,OVER,False,False
total 38.5-41.5 + home dog + outdoor,3,113,100,68,61,45,39,0.027048511352131727,213,0.5305164319248826,0.5271317829457365,84,0.5357142857142857,0.4110085478613014,0.5974849993058737,0.8984340385956481,OVER,True,True
total 45-47.5 + outdoor + both off over,3,96,84,58,62,38,22,0.032499838513700925,180,0.5333333333333333,0.48333333333333334,60,0.6333333333333333,0.41235055741408777,0.7843281773322764,0.8984340385956481,OVER,False,False
home fav + temp 33-45 + division,3,69,80,42,49,27,31,-0.10046380370406982,149,0.46308724832214765,0.46153846153846156,58,0.46551724137931033,0.41274255882414196,0.5296020954762445,0.8984340385956481,UNDER,True,True
primetime + weeks 5-12 + non-division,3,101,114,61,51,40,63,-0.08840441176178428,215,0.4697674418604651,0.5446428571428571,103,0.3883495145631068,0.41319369451887555,0.39519335735782307,0.8984340385956481,UNDER,True,False
home dog + non-division,2,456,482,260,249,196,233,-0.05809415675136134,938,0.4861407249466951,0.5108055009823183,429,0.4568764568764569,0.41435451937092366,0.6576328758582763,0.8984340385956481,UNDER,False,False
spread 7.5+ + weeks 5-12 + non-division,3,120,134,69,81,51,53,-0.08053822509741271,254,0.47244094488188976,0.46,104,0.49038461538461536,0.4147280964897638,0.36916146966178803,0.8984340385956481,UNDER,True,False
total 45-47.5 + outdoor + 1pm ET,3,184,201,112,135,72,66,-0.07243676459917629,385,0.4779220779220779,0.4534412955465587,138,0.5217391304347826,0.4148572810310491,0.16142989032066304,0.8984340385956481,UNDER,True,False
spread 7.5+ + weeks 5-12,2,184,201,103,124,81,77,-0.0711995997147603,385,0.4779220779220779,0.45374449339207046,158,0.5126582278481012,0.4148572810310491,0.18423875257376615,0.8984340385956481,UNDER,True,False
spread 3.5-7 + division + both off over,3,56,66,38,38,18,28,-0.1044834663547506,122,0.45901639344262296,0.5,46,0.391304347826087,0.41528518131253184,1.0,0.8984340385956481,UNDER,False,False
spread <=3 + 1pm ET + either team new QB,3,56,66,29,39,27,27,-0.11002319060912277,122,0.45901639344262296,0.4264705882352941,54,0.5,0.41528518131253184,0.2749903961710005,0.8984340385956481,UNDER,True,False
total 45-47.5 + primetime + weeks 5-12,3,44,53,26,30,18,23,-0.11980637694799015,97,0.4536082474226804,0.4642857142857143,41,0.43902439024390244,0.4167748410890994,0.6888797607233395,0.8987964362174569,UNDER,True,True
total 45-47.5 + outdoor + weeks 13+ reg,3,86,98,54,73,32,25,-0.09177322155686674,184,0.4673913043478261,0.4251968503937008,57,0.5614035087719298,0.4174792916816147,0.10984950256605941,0.8987964362174569,UNDER,True,False
total 42-44.5 + home fav + weeks 13+ reg,3,86,98,42,64,44,34,-0.09579370915988798,184,0.4673913043478261,0.39622641509433965,78,0.5641025641025641,0.4174792916816147,0.04087197060775474,0.8987964362174569,UNDER,True,False
total 48-50.5 + outdoor + weeks 5-12,3,86,98,52,62,34,36,-0.08888665364921854,184,0.4673913043478261,0.45614035087719296,70,0.4857142857142857,0.4174792916816147,0.3993731868805379,0.8987964362174569,UNDER,True,False
grass + 1pm ET + both off under,3,122,136,69,77,53,59,-0.08340455139663037,258,0.4728682170542636,0.4726027397260274,112,0.4732142857142857,0.41836962010868556,0.56252094230485,0.8996214619064342,UNDER,True,True
grass + both off under,2,267,287,162,167,105,120,-0.06485845202284787,554,0.48194945848375453,0.49240121580547114,225,0.4666666666666667,0.41955700626699033,0.8255022109829313,0.9010824807719623,UNDER,False,True
home fav + grass + SNF (Sun night),3,45,54,27,29,18,25,-0.12089958743531781,99,0.45454545454545453,0.48214285714285715,43,0.4186046511627907,0.42152334361577015,0.8938530948350216,0.9026019529361591,UNDER,False,True
total 38.5-41.5 + 1pm ET + either team new QB,3,54,45,32,31,22,14,0.05443240282148045,99,0.5454545454545454,0.5079365079365079,36,0.6111111111111112,0.42152334361577015,1.0,0.9026019529361591,OVER,False,True
total 38.5-41.5 + grass + non-division,3,138,124,92,78,46,46,0.020125173717592013,262,0.5267175572519084,0.5411764705882353,92,0.5,0.4219454805460192,0.3187412841052538,0.9026019529361591,OVER,True,False
turf + weeks 5-12 + either team new QB,3,58,68,25,34,33,34,-0.1061567960447951,126,0.4603174603174603,0.423728813559322,67,0.4925373134328358,0.42279113414588027,0.2975952082844287,0.9026019529361591,UNDER,True,False
temp 33-45 + weeks 13+ reg,2,145,160,82,88,63,72,-0.0770512695518549,305,0.47540983606557374,0.4823529411764706,135,0.4666666666666667,0.422808468370884,0.7014821003407139,0.9026019529361591,UNDER,False,True
outdoor + primetime + weeks 13+ reg,3,73,84,43,46,30,38,-0.09880919093076997,157,0.46496815286624205,0.48314606741573035,68,0.4411764705882353,0.4249115601338557,0.8322577540225787,0.9049570734170697,UNDER,False,True
total 42-44.5 + grass + weeks 13+ reg,3,89,101,49,58,40,43,-0.092107828636029,190,0.46842105263157896,0.45794392523364486,83,0.4819277108433735,0.424931929062243,0.4394401017790823,0.9049570734170697,UNDER,True,False
home fav + outdoor + primetime,3,193,210,121,119,72,91,-0.07443748715787982,403,0.47890818858560796,0.5041666666666667,163,0.44171779141104295,0.425476545591161,0.9485503941706407,0.9050304458977453,UNDER,False,False
dome/closed + weeks 5-12 + both off over,3,47,56,26,33,21,23,-0.1167939892725964,103,0.4563106796116505,0.4406779661016949,44,0.4772727272727273,0.4306890663081309,0.43499280512215344,0.9058961054743742,UNDER,True,False
spread <=3 + weeks 5-12,2,313,334,201,173,112,161,-0.06072946135694243,647,0.48377125193199383,0.5374331550802139,273,0.41025641025641024,0.4317255795634427,0.1625845626871829,0.9058961054743742,UNDER,True,False
home fav + either team new QB,2,200,217,97,120,103,97,-0.06967320524831087,417,0.47961630695443647,0.4470046082949309,200,0.515,0.43335563780534647,0.1351331413817361,0.9058961054743742,UNDER,True,False
grass + primetime + weeks 13+ reg,3,61,71,30,39,31,32,-0.10718410793411372,132,0.4621212121212121,0.43478260869565216,63,0.49206349206349204,0.43353726974233275,0.3355576182340152,0.9058961054743742,UNDER,True,False
total 51+ + division,2,61,71,32,44,29,27,-0.09332870445014818,132,0.4621212121212121,0.42105263157894735,56,0.5178571428571429,0.43353726974233275,0.20673684180839247,0.9058961054743742,UNDER,True,False
total 45-47.5 + 1pm ET + weeks 1-4,3,71,61,41,36,30,25,0.04467500703742376,132,0.5378787878787878,0.5324675324675324,55,0.5454545454545454,0.43353726974233275,0.6487911623106449,0.9058961054743742,OVER,True,True
temp 33-45 + both off under,2,61,71,31,37,30,34,-0.10875793933250295,132,0.4621212121212121,0.45588235294117646,64,0.46875,0.43353726974233275,0.5446122234192592,0.9058961054743742,UNDER,True,True
spread 7.5+ + non-division + both off under,3,61,71,35,41,26,30,-0.10185899602009969,132,0.4621212121212121,0.4605263157894737,56,0.4642857142857143,0.43353726974233275,0.566573442398685,0.9058961054743742,UNDER,True,True
total 42-44.5 + spread 3.5-7 + weeks 13+ reg,3,61,71,38,40,23,31,-0.10673718869977716,132,0.4621212121212121,0.48717948717948717,54,0.42592592592592593,0.43353726974233275,0.9099464518745242,0.9058961054743742,UNDER,False,True
spread 7.5+ + outdoor + both off over,3,87,76,54,45,33,31,0.03820400767272249,163,0.5337423312883436,0.5454545454545454,64,0.515625,0.43356712682865295,0.42152334361577015,0.9058961054743742,OVER,True,False
total 45-47.5 + Monday,2,36,44,21,29,15,15,-0.12743144724611366,80,0.45,0.42,30,0.5,0.43404225534547874,0.3222363203575469,0.9058961054743742,UNDER,True,False
spread 3.5-7 + wind >=15 + 1pm ET,3,36,44,27,28,9,16,-0.1274518972914152,80,0.45,0.4909090909090909,25,0.36,0.43404225534547874,1.0,0.9058961054743742,UNDER,False,True
home fav + Monday + weeks 5-12,3,36,44,25,26,11,18,-0.1248817541731863,80,0.45,0.49019607843137253,29,0.3793103448275862,0.43404225534547874,1.0,0.9058961054743742,UNDER,False,True
total 42-44.5 + spread 3.5-7 + weeks 1-4,3,48,57,28,31,20,26,-0.11030503315427947,105,0.45714285714285713,0.4745762711864407,46,0.43478260869565216,0.43511449489230103,0.794843653982861,0.9058961054743742,UNDER,True,True
total <=38 + outdoor + non-division,3,48,57,26,29,22,28,-0.11699127509485198,105,0.45714285714285713,0.4727272727272727,50,0.44,0.43511449489230103,0.7877061896700431,0.9058961054743742,UNDER,True,True
total 48-50.5 + spread <=3 + weeks 5-12,3,48,57,23,34,25,23,-0.11002282449440247,105,0.45714285714285713,0.40350877192982454,48,0.5208333333333334,0.43511449489230103,0.18485048241641844,0.9058961054743742,UNDER,True,False
spread 7.5+ + dome/closed + weeks 5-12,3,57,48,25,34,32,14,0.050478981143789195,105,0.5428571428571428,0.423728813559322,46,0.6956521739130435,0.43511449489230103,0.2975952082844287,0.9058961054743742,OVER,True,False
turf + weeks 13+ reg + non-division,3,147,133,76,68,71,65,0.015212383770221582,280,0.525,0.5277777777777778,136,0.5220588235294118,0.43727338509357505,0.5598211377107967,0.9058961054743742,OVER,True,False
spread 7.5+ + outdoor + turf,3,126,113,76,74,50,39,0.026684621745652646,239,0.5271966527196653,0.5066666666666667,89,0.5617977528089888,0.4376862439080303,0.9349614855143192,0.9058961054743742,OVER,False,True
rain + turf,2,37,45,27,21,10,24,-0.11645557613724469,82,0.45121951219512196,0.5625,34,0.29411764705882354,0.439705429185822,0.470879013621712,0.9058961054743742,UNDER,True,False
division + away off bye,2,37,45,28,31,9,14,-0.1207128008480348,82,0.45121951219512196,0.4745762711864407,23,0.391304347826087,0.439705429185822,0.794843653982861,0.9058961054743742,UNDER,True,True
total 38.5-41.5 + weeks 13+ reg + either team new QB,3,45,37,20,23,25,14,0.06180875784411673,82,0.5487804878048781,0.46511627906976744,39,0.6410256410256411,0.439705429185822,0.7607916425613439,0.9058961054743742,OVER,True,False
total 38.5-41.5 + 1pm ET + weeks 13+ reg,3,73,63,40,41,33,22,0.03963167429927525,136,0.5367647058823529,0.49382716049382713,55,0.6,0.4403825433795313,1.0,0.9058961054743742,OVER,False,False
total 38.5-41.5 + weeks 13+ reg + division,3,73,63,38,46,35,17,0.040429761881356656,136,0.5367647058823529,0.4523809523809524,52,0.6730769230769231,0.4403825433795313,0.4452046690465761,0.9058961054743742,OVER,True,False
home dog + grass + weeks 5-12,3,181,197,104,116,77,81,-0.0728528385418719,378,0.47883597883597884,0.4727272727272727,158,0.4873417721518987,0.44044187289620923,0.458395429083447,0.9058961054743742,UNDER,True,False
dome/closed + turf + weeks 1-4,3,108,96,62,45,46,51,0.029808472771499832,204,0.5294117647058824,0.5794392523364486,97,0.4742268041237113,0.44128575924792685,0.12151242187624421,0.9058961054743742,OVER,True,False
spread <=3 + turf + 1pm ET,3,198,182,112,101,86,81,0.01163413004717116,380,0.5210526315789473,0.5258215962441315,167,0.5149700598802395,0.44164740531590607,0.4933157386299194,0.9058961054743742,OVER,True,False
spread 3.5-7 + dome/closed + non-division,3,150,136,81,73,69,63,0.018117230420704882,286,0.5244755244755245,0.525974025974026,132,0.5227272727272727,0.442122872530422,0.5728459689997074,0.9058961054743742,OVER,True,False
temp >=80 + grass,2,150,136,104,81,46,55,0.017747403322386748,286,0.5244755244755245,0.5621621621621622,101,0.45544554455445546,0.442122872530422,0.10552229968115774,0.9058961054743742,OVER,True,False
spread <=3 + outdoor + both off over,3,116,129,81,72,35,57,-0.080259916733015,245,0.47346938775510206,0.5294117647058824,92,0.3804347826086957,0.44335336772611766,0.5179210307990446,0.9058961054743742,UNDER,True,False
spread <=3 + temp 33-45 + weeks 13+ reg,3,50,59,27,31,23,28,-0.10856177386399665,109,0.45871559633027525,0.46551724137931033,51,0.45098039215686275,0.4436695012023486,0.6940040940761318,0.9058961054743742,UNDER,True,True
home fav + wind >=15 + non-division,3,64,74,42,45,22,29,-0.09896269247336666,138,0.463768115942029,0.4827586206896552,51,0.43137254901960786,0.4437150035266714,0.8303730096857546,0.9058961054743742,UNDER,False,True
home dog + weeks 5-12 + both off over,3,64,74,36,45,28,29,-0.10288223728653531,138,0.463768115942029,0.4444444444444444,57,0.49122807017543857,0.4437150035266714,0.37417441760470777,0.9058961054743742,UNDER,True,False
total 48-50.5 + home fav + both off under,3,38,46,28,27,10,19,-0.11547246647879533,84,0.4523809523809524,0.509090909090909,29,0.3448275862068966,0.4452046690465761,1.0,0.9058961054743742,UNDER,False,False
primetime + weeks 5-12 + both off over,3,46,38,29,26,17,12,0.0637666585478798,84,0.5476190476190477,0.5272727272727272,29,0.5862068965517241,0.4452046690465761,0.7877061896700431,0.9058961054743742,OVER,True,True
spread 7.5+ + turf + 1pm ET,3,130,117,74,74,56,43,0.02159405600218261,247,0.5263157894736842,0.5,99,0.5656565656565656,0.4452053301681261,1.0,0.9058961054743742,OVER,False,True
total 51+ + outdoor,2,117,130,74,71,43,59,-0.07792319271044117,247,0.47368421052631576,0.5103448275862069,102,0.4215686274509804,0.4452053301681261,0.8681591543092656,0.9058961054743742,UNDER,False,False
total 45-47.5 + home fav + turf,3,152,138,86,93,66,45,0.017782279093227014,290,0.5241379310344828,0.48044692737430167,111,0.5945945945945946,0.4452882773244951,0.6539420644558545,0.9058961054743742,OVER,False,False
total 38.5-41.5 + 1pm ET + division,3,75,65,44,42,31,23,0.03786685800459778,140,0.5357142857142857,0.5116279069767442,54,0.5740740740740741,0.4469896132741676,0.9142116370824499,0.9072764003985965,OVER,False,True
outdoor + primetime + both off under,3,65,75,40,43,25,32,-0.1008833663585103,140,0.4642857142857143,0.4819277108433735,57,0.43859649122807015,0.4469896132741676,0.8264047244491931,0.9072764003985965,UNDER,False,True
home fav + 1pm ET + weeks 13+ reg,3,189,205,106,140,83,65,-0.06865058043269538,394,0.4796954314720812,0.43089430894308944,148,0.5608108108108109,0.4498770970986853,0.03516450986994618,0.9088149811927244,UNDER,True,False
temp 33-45 + division,2,100,112,57,64,43,48,-0.08370814538433233,212,0.4716981132075472,0.47107438016528924,91,0.4725274725274725,0.4500368401975953,0.5856255178555005,0.9088149811927244,UNDER,True,True
total 51+ + spread 3.5-7 + grass,3,39,47,18,28,21,19,-0.11349587917578853,86,0.45348837209302323,0.391304347826087,40,0.525,0.45054757600158946,0.18392482137699062,0.9088149811927244,UNDER,True,False
home dog + 1pm ET + weeks 13+ reg,3,120,133,64,76,56,57,-0.08058328359009145,253,0.4743083003952569,0.45714285714285713,113,0.49557522123893805,0.4506540583676508,0.3525838270722768,0.9088149811927244,UNDER,True,False
outdoor + weeks 5-12 + division,3,190,206,122,128,68,78,-0.06789664744272816,396,0.4797979797979798,0.488,146,0.4657534246575342,0.4510238040227184,0.751902099126551,0.9088149811927244,UNDER,False,True
total 42-44.5 + spread <=3 + outdoor,3,142,156,99,88,43,68,-0.07321089533604314,298,0.47651006711409394,0.5294117647058824,111,0.38738738738738737,0.4514633751759354,0.46470690460290326,0.9088149811927244,UNDER,True,False
spread 3.5-7 + temp 33-45 + grass,3,52,61,29,34,23,27,-0.1094482868977861,113,0.46017699115044247,0.4603174603174603,50,0.46,0.4518532686657418,0.6146550157654618,0.9088149811927244,UNDER,True,True
total 38.5-41.5 + spread 3.5-7 + division,3,61,52,38,36,23,16,0.04527950169311246,113,0.5398230088495575,0.5135135135135135,39,0.5897435897435898,0.4518532686657418,0.9075606176124984,0.9088149811927244,OVER,False,True
spread <=3 + weeks 13+ reg + division,3,83,94,40,54,43,40,-0.08944645499825297,177,0.4689265536723164,0.425531914893617,83,0.5180722891566265,0.45235830236368413,0.17966501480803035,0.9088149811927244,UNDER,True,False
total 48-50.5 + spread <=3 + dome/closed,3,48,40,21,19,27,21,0.061280101593136106,88,0.5454545454545454,0.525,48,0.5625,0.45574127943791265,0.8746293123804207,0.9098870616046437,OVER,True,True
spread 3.5-7 + outdoor + Monday,3,40,48,25,30,15,18,-0.12215370602036074,88,0.45454545454545453,0.45454545454545453,33,0.45454545454545453,0.45574127943791265,0.5900533317766354,0.9098870616046437,UNDER,True,True
dome/closed + weeks 13+ reg + both off over,3,40,48,13,23,27,25,-0.11750924808292068,88,0.45454545454545453,0.3611111111111111,52,0.5192307692307693,0.45574127943791265,0.13249816396273675,0.9098870616046437,UNDER,True,False
grass + Saturday,2,40,48,20,23,20,25,-0.11516518873280557,88,0.45454545454545453,0.46511627906976744,45,0.4444444444444444,0.45574127943791265,0.7607916425613439,0.9098870616046437,UNDER,True,True
total 48-50.5 + spread 7.5+ + outdoor,3,62,53,42,30,20,23,0.0510410106085662,115,0.5391304347826087,0.5833333333333334,43,0.46511627906976744,0.4558140295551913,0.1945051658673991,0.9098870616046437,OVER,True,False
outdoor + non-division + both off under,3,239,222,150,125,89,97,0.00433048656119213,461,0.5184381778741866,0.5454545454545454,186,0.478494623655914,0.4561907358886603,0.1476914778297126,0.9098870616046437,OVER,True,False
spread <=3 + outdoor + either team new QB,3,68,78,40,47,28,31,-0.09527260103918338,146,0.4657534246575342,0.45977011494252873,59,0.4745762711864407,0.4564822349651257,0.5202915935750735,0.9098870616046437,UNDER,True,True
outdoor + SNF (Sun night),2,85,96,56,50,29,46,-0.08795789123557096,181,0.4696132596685083,0.5283018867924528,75,0.38666666666666666,0.45739797404871274,0.627430977078634,0.9106891200476055,UNDER,True,False
total 45-47.5 + both off under,2,116,104,71,63,45,41,0.020826323529921177,220,0.5272727272727272,0.5298507462686567,86,0.5232558139534884,0.458395429083447,0.5455343664798736,0.9116518959574382,OVER,True,False
outdoor + weeks 13+ reg,2,431,454,246,283,185,171,-0.05473344962780538,885,0.48700564971751414,0.46502835538752363,356,0.5196629213483146,0.4596093615589064,0.11744815512611098,0.9130425614843226,UNDER,True,False
home dog + grass + both off under,3,105,117,61,69,44,48,-0.0827630920114445,222,0.47297297297297297,0.46923076923076923,92,0.4782608695652174,0.46042708590863607,0.5394195522817198,0.9136439042527074,UNDER,True,False
home fav + temp 33-45 + 1pm ET,3,70,80,41,55,29,25,-0.09418042839056336,150,0.4666666666666667,0.4270833333333333,54,0.5370370370370371,0.4625495178668308,0.18428587288036516,0.9168299940734723,UNDER,True,False
total 48-50.5 + outdoor + weeks 1-4,3,42,50,29,31,13,19,-0.11838974257054513,92,0.45652173913043476,0.48333333333333334,32,0.40625,0.4657074457730625,0.8974218269914307,0.9219414895267375,UNDER,False,True
total 45-47.5 + spread <=3 + 1pm ET,3,100,89,69,59,31,30,0.029161364605750667,189,0.5291005291005291,0.5390625,61,0.5081967213114754,0.46707926387408544,0.4264394964440242,0.9219414895267375,OVER,True,False
Monday + non-division,2,89,100,52,46,37,54,-0.0892276718562052,189,0.4708994708994709,0.5306122448979592,91,0.4065934065934066,0.46707926387408544,0.613734467630139,0.9219414895267375,UNDER,True,False
outdoor + grass + Thursday,3,56,65,36,36,20,29,-0.11187100199476444,121,0.4628099173553719,0.5,49,0.40816326530612246,0.46720710207696564,1.0,0.9219414895267375,UNDER,False,False
spread <=3 + outdoor + weeks 1-4,3,131,144,86,86,45,58,-0.07566741692379542,275,0.4763636363636364,0.5,103,0.4368932038834951,0.4693594801613712,1.0,0.9251596864514138,UNDER,False,False
total 38.5-41.5 + outdoor + weeks 13+ reg,3,102,91,55,57,47,34,0.024091291318827045,193,0.5284974093264249,0.49107142857142855,81,0.5802469135802469,0.4717321117647522,0.9247750936572272,0.9288044020762158,OVER,False,False
spread 10+,1,243,260,138,160,105,100,-0.06000720269602127,503,0.4831013916500994,0.46308724832214765,205,0.5121951219512195,0.4756314566890117,0.22373381343898013,0.9354436853284996,UNDER,True,False
total 38.5-41.5 + spread <=3,2,136,149,83,88,53,61,-0.07766517796218052,285,0.47719298245614034,0.4853801169590643,114,0.4649122807017544,0.47726100659631254,0.7597940341218291,0.9357985932392043,UNDER,False,True
total 48-50.5 + wind >=10,2,59,68,36,40,23,28,-0.09962364169873361,127,0.4645669291338583,0.47368421052631576,51,0.45098039215686275,0.4779219422067188,0.7310088822226056,0.9357985932392043,UNDER,True,True
temp 33-45 + grass + division,3,59,68,33,39,26,29,-0.09817957453360228,127,0.4645669291338583,0.4583333333333333,55,0.4727272727272727,0.4779219422067188,0.555997717760971,0.9357985932392043,UNDER,True,True
turf + Thursday,2,68,59,35,34,33,25,0.03516825788446741,127,0.5354330708661418,0.5072463768115942,58,0.5689655172413793,0.4779219422067188,1.0,0.9357985932392043,OVER,False,True
total 45-47.5 + turf + primetime,3,45,53,22,29,23,24,-0.10942313597187696,98,0.45918367346938777,0.43137254901960786,47,0.48936170212765956,0.4796924995674868,0.4010619910279374,0.9371965795514555,UNDER,True,False
home dog + temp 33-45 + grass,3,45,53,26,28,19,25,-0.10672903780201215,98,0.45918367346938777,0.48148148148148145,44,0.4318181818181818,0.4796924995674868,0.8919231511047488,0.9371965795514555,UNDER,False,True
total 51+ + primetime,2,60,69,35,33,25,36,-0.09813840342075966,129,0.46511627906976744,0.5147058823529411,61,0.4098360655737705,0.4813541052575654,0.9035973456835127,0.9394083418337964,UNDER,False,False
weeks 5-12 + division + either team new QB,3,46,54,25,36,21,18,-0.11409491677374999,100,0.46,0.4098360655737705,39,0.5384615384615384,0.48411841360729163,0.20003136851310313,0.9418331511062574,UNDER,True,False
outdoor + grass + SNF (Sun night),3,61,70,36,39,25,31,-0.09734291306375487,131,0.46564885496183206,0.48,56,0.44642857142857145,0.48472021812853044,0.8175538505509841,0.9418331511062574,UNDER,False,True
total 51+ + dome/closed + non-division,3,70,61,38,29,32,32,0.03380225836391313,131,0.5343511450381679,0.5671641791044776,64,0.5,0.48472021812853044,0.3284320626971897,0.9418331511062574,OVER,True,False
total 51+ + grass + non-division,3,61,70,31,34,30,36,-0.09219449736989731,131,0.46564885496183206,0.47692307692307695,66,0.45454545454545453,0.48472021812853044,0.8043170001933984,0.9418331511062574,UNDER,False,True
home fav + turf + weeks 13+ reg,3,182,168,103,103,79,65,0.008279897048641034,350,0.52,0.5,144,0.5486111111111112,0.4871850472297492,1.0,0.9428539065080412,OVER,False,True
total 42-44.5 + grass + both off over,3,62,71,39,39,23,32,-0.0933874890742748,133,0.46616541353383456,0.5,55,0.41818181818181815,0.48802234383086546,1.0,0.9428539065080412,UNDER,False,False
total 45-47.5 + 1pm ET + both off over,3,71,62,42,47,29,15,0.03326014265501097,133,0.5338345864661654,0.47191011235955055,44,0.6590909090909091,0.48802234383086546,0.6718086491746105,0.9428539065080412,OVER,True,False
home fav + 1pm ET,2,637,663,389,436,248,227,-0.047755614191460294,1300,0.49,0.4715151515151515,475,0.5221052631578947,0.4880886037446678,0.1092070004715365,0.9428539065080412,UNDER,True,False
spread 7.5+ + grass + primetime,3,47,55,29,27,18,28,-0.11913899047716035,102,0.46078431372549017,0.5178571428571429,46,0.391304347826087,0.48843446453263245,0.8938530948350216,0.9428539065080412,UNDER,False,False
total 45-47.5 + dome/closed + division,3,55,47,29,24,26,23,0.04555287919962767,102,0.5392156862745098,0.5471698113207547,49,0.5306122448979592,0.48843446453263245,0.5831321542611763,0.9428539065080412,OVER,True,True
outdoor + turf + weeks 13+ reg,3,133,121,78,76,55,45,0.015032475530100231,254,0.5236220472440944,0.5064935064935064,100,0.55,0.49014292555574396,0.935808920020393,0.9451234238433585,OVER,False,True
home dog + turf + either team new QB,3,48,56,19,22,29,34,-0.10605363095626877,104,0.46153846153846156,0.4634146341463415,63,0.4603174603174603,0.4926450664865023,0.755228657504631,0.9480118313260371,UNDER,True,True
dome/closed,1,574,550,298,293,276,257,-0.009650825639543028,1124,0.5106761565836299,0.5042301184433164,533,0.5178236397748592,0.49270964401499784,0.8693254359518237,0.9480118313260371,OVER,False,False
outdoor + grass + both off over,3,232,248,143,151,89,97,-0.06262914348235193,480,0.48333333333333334,0.48639455782312924,186,0.478494623655914,0.4936028746350401,0.6831626080051906,0.9487015163624714,UNDER,False,False
spread 3.5-7 + weeks 13+ reg + either team new QB,3,49,57,22,26,27,31,-0.10653250780463945,106,0.46226415094339623,0.4583333333333333,58,0.46551724137931033,0.4967543930289453,0.6654658120766188,0.9503943873754306,UNDER,True,True
total 38.5-41.5 + grass + both off under,3,65,74,42,48,23,26,-0.09564449649118725,139,0.4676258992805755,0.4666666666666667,49,0.46938775510204084,0.4975641415966093,0.5984117182335192,0.9503943873754306,UNDER,True,True
home dog + dome/closed + weeks 13+ reg,3,65,74,27,37,38,37,-0.09500138645534371,139,0.4676258992805755,0.421875,75,0.5066666666666667,0.4975641415966093,0.26043547657665356,0.9503943873754306,UNDER,True,False
spread <=3 + 1pm ET + weeks 5-12,3,177,191,118,104,59,87,-0.06518926300258214,368,0.48097826086956524,0.5315315315315315,146,0.4041095890410959,0.4980327956789974,0.3829778651180765,0.9503943873754306,UNDER,True,False
spread 7.5+ + outdoor + primetime,3,66,75,40,39,26,36,-0.09735809892213394,141,0.46808510638297873,0.5063291139240507,62,0.41935483870967744,0.5006292645252414,1.0,0.9503943873754306,UNDER,False,False
dome/closed + weeks 5-12 + division,3,75,66,37,40,38,26,0.030160247550351082,141,0.5319148936170213,0.4805194805194805,64,0.59375,0.5006292645252414,0.8198929037490488,0.9503943873754306,OVER,False,False
total 42-44.5 + spread 7.5+ + weeks 5-12,3,50,58,30,31,20,27,-0.0988003664597977,108,0.46296296296296297,0.4918032786885246,47,0.425531914893617,0.5007663934164357,1.0,0.9503943873754306,UNDER,False,True
spread 7.5+ + primetime + non-division,3,58,50,35,25,23,25,0.043233464475137304,108,0.5370370370370371,0.5833333333333334,48,0.4791666666666667,0.5007663934164357,0.2450608330229457,0.9503943873754306,OVER,True,False
total 45-47.5 + grass + 1pm ET,3,128,140,79,97,49,43,-0.0730769519612445,268,0.47761194029850745,0.44886363636363635,92,0.532608695652174,0.5017007104684951,0.19990936338335355,0.9503943873754306,UNDER,True,False
total 38.5-41.5 + weeks 5-12 + non-division,3,95,85,58,55,37,30,0.022123509364682114,180,0.5277777777777778,0.5132743362831859,67,0.5522388059701493,0.5024453906833369,0.8508699225134501,0.9503943873754306,OVER,False,True
wind >=15 + 1pm ET + non-division,3,67,76,44,51,23,25,-0.09415095373331973,143,0.46853146853146854,0.4631578947368421,48,0.4791666666666667,0.5036394897297809,0.538394026292168,0.9503943873754306,UNDER,True,False
total 42-44.5 + temp 33-45,2,67,76,36,43,31,33,-0.09374699297654149,143,0.46853146853146854,0.45569620253164556,64,0.484375,0.5036394897297809,0.499896876860327,0.9503943873754306,UNDER,True,False
total 38.5-41.5 + 1pm ET + weeks 1-4,3,59,51,37,29,22,22,0.03798613465195367,110,0.5363636363636364,0.5606060606060606,44,0.5,0.5046848075879904,0.3890524605477928,0.9503943873754306,OVER,True,False
total 38.5-41.5 + dome/closed + turf,3,59,51,28,25,31,26,0.03549733809747113,110,0.5363636363636364,0.5283018867924528,57,0.543859649122807,0.5046848075879904,0.7838463022094988,0.9503943873754306,OVER,True,True
spread <=3 + wind >=10 + division,3,51,59,35,33,16,26,-0.10207270833609658,110,0.4636363636363636,0.5147058823529411,42,0.38095238095238093,0.5046848075879904,0.9035973456835127,0.9503943873754306,UNDER,False,False
spread <=3 + primetime + non-division,3,86,96,55,43,31,53,-0.08406809546691404,182,0.4725274725274725,0.5612244897959183,84,0.36904761904761907,0.5048025229491022,0.2664055944111917,0.9503943873754306,UNDER,True,False
total 38.5-41.5 + grass + 1pm ET,3,118,107,76,67,42,40,0.01662680861118027,225,0.5244444444444445,0.5314685314685315,82,0.5121951219512195,0.5050737415102841,0.5036394897297809,0.9503943873754306,OVER,True,False
total 42-44.5 + spread 7.5+ + grass,3,68,77,34,42,34,35,-0.09619840040174132,145,0.4689655172413793,0.4473684210526316,69,0.4927536231884058,0.5065964185708862,0.42219110499231566,0.9503943873754306,UNDER,True,False
total 38.5-41.5 + outdoor + either team new QB,3,77,68,40,46,37,22,0.02903616467230933,145,0.5310344827586206,0.46511627906976744,59,0.6271186440677966,0.5065964185708862,0.5900356111485566,0.9503943873754306,OVER,True,False
home dog + weeks 1-4 + non-division,3,108,119,64,61,44,58,-0.07342752998400066,227,0.47577092511013214,0.512,102,0.43137254901960786,0.5069556871220087,0.8581193732635901,0.9503943873754306,UNDER,False,False
total 45-47.5 + weeks 13+ reg,2,132,144,73,99,59,45,-0.07300321882573876,276,0.4782608695652174,0.42441860465116277,104,0.5673076923076923,0.5079655410720143,0.05630366806880806,0.9503943873754306,UNDER,True,False
home fav + primetime + non-division,3,171,158,104,77,67,81,0.005367168472836141,329,0.5197568389057751,0.574585635359116,148,0.4527027027027027,0.5083004050579761,0.0529888886534442,0.9503943873754306,OVER,True,False
total 48-50.5 + dome/closed + 1pm ET,3,60,52,33,33,27,19,0.04658655106261928,112,0.5357142857142857,0.5,46,0.5869565217391305,0.5085131799736622,1.0,0.9503943873754306,OVER,False,True
total 38.5-41.5 + non-division + either team new QB,3,60,52,27,31,33,21,0.03560494902838017,112,0.5357142857142857,0.46551724137931033,54,0.6111111111111112,0.5085131799736622,0.6940040940761318,0.9503943873754306,OVER,True,False
spread <=3 + turf + both off under,3,78,69,45,35,33,34,0.027201386130567634,147,0.5306122448979592,0.5625,67,0.4925373134328358,0.5095015886349891,0.31430657986393706,0.9503943873754306,OVER,True,False
wind >=10 + non-division + both off under,3,69,78,49,50,20,28,-0.08993206337227808,147,0.46938775510204084,0.494949494949495,48,0.4166666666666667,0.5095015886349891,1.0,0.9503943873754306,UNDER,False,True
spread <=3 + weeks 1-4 + both off under,3,45,38,28,18,17,20,0.05156047014250549,83,0.5421686746987951,0.6086956521739131,37,0.4594594594594595,0.5104099416812344,0.18392482137699062,0.9503943873754306,OVER,True,False
spread <=3 + dome/closed + turf,3,174,161,90,76,84,85,0.0072929860486915165,335,0.5194029850746269,0.5421686746987951,169,0.4970414201183432,0.5121224968577498,0.3129742113064479,0.9503943873754306,OVER,True,False
total 38.5-41.5 + dome/closed,2,79,70,41,39,38,31,0.02445017880266589,149,0.5302013422818792,0.5125,69,0.5507246376811594,0.5123564769095188,0.9110721212260926,0.9503943873754306,OVER,False,True
turf + 1pm ET,2,525,503,303,308,222,195,-0.008210231265905591,1028,0.5107003891050583,0.4959083469721768,417,0.5323741007194245,0.5125053475016075,0.8714624597085301,0.9503943873754306,OVER,False,False
spread 3.5-7 + both off under,2,205,191,116,122,89,69,0.002332756582932176,396,0.5176767676767676,0.48739495798319327,158,0.5632911392405063,0.5136303998541731,0.7459383273676184,0.9503943873754306,OVER,False,False
home fav + temp 33-45 + weeks 13+ reg,3,90,100,55,56,35,44,-0.07918060278433614,190,0.47368421052631576,0.4954954954954955,79,0.4430379746835443,0.5139096358872455,1.0,0.9503943873754306,UNDER,False,True
weeks 13+ reg,1,611,635,330,380,281,255,-0.048965557551152276,1246,0.49036918138041735,0.4647887323943662,536,0.5242537313432836,0.5146873324220448,0.06584875188681628,0.9503943873754306,UNDER,True,False
weeks 5-12 + both off over,2,192,206,124,127,68,79,-0.06482635624753938,398,0.4824120603015075,0.4940239043824701,147,0.46258503401360546,0.5146901469190285,0.899575670635121,0.9503943873754306,UNDER,False,True
total 38.5-41.5 + 1pm ET + weeks 5-12,3,80,71,50,42,30,29,0.024966081754779185,151,0.5298013245033113,0.5434782608695652,59,0.5084745762711864,0.515162502771079,0.4657074457730625,0.9503943873754306,OVER,True,False
total 38.5-41.5 + dome/closed + non-division,3,46,39,24,20,22,19,0.04535191014137679,85,0.5411764705882353,0.5454545454545454,41,0.5365853658536586,0.5154257318839001,0.651587827208914,0.9503943873754306,OVER,True,True
outdoor + Thursday + weeks 5-12,3,39,46,26,25,13,21,-0.10940995342876308,85,0.4588235294117647,0.5098039215686274,34,0.38235294117647056,0.5154257318839001,1.0,0.9503943873754306,UNDER,False,False
turf + division + either team new QB,3,62,54,25,29,37,25,0.03289133713967451,116,0.5344827586206896,0.46296296296296297,62,0.5967741935483871,0.5159130749957946,0.6834892282353371,0.9503943873754306,OVER,True,False
spread <=3 + dome/closed + weeks 13+ reg,3,54,62,23,29,31,33,-0.09927185071584486,116,0.46551724137931033,0.4423076923076923,64,0.484375,0.5159130749957946,0.48845566937989204,0.9503943873754306,UNDER,True,False
spread 7.5+ + grass + both off under,3,54,62,30,37,24,25,-0.09450392985315895,116,0.46551724137931033,0.44776119402985076,49,0.4897959183673469,0.5159130749957946,0.46381761789686937,0.9503943873754306,UNDER,True,False
turf + 1pm ET + both off under,3,125,114,74,65,51,49,0.01299631215109445,239,0.5230125523012552,0.5323741007194245,100,0.51,0.5178172686986392,0.4975641415966093,0.9519868439848274,OVER,True,False
total 42-44.5 + grass + weeks 1-4,3,72,81,46,53,26,28,-0.0903710532547191,153,0.47058823529411764,0.46464646464646464,54,0.48148148148148145,0.5179210307990446,0.5467134835988139,0.9519868439848274,UNDER,True,False
total 51+ + home fav,2,151,139,89,75,62,64,0.011150363423477092,290,0.5206896551724138,0.5426829268292683,126,0.49206349206349204,0.5183874246275892,0.31003856280344044,0.9519868439848274,OVER,True,False
spread <=3 + temp >=80 + grass,3,63,55,50,32,13,23,0.03438421882738316,118,0.5338983050847458,0.6097560975609756,36,0.3611111111111111,0.5194908187566278,0.059808338334316175,0.9530265899423556,OVER,True,False
spread <=3 + non-division + away off bye,3,40,47,28,25,12,22,-0.10967004019462778,87,0.45977011494252873,0.5283018867924528,34,0.35294117647058826,0.5202915935750735,0.7838463022094988,0.9531809076547042,UNDER,True,False
total 45-47.5 + dome/closed,2,153,141,77,81,76,60,0.008591954007646925,294,0.5204081632653061,0.4873417721518987,136,0.5588235294117647,0.5212465144417842,0.8114566072042909,0.9531809076547042,OVER,False,False
home fav + 1pm ET + both off over,3,142,154,92,100,50,54,-0.06718229991745804,296,0.4797297297297297,0.4791666666666667,104,0.4807692307692308,0.5226572489891153,0.6135472375934597,0.9531809076547042,UNDER,False,False
total 38.5-41.5 + home fav + grass,3,128,117,85,75,43,42,0.01141693475519046,245,0.5224489795918368,0.53125,85,0.5058823529411764,0.5229877527325401,0.47688215872526774,0.9531809076547042,OVER,True,False
turf + weeks 13+ reg + both off over,3,64,56,28,26,36,30,0.033720606505949324,120,0.5333333333333333,0.5185185185185185,66,0.5454545454545454,0.5229909838899941,0.8919231511047488,0.9531809076547042,OVER,False,True
total 51+ + home fav + division,3,41,48,20,29,21,19,-0.1004143925695382,89,0.4606741573033708,0.40816326530612246,40,0.525,0.5250147872924263,0.2528697301676033,0.9531809076547042,UNDER,True,False
home fav + temp <=32 + weeks 13+ reg,3,41,48,22,31,19,17,-0.10517434770860311,89,0.4606741573033708,0.41509433962264153,36,0.5277777777777778,0.5250147872924263,0.27167916606550335,0.9531809076547042,UNDER,True,False
home dog + grass + primetime,3,75,84,44,47,31,37,-0.08253510772714423,159,0.4716981132075472,0.4835164835164835,68,0.45588235294117646,0.5259245063255036,0.8340810393049423,0.9531809076547042,UNDER,False,True
outdoor + Monday,2,96,106,55,62,41,44,-0.07945573095849147,202,0.4752475247524752,0.4700854700854701,85,0.4823529411764706,0.5266817822731973,0.5792902501877032,0.9531809076547042,UNDER,True,False
spread 3.5-7 + 1pm ET + division,3,145,157,87,97,58,60,-0.06634265695643929,302,0.48013245033112584,0.47282608695652173,118,0.4915254237288136,0.5268163559154346,0.5071267761548859,0.9531809076547042,UNDER,True,False
total 42-44.5 + spread 3.5-7 + division,3,85,76,48,45,37,31,0.023398913592254322,161,0.5279503105590062,0.5161290322580645,68,0.5441176470588235,0.5285056825149884,0.8358461346314862,0.9531809076547042,OVER,False,True
total 42-44.5 + both off over,2,107,97,70,55,37,42,0.01978039556243166,204,0.5245098039215687,0.56,79,0.46835443037974683,0.5287148701164898,0.21032725479608833,0.9531809076547042,OVER,True,False
home fav + turf + division,3,220,206,128,129,92,77,0.0025414100018232295,426,0.5164319248826291,0.4980544747081712,169,0.5443786982248521,0.5288402966968082,1.0,0.9531809076547042,OVER,False,False
total 45-47.5 + grass,2,276,292,167,195,109,97,-0.05723878087127785,568,0.4859154929577465,0.4613259668508287,206,0.529126213592233,0.5291330219316576,0.15577681421033193,0.9531809076547042,UNDER,True,False
dome/closed + 1pm ET + either team new QB,3,42,49,19,26,23,23,-0.1055782344382234,91,0.46153846153846156,0.4222222222222222,46,0.5,0.5296020954762445,0.3712980344710104,0.9531809076547042,UNDER,True,False
spread 7.5+ + 1pm ET + both off over,3,66,58,40,37,26,21,0.03209199761692856,124,0.532258064516129,0.5194805194805194,47,0.5531914893617021,0.529769404365268,0.8198929037490488,0.9531809076547042,OVER,False,True
total 38.5-41.5 + home fav + weeks 13+ reg,3,86,77,46,45,40,32,0.021100369550754984,163,0.5276073619631901,0.5054945054945055,72,0.5555555555555556,0.5310454494607925,1.0,0.9531809076547042,OVER,False,True
spread <=3 + 1pm ET + division,3,122,133,77,81,45,52,-0.06896583030533077,255,0.47843137254901963,0.4873417721518987,97,0.4639175257731959,0.5312501889400701,0.8114566072042909,0.9531809076547042,UNDER,False,True
home fav + weeks 13+ reg + both off under,3,99,109,60,69,39,40,-0.07874803022795346,208,0.47596153846153844,0.46511627906976744,79,0.4936708860759494,0.5327042213056806,0.4813541052575654,0.9531809076547042,UNDER,True,False
spread 3.5-7 + primetime + non-division,3,99,109,53,51,46,58,-0.08015567206789229,208,0.47596153846153844,0.5096153846153846,104,0.4423076923076923,0.5327042213056806,0.921948827626431,0.9531809076547042,UNDER,False,False
spread 10+ + division,2,99,109,53,73,46,36,-0.07530380015058813,208,0.47596153846153844,0.42063492063492064,82,0.5609756097560976,0.5327042213056806,0.09012286584573247,0.9531809076547042,UNDER,True,False
home dog + temp >=80,2,67,59,47,33,20,26,0.0309508715817161,126,0.5317460317460317,0.5875,46,0.43478260869565216,0.5330527502675567,0.1456354544029827,0.9531809076547042,OVER,True,False
spread <=3 + temp >=80,2,67,59,51,35,16,24,0.029722879089286124,126,0.5317460317460317,0.5930232558139535,40,0.4,0.5330527502675567,0.10522535125694396,0.9531809076547042,OVER,True,False
home fav + outdoor + Monday,3,67,59,39,36,28,23,0.029057965939105385,126,0.5317460317460317,0.52,51,0.5490196078431373,0.5330527502675567,0.8175538505509841,0.9531809076547042,OVER,False,True
home fav + weeks 5-12 + home off bye,3,67,59,48,35,19,24,0.03356830965220555,126,0.5317460317460317,0.5783132530120482,43,0.4418604651162791,0.5330527502675567,0.18745986796619285,0.9531809076547042,OVER,True,False
dome/closed + 1pm ET + weeks 13+ reg,3,78,87,42,53,36,34,-0.08188870097036292,165,0.4727272727272727,0.4421052631578947,70,0.5142857142857142,0.5335448936308462,0.30488519070227593,0.9531809076547042,UNDER,True,False
1pm ET + non-division + both off over,3,152,164,94,101,58,63,-0.06747965264376145,316,0.4810126582278481,0.48205128205128206,121,0.4793388429752066,0.5361160585244448,0.6675464173424221,0.9567023981391188,UNDER,False,False
dome/closed + turf + both off under,3,111,101,58,58,53,43,0.014862858796936562,212,0.5235849056603774,0.5,96,0.5520833333333334,0.5365946370622453,1.0,0.9567023981391188,OVER,False,True
total 45-47.5 + outdoor + weeks 1-4,3,89,80,59,49,30,31,0.02250235887297659,169,0.5266272189349113,0.5462962962962963,61,0.4918032786885246,0.5384269657196179,0.3865726089882609,0.9588479817111933,OVER,True,False
turf + primetime + division,3,61,69,36,45,25,24,-0.08740734319308839,130,0.46923076923076923,0.4444444444444444,49,0.5102040816326531,0.5394195522817198,0.37417441760470777,0.9588479817111933,UNDER,True,False
spread 3.5-7 + primetime + division,3,61,69,38,46,23,23,-0.08775877991210132,130,0.46923076923076923,0.4523809523809524,46,0.5,0.5394195522817198,0.4452046690465761,0.9588479817111933,UNDER,True,False
total 38.5-41.5 + division + both off under,3,45,52,24,31,21,21,-0.10362601876660696,97,0.4639175257731959,0.43636363636363634,42,0.5,0.5426101580458746,0.4187541882690154,0.9625904203733817,UNDER,True,False
total 38.5-41.5 + home dog + turf,3,52,45,22,28,30,17,0.03172319530326057,97,0.5360824742268041,0.44,47,0.6382978723404256,0.5426101580458746,0.47988766169832786,0.9625904203733817,OVER,True,False
total 42-44.5 + home fav + weeks 5-12,3,131,142,88,82,43,60,-0.06647769677721715,273,0.47985347985347987,0.5176470588235295,103,0.4174757281553398,0.5451062624444408,0.7014821003407139,0.9644769115890119,UNDER,False,False
home fav + primetime,2,262,277,162,154,100,123,-0.06068019758345251,539,0.48608534322820035,0.5126582278481012,223,0.4484304932735426,0.546533232497818,0.6938080453852361,0.9644769115890119,UNDER,False,False
total 48-50.5 + outdoor + non-division,3,132,143,83,84,49,59,-0.06791186438852165,275,0.48,0.49700598802395207,108,0.4537037037037037,0.546571601982655,1.0,0.9644769115890119,UNDER,False,True
total 51+ + weeks 1-4,2,53,46,30,20,23,26,0.04083797906383528,99,0.5353535353535354,0.6,49,0.46938775510204084,0.5467134835988139,0.20263875106454066,0.9644769115890119,OVER,True,False
total 45-47.5 + home dog + dome/closed,3,53,46,26,19,27,27,0.03775594112750934,99,0.5353535353535354,0.5777777777777777,54,0.5,0.5467134835988139,0.3712980344710104,0.9644769115890119,OVER,True,False
home fav + SNF (Sun night),2,84,93,56,47,28,46,-0.08050157796795786,177,0.4745762711864407,0.5436893203883495,74,0.3783783783783784,0.5477509096395391,0.4306890663081309,0.9644769115890119,UNDER,True,False
total 45-47.5 + 1pm ET + division,3,84,93,48,63,36,30,-0.07945497627634428,177,0.4745762711864407,0.43243243243243246,66,0.5454545454545454,0.5477509096395391,0.18365717190177477,0.9644769115890119,UNDER,True,False
spread 3.5-7 + weeks 1-4 + non-division,3,144,133,87,76,57,57,0.008846477723053766,277,0.51985559566787,0.5337423312883436,114,0.5,0.5480229576559887,0.43356712682865295,0.9644769115890119,OVER,True,False
home dog + weeks 13+ reg + division,3,109,119,60,70,49,49,-0.06834130703085005,228,0.4780701754385965,0.46153846153846156,98,0.5,0.5512435649994099,0.4300208839753426,0.9685219387410435,UNDER,True,False
total 51+ + weeks 5-12 + non-division,3,65,73,44,35,21,38,-0.08563217995189652,138,0.47101449275362317,0.5569620253164557,59,0.3559322033898305,0.5514132796665467,0.3681876338306311,0.9685219387410435,UNDER,True,False
outdoor + division + both off over,3,110,120,74,76,36,44,-0.06650299366531198,230,0.4782608695652174,0.49333333333333335,80,0.45,0.5529792167451022,0.9349614855143192,0.9694324156290213,UNDER,False,True
total 48-50.5,1,314,330,181,190,133,140,-0.051393353990369726,644,0.48757763975155277,0.48787061994609165,273,0.48717948717948717,0.5544983988383746,0.6779503057465475,0.9694324156290213,UNDER,False,False
home fav + temp >=80,2,97,88,65,55,32,33,0.016457735630424686,185,0.5243243243243243,0.5416666666666666,65,0.49230769230769234,0.5565347647566323,0.4114232202639375,0.9694324156290213,OVER,True,False
outdoor + grass + Monday,3,67,75,41,44,26,31,-0.08657000003507659,142,0.47183098591549294,0.4823529411764706,57,0.45614035087719296,0.5570709871103275,0.8284232741648998,0.9694324156290213,UNDER,False,True
grass + weeks 5-12 + both off over,3,113,123,72,75,41,48,-0.07338949382965862,236,0.4788135593220339,0.4897959183673469,89,0.4606741573033708,0.5580684294868864,0.869049970834203,0.9694324156290213,UNDER,False,True
spread 10+ + 1pm ET + weeks 13+ reg,3,49,56,21,36,28,20,-0.0908595452527081,105,0.4666666666666667,0.3684210526315789,48,0.5833333333333334,0.5583942911655911,0.06273668035582848,0.9694324156290213,UNDER,True,False
spread <=3 + weeks 13+ reg + both off over,3,49,56,25,30,24,26,-0.09449086590444519,105,0.4666666666666667,0.45454545454545453,50,0.48,0.5583942911655911,0.5900533317766354,0.9694324156290213,UNDER,True,False
total 45-47.5 + 1pm ET + non-division,3,171,183,102,123,69,60,-0.062194469061921547,354,0.4830508474576271,0.4533333333333333,129,0.5348837209302325,0.5588488229617017,0.1822969969092855,0.9694324156290213,UNDER,True,False
home dog + weeks 5-12 + non-division,3,205,218,120,112,85,106,-0.06167811388357944,423,0.4846335697399527,0.5172413793103449,191,0.44502617801047123,0.5596349919663403,0.6459173194409779,0.9694324156290213,UNDER,False,False
temp >=80 + weeks 1-4,2,99,90,72,54,27,36,0.017085194739429113,189,0.5238095238095238,0.5714285714285714,63,0.42857142857142855,0.5607400079004072,0.12957613928638603,0.9694324156290213,OVER,True,False
1pm ET + weeks 5-12 + home off bye,3,57,50,39,28,18,22,0.03476084407836157,107,0.5327102803738317,0.582089552238806,40,0.45,0.5620926850537897,0.22154872964481104,0.9694324156290213,OVER,True,False
dome/closed + turf + primetime,3,91,100,52,50,39,50,-0.07721527037049747,191,0.47643979057591623,0.5098039215686274,89,0.43820224719101125,0.5627984857910953,0.9211910492538715,0.9694324156290213,UNDER,False,False
turf + primetime,2,175,187,106,96,69,91,-0.06204479224239631,362,0.48342541436464087,0.5247524752475248,160,0.43125,0.5632249469252357,0.5266817822731973,0.9694324156290213,UNDER,True,False
grass + primetime + both off under,3,51,58,32,32,19,26,-0.09171056918354727,109,0.46788990825688076,0.5,45,0.4222222222222222,0.5657001139736335,1.0,0.9694324156290213,UNDER,False,False
home fav + outdoor + away off bye,3,51,58,39,37,12,21,-0.08992677135707436,109,0.46788990825688076,0.5131578947368421,33,0.36363636363636365,0.5657001139736335,0.9087769252754927,0.9694324156290213,UNDER,False,False
total 42-44.5 + home fav + primetime,3,58,51,37,24,21,27,0.021101979132423086,109,0.5321100917431193,0.6065573770491803,48,0.4375,0.5657001139736335,0.12373144253809215,0.9694324156290213,OVER,True,False
total 45-47.5 + outdoor + turf,3,93,102,58,64,35,38,-0.07276479351126415,195,0.47692307692307695,0.47540983606557374,73,0.4794520547945205,0.5668305073491764,0.65095981621607,0.9694324156290213,UNDER,True,False
home dog + turf + weeks 13+ reg,3,93,102,42,53,51,49,-0.07817775092125442,195,0.47692307692307695,0.4421052631578947,100,0.51,0.5668305073491764,0.30488519070227593,0.9694324156290213,UNDER,True,False
total 48-50.5 + spread 3.5-7 + outdoor,3,71,79,46,48,25,31,-0.07935885101784197,150,0.47333333333333333,0.48936170212765956,56,0.44642857142857145,0.5677754876753278,0.9179230673157438,0.9694324156290213,UNDER,False,True
home dog + 1pm ET + non-division,3,253,267,138,138,115,129,-0.05633010620385858,520,0.48653846153846153,0.5,244,0.4713114754098361,0.5686602079340473,1.0,0.9694324156290213,UNDER,False,False
spread 7.5+ + grass + either team new QB,3,52,59,24,31,28,28,-0.08565128174740587,111,0.46846846846846846,0.43636363636363634,56,0.5,0.5692202278035752,0.4187541882690154,0.9694324156290213,UNDER,True,False
total 51+ + turf + weeks 5-12,3,59,52,37,30,22,22,0.032082256998822486,111,0.5315315315315315,0.5522388059701493,44,0.5,0.5692202278035752,0.46381761789686937,0.9694324156290213,OVER,True,False
playoffs + non-division,2,72,80,45,46,27,34,-0.08207204838064996,152,0.47368421052631576,0.4945054945054945,61,0.4426229508196721,0.5703330633303956,1.0,0.9694324156290213,UNDER,False,True
home fav + grass + non-division,3,444,462,274,276,170,186,-0.04929289719037784,906,0.4900662251655629,0.49818181818181817,356,0.47752808988764045,0.5722426580800528,0.9659935489963535,0.9694324156290213,UNDER,False,False
spread 7.5+ + turf + both off under,3,53,60,29,38,24,22,-0.09185780304377343,113,0.4690265486725664,0.43283582089552236,46,0.5217391304347826,0.5726564757939475,0.3284320626971897,0.9694324156290213,UNDER,True,False
outdoor + weeks 13+ reg + both off over,3,105,96,59,54,46,42,0.01447950523063728,201,0.5223880597014925,0.5221238938053098,88,0.5227272727272727,0.572675641909572,0.7068822614919521,0.9694324156290213,OVER,False,False
dome/closed + primetime + non-division,3,73,81,38,33,35,48,-0.08275685683377822,154,0.474025974025974,0.5352112676056338,83,0.42168674698795183,0.5728459689997074,0.6353076420876663,0.9694324156290213,UNDER,True,False
spread 3.5-7 + grass + weeks 5-12,3,185,197,111,131,74,66,-0.06198426034717969,382,0.48429319371727747,0.45867768595041325,140,0.5285714285714286,0.5736224274247997,0.22186976184417911,0.9694324156290213,UNDER,True,False
total 42-44.5 + outdoor + turf,3,133,123,80,71,53,52,0.008021185794916244,256,0.51953125,0.5298013245033113,105,0.5047619047619047,0.5738613765945537,0.515162502771079,0.9694324156290213,OVER,True,False
spread <=3 + outdoor + non-division,3,348,364,227,205,121,159,-0.05206140030742782,712,0.4887640449438202,0.5254629629629629,280,0.43214285714285716,0.5740454160716103,0.31231975615609614,0.9694324156290213,UNDER,True,False
total 42-44.5 + spread 10+,2,74,82,38,46,36,36,-0.07764640187001055,156,0.47435897435897434,0.4523809523809524,72,0.5,0.5753154836552091,0.4452046690465761,0.9694324156290213,UNDER,True,False
home fav + outdoor,2,908,933,563,585,345,348,-0.04331033594569769,1841,0.4932102118413905,0.490418118466899,693,0.49783549783549785,0.5759341430507939,0.5354107777907607,0.9694324156290213,UNDER,False,False
home dog + division + both off over,3,54,61,34,36,20,25,-0.08134672929712902,115,0.46956521739130436,0.4857142857142857,45,0.4444444444444444,0.5760121204363974,0.9049745264594622,0.9694324156290213,UNDER,False,True
home dog + temp >=80 + grass,3,61,54,44,31,17,23,0.028876587919427706,115,0.5304347826086957,0.5866666666666667,40,0.425,0.5760121204363974,0.16542794172425662,0.9694324156290213,OVER,True,False
spread 10+ + grass + weeks 13+ reg,3,61,54,31,34,30,20,0.03163753070735556,115,0.5304347826086957,0.47692307692307695,50,0.6,0.5760121204363974,0.8043170001933984,0.9694324156290213,OVER,False,False
spread 3.5-7 + temp >=80 + weeks 1-4,3,43,37,31,22,12,15,0.04279486296879674,80,0.5375,0.5849056603773585,27,0.4444444444444444,0.5764306261883931,0.27167916606550335,0.9694324156290213,OVER,True,False
temp 33-45 + weeks 13+ reg + both off under,3,37,43,18,22,19,21,-0.1107547913815234,80,0.4625,0.45,40,0.475,0.5764306261883931,0.6358280026288412,0.9694324156290213,UNDER,True,True
spread <=3 + wind >=10 + both off over,3,37,43,26,24,11,19,-0.10295048717625402,80,0.4625,0.52,30,0.36666666666666664,0.5764306261883931,0.887724827340783,0.9694324156290213,UNDER,False,False
temp 33-45 + grass + primetime,3,43,37,28,20,15,17,0.03796696309668581,80,0.5375,0.5833333333333334,32,0.46875,0.5764306261883931,0.31232680747326935,0.9694324156290213,OVER,True,False
total 48-50.5 + home fav + wind >=10,3,37,43,26,23,11,20,-0.1021089840464516,80,0.4625,0.5306122448979592,31,0.3548387096774194,0.5764306261883931,0.7754496546815659,0.9694324156290213,UNDER,True,False
turf + non-division + away off bye,3,37,43,25,25,12,18,-0.10178203043718508,80,0.4625,0.5,30,0.4,0.5764306261883931,1.0,0.9694324156290213,UNDER,False,False
outdoor + grass + weeks 1-4,3,239,226,165,136,74,90,-0.003765398630502331,465,0.513978494623656,0.5481727574750831,164,0.45121951219512196,0.5779254672661382,0.10639501883350885,0.9694324156290213,OVER,True,False
spread 7.5+ + weeks 1-4 + non-division,3,62,55,38,31,24,24,0.031853508729400286,117,0.5299145299145299,0.5507246376811594,48,0.5,0.5792902501877032,0.47036853185814453,0.9694324156290213,OVER,True,False
spread 10+ + weeks 13+ reg + division,3,55,62,26,41,29,21,-0.08598379211582421,117,0.4700854700854701,0.3880597014925373,50,0.58,0.5792902501877032,0.08643723427347082,0.9694324156290213,UNDER,True,False
spread 3.5-7 + turf + either team new QB,3,55,62,25,29,30,33,-0.08746393234938186,117,0.4700854700854701,0.46296296296296297,63,0.47619047619047616,0.5792902501877032,0.6834892282353371,0.9694324156290213,UNDER,True,True
spread <=3 + weeks 1-4 + non-division,3,137,127,85,71,52,56,0.0061766282041921475,264,0.5189393939393939,0.5448717948717948,108,0.48148148148148145,0.5797228869417308,0.29793364454191973,0.9694324156290213,OVER,True,False
1pm ET + non-division + both off under,3,169,158,98,91,71,67,0.0011851483766112281,327,0.5168195718654435,0.5185185185185185,138,0.5144927536231884,0.5803299681762297,0.6626346634894797,0.9694324156290213,OVER,False,False
total <=38 + grass + non-division,3,38,44,21,18,17,26,-0.10453112619409588,82,0.4634146341463415,0.5384615384615384,43,0.3953488372093023,0.581114454176647,0.7492586247608418,0.9694324156290213,UNDER,True,False
SNF (Sun night),1,128,138,83,73,45,65,-0.0661567524427282,266,0.48120300751879697,0.532051282051282,110,0.4090909090909091,0.5811510176420142,0.47128610321960557,0.9694324156290213,UNDER,True,False
total 42-44.5 + outdoor + both off under,3,110,101,65,57,45,44,0.01153705275853236,211,0.5213270142180095,0.5327868852459017,89,0.5056179775280899,0.5819149929677925,0.5264163099662327,0.9694324156290213,OVER,True,False
total 51+ + home fav + outdoor,3,85,77,52,43,33,34,0.018988256892066475,162,0.5246913580246914,0.5473684210526316,67,0.4925373134328358,0.5824757301133331,0.41191007368097693,0.9694324156290213,OVER,True,False
spread 3.5-7 + temp >=80 + grass,3,63,56,42,36,21,20,0.02832851754250353,119,0.5294117647058824,0.5384615384615384,41,0.5121951219512195,0.5824937911572257,0.5715867180030723,0.9694324156290213,OVER,True,False
total 38.5-41.5 + home dog,2,141,131,81,85,60,46,0.002894274415294993,272,0.5183823529411765,0.4879518072289157,106,0.5660377358490566,0.5853499610587793,0.8159682796071847,0.9694324156290213,OVER,False,False
home dog + turf + division,3,103,112,52,55,51,57,-0.0701276348754706,215,0.4790697674418605,0.48598130841121495,108,0.4722222222222222,0.585447145772404,0.8468020751891947,0.9694324156290213,UNDER,False,True
turf + 1pm ET + non-division,3,337,322,195,194,142,128,-0.006821661690182015,659,0.511380880121396,0.5012853470437018,270,0.5259259259259259,0.5855376005771198,1.0,0.9694324156290213,OVER,False,True
spread 7.5+ + division + both off over,3,39,45,23,31,16,14,-0.09808375423685568,84,0.4642857142857143,0.42592592592592593,30,0.5333333333333333,0.5856467947212253,0.3408909412200971,0.9694324156290213,UNDER,True,False
wind >=10 + division + both off under,3,39,45,26,30,13,15,-0.09984140914145549,84,0.4642857142857143,0.4642857142857143,28,0.4642857142857143,0.5856467947212253,0.6888797607233395,0.9694324156290213,UNDER,True,True
division + home off bye,2,45,39,28,21,17,18,0.037591299070297866,84,0.5357142857142857,0.5714285714285714,35,0.4857142857142857,0.5856467947212253,0.3916029105474905,0.9694324156290213,OVER,True,False
primetime + division + both off under,3,39,45,18,32,21,13,-0.10053926676435034,84,0.4642857142857143,0.36,34,0.6176470588235294,0.5856467947212253,0.06490864707227217,0.9694324156290213,UNDER,True,False
home fav + temp 33-45 + primetime,3,39,45,30,25,9,20,-0.10091833120924798,84,0.4642857142857143,0.5454545454545454,29,0.3103448275862069,0.5856467947212253,0.5900533317766354,0.9694324156290213,UNDER,True,False
home fav + weeks 13+ reg + both off over,3,87,79,44,45,43,34,0.014976723497660036,166,0.5240963855421686,0.4943820224719101,77,0.5584415584415584,0.5870535639169909,1.0,0.9694324156290213,OVER,False,False
weeks 13+ reg + non-division + both off under,3,87,79,50,48,37,31,0.01182225875343579,166,0.5240963855421686,0.5102040816326531,68,0.5441176470588235,0.5870535639169909,0.9196068309220421,0.9694324156290213,OVER,False,True
total 38.5-41.5 + division,2,143,133,83,89,60,44,0.004104707203058584,276,0.5181159420289855,0.48255813953488375,104,0.5769230769230769,0.5880803742399614,0.7031386893685859,0.9694324156290213,OVER,False,False
spread 7.5+ + 1pm ET,2,239,252,128,162,111,90,-0.0546758178150242,491,0.48676171079429736,0.4413793103448276,201,0.5522388059701493,0.5881718259957109,0.05245675879272846,0.9694324156290213,UNDER,True,False
home fav + dome/closed + both off over,3,80,88,44,53,36,35,-0.07726976068865193,168,0.47619047619047616,0.4536082474226804,71,0.5070422535211268,0.5892869358592503,0.4167748410890994,0.9694324156290213,UNDER,True,False
total 48-50.5 + wind >=10 + grass,3,40,46,23,27,17,19,-0.10027668918819019,86,0.46511627906976744,0.46,36,0.4722222222222222,0.5900356111485566,0.6718110337653656,0.9694324156290213,UNDER,True,True
total <=38 + spread 3.5-7,2,40,46,24,22,16,24,-0.10015294127852366,86,0.46511627906976744,0.5217391304347826,40,0.4,0.5900356111485566,0.8829959121223965,0.9694324156290213,UNDER,False,False
total 42-44.5 + home fav + temp 33-45,3,40,46,25,29,15,17,-0.10187545146489126,86,0.46511627906976744,0.46296296296296297,32,0.46875,0.5900356111485566,0.6834892282353371,0.9694324156290213,UNDER,True,True
home fav + temp >=80 + grass,3,89,81,60,49,29,32,0.01621460317421526,170,0.5235294117647059,0.5504587155963303,61,0.47540983606557374,0.5914845888899743,0.3381854121966612,0.9694324156290213,OVER,True,False
total 45-47.5,1,495,513,290,326,205,187,-0.0473937546785115,1008,0.49107142857142855,0.4707792207792208,392,0.5229591836734694,0.5923608247431664,0.15842790766144485,0.9694324156290213,UNDER,True,False
total 38.5-41.5 + grass,2,217,205,144,134,73,71,-0.0035347956127640516,422,0.514218009478673,0.5179856115107914,144,0.5069444444444444,0.5923761704320355,0.5894255859909161,0.9694324156290213,OVER,False,False
turf + weeks 5-12 + non-division,3,259,246,159,138,100,108,-0.0030344751898858094,505,0.5128712871287129,0.5353535353535354,208,0.4807692307692308,0.5933901415398376,0.24579263022875486,0.9694324156290213,OVER,True,False
weeks 1-4 + both off over,2,82,90,56,58,26,32,-0.07139545775731886,172,0.47674418604651164,0.49122807017543857,58,0.4482758620689655,0.5936474613061412,0.9254349612567242,0.9694324156290213,UNDER,False,True
home fav + temp 33-45 + both off under,3,41,47,22,25,19,22,-0.09951724993622037,88,0.4659090909090909,0.46808510638297873,41,0.4634146341463415,0.5942882951469401,0.7708669945730263,0.9694324156290213,UNDER,True,True
total 48-50.5 + home dog + division,3,47,41,23,26,24,15,0.04464262908430214,88,0.5340909090909091,0.46938775510204084,39,0.6153846153846154,0.5942882951469401,0.7754496546815659,0.9694324156290213,OVER,True,False
turf + either team new QB,2,140,150,58,72,82,78,-0.06357092060531448,290,0.4827586206896552,0.4461538461538462,160,0.5125,0.5972300763616445,0.25412455431009884,0.9694324156290213,UNDER,True,False
turf + weeks 1-4 + division,3,61,68,37,36,24,32,-0.07886802994933247,129,0.4728682170542636,0.5068493150684932,56,0.42857142857142855,0.5974849993058737,1.0,0.9694324156290213,UNDER,False,False
total 45-47.5 + turf + weeks 13+ reg,3,61,68,35,40,26,28,-0.0838283169204545,129,0.4728682170542636,0.4666666666666667,54,0.48148148148148145,0.5974849993058737,0.6444639138942256,0.9694324156290213,UNDER,True,False
spread 7.5+ + outdoor + 1pm ET,3,174,185,87,116,87,69,-0.05852232867835259,359,0.48467966573816157,0.42857142857142855,156,0.5576923076923077,0.5977138698618535,0.04912147946089731,0.9694324156290213,UNDER,True,False
outdoor + Monday + weeks 5-12,3,42,48,26,32,16,16,-0.09431643448711162,90,0.4666666666666667,0.4482758620689655,32,0.5,0.5984117182335192,0.5118423084381691,0.9694324156290213,UNDER,True,False
total 48-50.5 + dome/closed,2,120,111,57,56,63,55,0.010150236145465874,231,0.5194805194805194,0.504424778761062,118,0.5338983050847458,0.598733359610764,1.0,0.9694324156290213,OVER,False,True
Thursday + weeks 5-12,2,69,62,41,36,28,26,0.02104224296725127,131,0.5267175572519084,0.5324675324675324,54,0.5185185185185185,0.6002946177102675,0.6487911623106449,0.9694324156290213,OVER,True,False
spread 7.5+ + dome/closed,2,122,113,61,69,61,44,0.004936777612356897,235,0.5191489361702127,0.46923076923076923,105,0.580952380952381,0.6018606672387024,0.5394195522817198,0.9694324156290213,OVER,True,False
home fav + turf + primetime,3,122,113,79,62,43,51,0.006622311930539409,235,0.5191489361702127,0.5602836879432624,94,0.4574468085106383,0.6018606672387024,0.17762983675110358,0.9694324156290213,OVER,True,False
spread 7.5+ + 1pm ET + division,3,86,94,44,61,42,33,-0.07430546368695506,180,0.4777777777777778,0.41904761904761906,75,0.56,0.6019687530156481,0.11799998150585851,0.9694324156290213,UNDER,True,False
home fav + Thursday + division,3,43,49,23,35,20,14,-0.11054645615379734,92,0.4673913043478261,0.39655172413793105,34,0.5882352941176471,0.6024122776961505,0.14800580076020603,0.9694324156290213,UNDER,True,False
total 42-44.5 + spread 10+ + non-division,3,43,49,24,27,19,22,-0.08789140551973733,92,0.4673913043478261,0.47058823529411764,41,0.4634146341463415,0.6024122776961505,0.7797679305530743,0.9694324156290213,UNDER,True,True
total 42-44.5 + spread <=3 + turf,3,63,70,40,36,23,34,-0.08206750002476351,133,0.47368421052631576,0.5263157894736842,57,0.40350877192982454,0.6030463891288798,0.7310088822226056,0.9694324156290213,UNDER,True,False
total 45-47.5 + weeks 5-12 + non-division,3,146,156,88,93,58,63,-0.06236027915835409,302,0.48344370860927155,0.4861878453038674,121,0.4793388429752066,0.6046072135948033,0.766320094442948,0.9694324156290213,UNDER,False,False
home dog + weeks 5-12,2,310,324,178,174,132,150,-0.05266616851734057,634,0.4889589905362776,0.5056818181818182,282,0.46808510638297873,0.6056825874537753,0.8729886044078237,0.9694324156290213,UNDER,False,False
spread 10+ + turf + non-division,3,71,64,42,38,29,26,0.02163991520103806,135,0.5259259259259259,0.525,55,0.5272727272727272,0.6057422651905515,0.7375543089843226,0.9694324156290213,OVER,True,True
total 38.5-41.5 + home fav + both off under,3,71,64,44,40,27,24,0.01762262373062095,135,0.5259259259259259,0.5238095238095238,51,0.5294117647058824,0.6057422651905515,0.7436441861052041,0.9694324156290213,OVER,True,True
temp >=80 + division,2,44,50,28,35,16,15,-0.08798217469638966,94,0.46808510638297873,0.4444444444444444,31,0.5161290322580645,0.6062959376939656,0.44996253629022254,0.9694324156290213,UNDER,True,False
spread 7.5+ + temp 33-45 + weeks 13+ reg,3,44,50,26,30,18,20,-0.087371958224023,94,0.46808510638297873,0.4642857142857143,38,0.47368421052631576,0.6062959376939656,0.6888797607233395,0.9694324156290213,UNDER,True,True
spread 10+ + turf + weeks 5-12,3,50,44,30,27,20,17,0.03732681855087723,94,0.5319148936170213,0.5263157894736842,37,0.5405405405405406,0.6062959376939656,0.7913664277791806,0.9694324156290213,OVER,True,True
spread 7.5+ + turf + either team new QB,3,44,50,19,27,25,23,-0.09499993736709353,94,0.46808510638297873,0.41304347826086957,48,0.5208333333333334,0.6062959376939656,0.3019956131896606,0.9694324156290213,UNDER,True,False
total 45-47.5 + spread 7.5+ + division,3,44,50,26,33,18,17,-0.09323612995254137,94,0.46808510638297873,0.4406779661016949,35,0.5142857142857142,0.6062959376939656,0.43499280512215344,0.9694324156290213,UNDER,True,False
spread 3.5-7 + dome/closed + turf,3,183,194,104,105,79,89,-0.05720427041434913,377,0.4854111405835544,0.49760765550239233,168,0.47023809523809523,0.6065934697948037,1.0,0.9694324156290213,UNDER,False,True
outdoor + weeks 13+ reg + non-division,3,236,224,136,133,100,91,-0.006285263208573112,460,0.5130434782608696,0.5055762081784386,191,0.5235602094240838,0.6080850196953987,0.9029744638059511,0.9694324156290213,OVER,False,False
dome/closed + weeks 5-12,2,237,225,124,120,113,105,-0.004489234272161817,462,0.512987012987013,0.5081967213114754,218,0.518348623853211,0.6088624628768697,0.8477486582929067,0.9694324156290213,OVER,False,False
total 45-47.5 + spread <=3 + non-division,3,127,118,83,67,44,51,0.00647751226862956,245,0.5183673469387755,0.5533333333333333,95,0.4631578947368421,0.6093708144344221,0.22054483769441563,0.9694324156290213,OVER,True,False
total 38.5-41.5 + outdoor + grass,3,197,186,131,120,66,66,-0.003213305949837274,383,0.5143603133159269,0.5219123505976095,132,0.5,0.6094255935834156,0.5279966429637907,0.9694324156290213,OVER,False,False
total 48-50.5 + weeks 13+ reg,2,98,90,57,55,41,35,0.012744980608088685,188,0.5212765957446809,0.5089285714285714,76,0.5394736842105263,0.6098003976284795,0.9247750936572272,0.9694324156290213,OVER,False,True
turf + primetime + weeks 13+ reg,3,45,51,25,26,20,25,-0.09244130309399033,96,0.46875,0.49019607843137253,45,0.4444444444444444,0.6100682661051773,1.0,0.9694324156290213,UNDER,False,True
total 38.5-41.5 + weeks 5-12 + both off under,3,51,45,28,28,23,17,0.027419563991409726,96,0.53125,0.5,40,0.575,0.6100682661051773,1.0,0.9694324156290213,OVER,False,True
total 38.5-41.5 + spread <=3 + division,3,45,51,28,33,17,18,-0.09264959902221746,96,0.46875,0.45901639344262296,35,0.4857142857142857,0.6100682661051773,0.6089207154048286,0.9694324156290213,UNDER,True,False
home fav + dome/closed + non-division,3,239,227,135,125,104,102,-0.004080107449198033,466,0.5128755364806867,0.5192307692307693,206,0.5048543689320388,0.6104036123210917,0.5768224398883133,0.9694324156290213,OVER,False,False
total 51+ + dome/closed,2,100,92,51,47,49,45,0.01132672323104828,192,0.5208333333333334,0.5204081632653061,94,0.5212765957446809,0.6135472375934597,0.7620362195292435,0.9721115585498807,OVER,False,False
total 38.5-41.5 + weeks 13+ reg,2,130,121,67,76,63,45,0.002889916820907993,251,0.5179282868525896,0.46853146853146854,108,0.5833333333333334,0.6136784914381607,0.5036394897297809,0.9721115585498807,OVER,True,False
spread 10+ + dome/closed + turf,3,52,46,28,26,24,20,0.027157385696369104,98,0.5306122448979592,0.5185185185185185,44,0.5454545454545454,0.613734467630139,0.8919231511047488,0.9721115585498807,OVER,False,True
outdoor + division + either team new QB,3,93,101,50,69,43,32,-0.07089714719903906,194,0.4793814432989691,0.42016806722689076,75,0.5733333333333334,0.6153807408843831,0.0985236274022573,0.9723107622906814,UNDER,True,False
home dog + dome/closed,2,204,193,92,92,112,101,-0.004524170645078926,397,0.5138539042821159,0.5,213,0.5258215962441315,0.6158037019619909,1.0,0.9723107622906814,OVER,False,True
total 42-44.5 + home dog + turf,3,68,75,35,30,33,45,-0.07632100828634673,143,0.4755244755244755,0.5384615384615384,78,0.4230769230769231,0.6160027856918144,0.6201447650813029,0.9723107622906814,UNDER,True,False
total 42-44.5 + spread 3.5-7 + outdoor,3,156,166,93,99,63,67,-0.06081075836652596,322,0.484472049689441,0.484375,130,0.4846153846153846,0.6160525912146143,0.7183188542176951,0.9723107622906814,UNDER,False,False
spread 3.5-7 + grass,2,442,458,263,286,179,172,-0.04789953826570581,900,0.4911111111111111,0.4790528233151184,351,0.50997150997151,0.6170995795508609,0.3477718743298487,0.9723732968041303,UNDER,False,False
spread 7.5+ + dome/closed + turf,3,102,94,50,54,52,40,0.007938981013763943,196,0.5204081632653061,0.4807692307692308,92,0.5652173913043478,0.6171884623458008,0.7687918101386723,0.9723732968041303,OVER,False,False
dome/closed + weeks 1-4,2,133,124,74,64,59,60,0.006942481176751111,257,0.5175097276264592,0.5362318840579711,119,0.4957983193277311,0.6178471186895051,0.4437150035266714,0.9725472835449708,OVER,True,False
dome/closed + division,2,207,196,105,110,102,86,-0.004087364729280069,403,0.5136476426799007,0.4883720930232558,188,0.5425531914893617,0.6184434004871681,0.7850844790200862,0.9726228656597838,OVER,False,False
dome/closed + turf + 1pm ET,3,253,241,142,144,111,97,-0.004048533775835863,494,0.5121457489878543,0.4965034965034965,208,0.5336538461538461,0.6207059273860788,0.9528613199332716,0.974660729717598,OVER,False,False
total 45-47.5 + turf + 1pm ET,3,127,136,71,89,56,47,-0.06263537243601826,263,0.4828897338403042,0.44375,103,0.5436893203883495,0.6218839979857617,0.17877726804917515,0.974660729717598,UNDER,True,False
primetime + non-division,2,243,255,143,119,100,136,-0.05508598366903302,498,0.4879518072289157,0.5458015267175572,236,0.423728813559322,0.6221121466246892,0.15519918039132657,0.974660729717598,UNDER,True,False
turf + weeks 13+ reg + division,3,128,137,69,88,59,49,-0.06320864425086523,265,0.4830188679245283,0.4394904458598726,108,0.5462962962962963,0.623201532705888,0.15061414693468902,0.974660729717598,UNDER,True,False
home fav + non-division,2,843,822,516,489,327,333,-0.01751927712340641,1665,0.5063063063063064,0.5134328358208955,660,0.4954545454545455,0.6240458576497843,0.4121465454231099,0.974660729717598,OVER,False,False
home fav + temp >=80 + 1pm ET,3,55,49,35,28,20,21,0.024321228727770507,104,0.5288461538461539,0.5555555555555556,41,0.4878048780487805,0.624143515844679,0.44996253629022254,0.974660729717598,OVER,True,False
grass + Monday + non-division,3,49,55,28,26,21,29,-0.08969281329261597,104,0.47115384615384615,0.5185185185185185,50,0.42,0.624143515844679,0.8919231511047488,0.974660729717598,UNDER,False,False
spread 7.5+ + grass + division,3,98,106,51,71,47,35,-0.07429742092461705,204,0.4803921568627451,0.4180327868852459,82,0.573170731707317,0.62417318504441,0.0849806458268532,0.974660729717598,UNDER,True,False
home fav + outdoor + home off bye,3,79,72,55,41,24,31,0.018379918662749822,151,0.5231788079470199,0.5729166666666666,55,0.43636363636363634,0.6255036238897113,0.18428587288036516,0.974660729717598,OVER,True,False
spread 3.5-7 + 1pm ET + both off under,3,99,107,59,68,40,39,-0.06995486330510753,206,0.48058252427184467,0.4645669291338583,79,0.5063291139240507,0.6258605795002063,0.4779219422067188,0.974660729717598,UNDER,True,False
total 48-50.5 + spread 7.5+ + non-division,3,56,50,36,26,20,24,0.028014482386752,106,0.5283018867924528,0.5806451612903226,44,0.45454545454545453,0.627430977078634,0.25285439418811073,0.974660729717598,OVER,True,False
spread <=3 + dome/closed + both off under,3,56,50,30,24,26,26,0.02504960896810831,106,0.5283018867924528,0.5555555555555556,52,0.5,0.627430977078634,0.49661743531793345,0.974660729717598,OVER,True,False
total 48-50.5 + weeks 13+ reg + non-division,3,56,50,33,29,23,21,0.024437179801936652,106,0.5283018867924528,0.532258064516129,44,0.5227272727272727,0.627430977078634,0.7035366713552733,0.974660729717598,OVER,True,False
total 45-47.5 + 1pm ET + both off under,3,50,56,32,34,18,22,-0.08255522255388352,106,0.4716981132075472,0.48484848484848486,40,0.45,0.627430977078634,0.9021585000966994,0.974660729717598,UNDER,False,True
weeks 5-12 + non-division + both off over,3,132,141,81,83,51,58,-0.0657567728619405,273,0.4835164835164835,0.49390243902439024,109,0.46788990825688076,0.6283375482150058,0.9377905864446687,0.9747090936319647,UNDER,False,True
total 45-47.5 + home fav + grass,3,168,178,100,118,68,60,-0.059601147720084374,346,0.48554913294797686,0.45871559633027525,128,0.53125,0.6285609938641306,0.24951574528641382,0.9747090936319647,UNDER,True,False
spread 7.5+ + turf + weeks 13+ reg,3,81,74,43,44,38,30,0.013920088961157066,155,0.5225806451612903,0.4942528735632184,68,0.5588235294117647,0.6299975938841786,1.0,0.9749887744226401,OVER,False,False
total 38.5-41.5 + outdoor + division,3,110,102,66,70,44,32,0.0063118559538286175,212,0.5188679245283019,0.4852941176470588,76,0.5789473684210527,0.6307898865914237,0.7971023348689008,0.9749887744226401,OVER,False,False
total 51+ + spread 3.5-7 + outdoor,3,52,58,34,34,18,24,-0.07931108076301548,110,0.4727272727272727,0.5,42,0.42857142857142855,0.6337556480191587,1.0,0.9749887744226401,UNDER,False,False
spread <=3 + dome/closed + weeks 1-4,3,58,52,34,25,24,27,0.025159707105477422,110,0.5272727272727272,0.576271186440678,51,0.47058823529411764,0.6337556480191587,0.2975952082844287,0.9749887744226401,OVER,True,False
spread 7.5+ + weeks 13+ reg + non-division,3,83,76,41,42,42,34,0.014441656268354641,159,0.5220125786163522,0.4939759036144578,76,0.5526315789473685,0.6343339062839168,1.0,0.9749887744226401,OVER,False,False
spread 3.5-7 + non-division + both off over,3,105,113,55,72,50,41,-0.06625872897261167,218,0.481651376146789,0.4330708661417323,91,0.5494505494505495,0.6355297753805479,0.15540010008390473,0.9749887744226401,UNDER,True,False
spread <=3 + turf,2,329,316,182,158,147,158,-0.011726992214775654,645,0.5100775193798449,0.5352941176470588,305,0.4819672131147541,0.6366042074831937,0.2122071674312819,0.9749887744226401,OVER,True,False
outdoor + Saturday,2,59,53,32,28,27,25,0.025055597827371216,112,0.5267857142857143,0.5333333333333333,52,0.5192307692307693,0.636799771614233,0.6988834276200058,0.9749887744226401,OVER,True,False
home fav + weeks 13+ reg,2,373,387,201,240,172,147,-0.04855754375858131,760,0.49078947368421055,0.4557823129251701,319,0.5391849529780565,0.6372699726671062,0.07024884574177018,0.9749887744226401,UNDER,True,False
home fav + division + either team new QB,3,85,78,39,45,46,33,0.006853532141211892,163,0.5214723926380368,0.4642857142857143,79,0.5822784810126582,0.6385215487731519,0.5856467947212253,0.9749887744226401,OVER,True,False
home fav + Thursday,2,85,78,45,48,40,30,0.001378148047747555,163,0.5214723926380368,0.4838709677419355,70,0.5714285714285714,0.6385215487731519,0.8358461346314862,0.9749887744226401,OVER,False,False
total 42-44.5 + outdoor + both off over,3,85,78,56,41,29,37,0.014416678080451913,163,0.5214723926380368,0.5773195876288659,66,0.4393939393939394,0.6385215487731519,0.1548157850344288,0.9749887744226401,OVER,True,False
home fav + dome/closed + weeks 13+ reg,3,115,107,57,60,58,47,0.002698636245456814,222,0.5180180180180181,0.48717948717948717,105,0.5523809523809524,0.638590339271932,0.8534084458955625,0.9749887744226401,OVER,False,False
spread 3.5-7 + dome/closed,2,236,225,127,123,109,102,-0.006093981347088948,461,0.5119305856832972,0.508,211,0.5165876777251185,0.6414443998457496,0.8495635544175518,0.9749887744226401,OVER,False,False
spread 3.5-7 + home off bye,2,61,55,43,33,18,22,0.020194558802421634,116,0.5258620689655172,0.5657894736842105,40,0.45,0.6426674253796114,0.3018724904870079,0.9749887744226401,OVER,True,False
total 42-44.5 + dome/closed + 1pm ET,3,55,61,33,37,22,24,-0.08054449742690403,116,0.47413793103448276,0.4714285714285714,46,0.4782608695652174,0.6426674253796114,0.7202027723528612,0.9749887744226401,UNDER,True,False
total 48-50.5 + spread 3.5-7 + weeks 5-12,3,61,55,36,28,25,27,0.02437105232996013,116,0.5258620689655172,0.5625,52,0.4807692307692308,0.6426674253796114,0.3817327947933377,0.9749887744226401,OVER,True,False
spread 3.5-7 + grass + both off under,3,110,118,69,79,41,39,-0.06492828628654443,228,0.4824561403508772,0.46621621621621623,80,0.5125,0.6430402573271158,0.45954104383069466,0.9749887744226401,UNDER,True,False
outdoor + 1pm ET + weeks 1-4,3,184,194,114,113,70,81,-0.05370888286264807,378,0.48677248677248675,0.5022026431718062,151,0.46357615894039733,0.643486604078936,1.0,0.9749887744226401,UNDER,False,False
dome/closed + primetime,2,111,119,61,59,50,60,-0.06554240484013285,230,0.4826086956521739,0.5083333333333333,110,0.45454545454545453,0.6444875024764257,0.927315021089884,0.9749887744226401,UNDER,False,False
grass + weeks 13+ reg + both off over,3,81,88,44,51,37,37,-0.06903324330054636,169,0.47928994082840237,0.4631578947368421,74,0.5,0.6445422120603317,0.538394026292168,0.9749887744226401,UNDER,True,False
spread 3.5-7 + turf + non-division,3,241,230,143,128,98,102,-0.007394426838689044,471,0.5116772823779193,0.5276752767527675,200,0.49,0.64500581152394,0.3951217986877914,0.9749887744226401,OVER,True,False
outdoor + non-division,2,933,954,584,559,349,395,-0.04109919821689507,1887,0.4944356120826709,0.510936132983377,744,0.46908602150537637,0.6452340022787688,0.4777912875806181,0.9749887744226401,UNDER,False,False
wind >=10 + turf + weeks 5-12,3,62,56,43,37,19,19,0.019392309276170958,118,0.5254237288135594,0.5375,38,0.5,0.6454967635578218,0.5764306261883931,0.9749887744226401,OVER,True,False
total 42-44.5 + non-division + both off over,3,62,56,39,32,23,24,0.01938265394745462,118,0.5254237288135594,0.5492957746478874,47,0.48936170212765956,0.6454967635578218,0.47668779343427553,0.9749887744226401,OVER,True,False
home fav + weeks 13+ reg + non-division,3,197,187,108,109,89,78,-0.006014735903459513,384,0.5130208333333334,0.4976958525345622,167,0.5329341317365269,0.6460903332592175,1.0,0.9749887744226401,OVER,False,False
total 51+ + home fav + turf,3,89,82,56,44,33,38,0.010056865947995514,171,0.52046783625731,0.56,71,0.4647887323943662,0.6464833446153438,0.27125302407383545,0.9749887744226401,OVER,True,False
home fav + wind >=10 + turf,3,89,82,60,53,29,29,0.01253282327836058,171,0.52046783625731,0.5309734513274337,58,0.5,0.6464833446153438,0.5726564757939475,0.9749887744226401,OVER,True,False
turf + division + both off over,3,57,63,34,36,23,27,-0.07425233035201408,120,0.475,0.4857142857142857,50,0.46,0.6482600518210054,0.9049745264594622,0.9749887744226401,UNDER,False,True
total 42-44.5 + spread 7.5+ + turf,3,57,63,32,39,25,24,-0.07639261718987737,120,0.475,0.4507042253521127,49,0.5102040816326531,0.6482600518210054,0.47668779343427553,0.9749887744226401,UNDER,True,False
playoffs,1,83,90,46,51,37,39,-0.07056202175656204,173,0.4797687861271676,0.4742268041237113,76,0.4868421052631579,0.6483930753373641,0.6848587772144039,0.9749887744226401,UNDER,True,False
spread 3.5-7 + outdoor + primetime,3,114,122,63,71,51,51,-0.06516123541884947,236,0.4830508474576271,0.4701492537313433,102,0.5,0.6487260444818757,0.5455343664798736,0.9749887744226401,UNDER,True,False
week 1,1,115,123,77,65,38,58,-0.06106907062159393,238,0.4831932773109244,0.5422535211267606,96,0.3958333333333333,0.6501056168839733,0.3559998259151082,0.9749887744226401,UNDER,True,False
SNF (Sun night) + weeks 5-12,2,58,64,41,35,17,29,-0.07886494232470381,122,0.47540983606557374,0.5394736842105263,46,0.3695652173913043,0.65095981621607,0.566573442398685,0.9749887744226401,UNDER,True,False
spread 3.5-7 + weeks 5-12 + either team new QB,3,58,64,31,42,27,22,-0.07934678394266338,122,0.47540983606557374,0.4246575342465753,49,0.5510204081632653,0.65095981621607,0.241644723140752,0.9749887744226401,UNDER,True,False
home dog + turf + both off over,3,58,64,30,30,28,34,-0.08129167217385903,122,0.47540983606557374,0.5,62,0.45161290322580644,0.65095981621607,1.0,0.9749887744226401,UNDER,False,False
turf + SNF (Sun night),2,58,64,42,32,16,32,-0.07581046922461684,122,0.47540983606557374,0.5675675675675675,48,0.3333333333333333,0.65095981621607,0.29541328065567,0.9749887744226401,UNDER,True,False
spread 7.5+ + outdoor,2,346,359,196,220,150,139,-0.04705162362857702,705,0.4907801418439716,0.47115384615384615,289,0.5190311418685121,0.6513384842129337,0.2594345907402008,0.9749887744226401,UNDER,True,False
spread <=3 + non-division + both off under,3,124,116,75,55,49,61,0.0015061487514896517,240,0.5166666666666667,0.5769230769230769,110,0.44545454545454544,0.6514690904071152,0.09525341143251805,0.9749887744226401,OVER,True,False
total 51+ + home fav + weeks 5-12,3,59,65,38,38,21,27,-0.07374207913724544,124,0.47580645161290325,0.5,48,0.4375,0.6535984498230589,1.0,0.9749887744226401,UNDER,False,False
dome/closed + non-division,2,367,354,193,183,174,171,-0.012745882876708541,721,0.5090152565880721,0.5132978723404256,345,0.5043478260869565,0.6549747656424432,0.6426058661252044,0.9749887744226401,OVER,False,False
home fav + outdoor + SNF (Sun night),3,60,66,40,34,20,32,-0.07657321728219046,126,0.47619047619047616,0.5405405405405406,52,0.38461538461538464,0.6561782216034292,0.5613807442989817,0.9749887744226401,UNDER,True,False
total 42-44.5 + primetime,2,88,95,60,40,28,55,-0.07244119101506981,183,0.4808743169398907,0.6,83,0.3373493975903614,0.6574989153775926,0.05688793364098089,0.9749887744226401,UNDER,True,False
weeks 5-12 + home off bye,2,95,88,66,52,29,36,0.0076128090184839165,183,0.5191256830601093,0.559322033898305,65,0.4461538461538462,0.6574989153775926,0.23126568219748747,0.9749887744226401,OVER,True,False
home fav + both off under,2,315,303,193,181,122,122,-0.011604623048703853,618,0.5097087378640777,0.516042780748663,244,0.5,0.6581731774277765,0.569552804615995,0.9749887744226401,OVER,False,False
spread 3.5-7 + outdoor,2,567,583,350,363,217,220,-0.04413814590374013,1150,0.4930434782608696,0.4908835904628331,437,0.4965675057208238,0.6582720973583662,0.6531708941419655,0.9749887744226401,UNDER,False,False
total 45-47.5 + spread 3.5-7,2,202,212,114,142,88,70,-0.05575777151141855,414,0.48792270531400966,0.4453125,158,0.5569620253164557,0.6583054571618329,0.0913120869322853,0.9749887744226401,UNDER,True,False
home fav + wind >=15 + 1pm ET,3,61,67,39,46,22,21,-0.07618819149184697,128,0.4765625,0.4588235294117647,43,0.5116279069767442,0.6587012845406399,0.5154257318839001,0.9749887744226401,UNDER,True,False
total 45-47.5 + spread 7.5+ + 1pm ET,3,61,67,31,47,30,20,-0.0754323251936786,128,0.4765625,0.3974358974358974,50,0.6,0.6587012845406399,0.08878242522208005,0.9749887744226401,UNDER,True,False
total 48-50.5 + non-division + both off under,3,39,44,23,24,16,20,-0.0835319377300248,83,0.46987951807228917,0.48936170212765956,36,0.4444444444444444,0.6608836477612152,1.0,0.9749887744226401,UNDER,False,True
total 45-47.5 + home dog + weeks 1-4,3,39,44,20,25,19,19,-0.08468920841557896,83,0.46987951807228917,0.4444444444444444,38,0.5,0.6608836477612152,0.5514843298025198,0.9749887744226401,UNDER,True,False
home fav + grass + Thursday,3,39,44,22,25,17,19,-0.10391392964293962,83,0.46987951807228917,0.46808510638297873,36,0.4722222222222222,0.6608836477612152,0.7708669945730263,0.9749887744226401,UNDER,True,True
spread 3.5-7 + outdoor + home off bye,3,39,44,28,27,11,17,-0.08716279109360082,83,0.46987951807228917,0.509090909090909,28,0.39285714285714285,0.6608836477612152,1.0,0.9749887744226401,UNDER,False,False
total 42-44.5 + turf + weeks 13+ reg,3,62,68,30,37,32,31,-0.07842483387753839,130,0.47692307692307695,0.44776119402985076,63,0.5079365079365079,0.6611696831388169,0.46381761789686937,0.9749887744226401,UNDER,True,False
total 38.5-41.5 + spread <=3 + non-division,3,91,98,55,55,36,43,-0.0700152366841617,189,0.48148148148148145,0.5,79,0.45569620253164556,0.6626346634894797,1.0,0.9749887744226401,UNDER,False,False
total 48-50.5 + outdoor + 1pm ET,3,91,98,56,62,35,36,-0.06141766179023741,189,0.48148148148148145,0.4745762711864407,71,0.49295774647887325,0.6626346634894797,0.6454967635578218,0.9749887744226401,UNDER,True,False
turf + Monday + non-division,3,40,45,24,20,16,25,-0.08865855762812608,85,0.47058823529411764,0.5454545454545454,41,0.3902439024390244,0.664645490413214,0.651587827208914,0.9749887744226401,UNDER,True,False
total 48-50.5 + spread 7.5+ + turf,3,45,40,30,23,15,17,0.028180472828910934,85,0.5294117647058824,0.5660377358490566,32,0.46875,0.664645490413214,0.4101027163746913,0.9749887744226401,OVER,True,False
temp >=80 + grass + division,3,40,45,26,32,14,13,-0.0827874856333626,85,0.47058823529411764,0.4482758620689655,27,0.5185185185185185,0.664645490413214,0.5118423084381691,0.9749887744226401,UNDER,True,False
total 42-44.5 + weeks 5-12 + both off over,3,45,40,30,23,15,17,0.026628971559052122,85,0.5294117647058824,0.5660377358490566,32,0.46875,0.664645490413214,0.4101027163746913,0.9749887744226401,OVER,True,False
total 51+ + weeks 5-12,2,93,100,56,54,37,46,-0.0630583372531977,193,0.48186528497409326,0.509090909090909,83,0.4457831325301205,0.6659330459055764,0.9240973917982828,0.9749887744226401,UNDER,False,False
spread 7.5+ + weeks 13+ reg,2,177,168,90,102,87,66,-0.0035214296763966977,345,0.5130434782608696,0.46875,153,0.5686274509803921,0.6667444440680375,0.4273545893965868,0.9749887744226401,OVER,True,False
grass + primetime + non-division,3,129,137,73,68,56,69,-0.06147816032079637,266,0.4849624060150376,0.5177304964539007,125,0.448,0.667859831649692,0.7363564588511883,0.9749887744226401,UNDER,False,False
total 38.5-41.5 + spread <=3 + both off under,3,41,46,22,28,19,18,-0.09138675601585168,87,0.47126436781609193,0.44,37,0.5135135135135135,0.6682849967188081,0.47988766169832786,0.9749887744226401,UNDER,True,False
total 48-50.5 + wind >=10 + non-division,3,41,46,27,22,14,24,-0.08778331753502347,87,0.47126436781609193,0.5510204081632653,38,0.3684210526315789,0.6682849967188081,0.5681724128491652,0.9749887744226401,UNDER,True,False
grass + week 1 + non-division,3,46,41,34,29,12,12,0.027573412762672098,87,0.5287356321839081,0.5396825396825397,24,0.5,0.6682849967188081,0.6146550157654618,0.9749887744226401,OVER,True,False
total 51+ + primetime + non-division,3,41,46,27,21,14,25,-0.08959494356908612,87,0.47126436781609193,0.5625,39,0.358974358974359,0.6682849967188081,0.470879013621712,0.9749887744226401,UNDER,True,False
spread <=3 + primetime + weeks 1-4,3,41,46,28,26,13,20,-0.08610702201735762,87,0.47126436781609193,0.5185185185185185,33,0.3939393939393939,0.6682849967188081,0.8919231511047488,0.9749887744226401,UNDER,False,False
spread <=3 + 1pm ET,2,390,403,242,233,148,170,-0.044602190436704596,793,0.4918032786885246,0.5094736842105263,318,0.46540880503144655,0.6700380671663719,0.713612112982958,0.9749887744226401,UNDER,False,False
total 45-47.5 + turf + both off over,3,47,42,28,29,19,13,0.023967400810543302,89,0.5280898876404494,0.49122807017543857,32,0.59375,0.6718086491746105,1.0,0.9749887744226401,OVER,False,False
spread 7.5+ + weeks 13+ reg + either team new QB,3,47,42,19,19,28,23,0.025676500753936713,89,0.5280898876404494,0.5,51,0.5490196078431373,0.6718086491746105,1.0,0.9749887744226401,OVER,False,True
outdoor + primetime + either team new QB,3,42,47,18,28,24,19,-0.07969878872276669,89,0.47191011235955055,0.391304347826087,43,0.5581395348837209,0.6718086491746105,0.18392482137699062,0.9749887744226401,UNDER,True,False
total 38.5-41.5 + weeks 5-12 + division,3,47,42,31,27,16,15,0.01968503038712239,89,0.5280898876404494,0.5344827586206896,31,0.5161290322580645,0.6718086491746105,0.6940040940761318,0.9749887744226401,OVER,True,False
spread <=3 + turf + weeks 5-12,3,142,134,87,64,55,70,-0.0005926735962526955,276,0.5144927536231884,0.5761589403973509,125,0.44,0.6735760544117284,0.07304915944161819,0.9749887744226401,OVER,True,False
home fav + wind >=10 + both off under,3,68,74,51,48,17,26,-0.07139741762044047,142,0.4788732394366197,0.5151515151515151,43,0.3953488372093023,0.6749345842733003,0.8408215252256421,0.9749887744226401,UNDER,False,False
primetime + weeks 5-12 + division,3,68,74,47,55,21,19,-0.07048786150897073,142,0.4788732394366197,0.46078431372549017,40,0.525,0.6749345842733003,0.48843446453263245,0.9749887744226401,UNDER,True,False
home fav + 1pm ET + weeks 5-12,3,279,290,179,187,100,103,-0.04646751816832842,569,0.4903339191564148,0.4890710382513661,203,0.49261083743842365,0.6750911322841321,0.7144968759527139,0.9749887744226401,UNDER,False,False
spread <=3 + dome/closed + primetime,3,43,48,23,21,20,27,-0.08366251943481347,91,0.4725274725274725,0.5227272727272727,47,0.425531914893617,0.6752224599160568,0.880395821280672,0.9749887744226401,UNDER,False,False
temp >=80 + weeks 5-12,2,48,43,30,24,18,19,0.018922918444460264,91,0.5274725274725275,0.5555555555555556,37,0.4864864864864865,0.6752224599160568,0.49661743531793345,0.9749887744226401,OVER,True,False
total 51+ + home fav + both off over,3,48,43,27,23,21,20,0.025815538433859853,91,0.5274725274725275,0.54,41,0.5121951219512195,0.6752224599160568,0.6718110337653656,0.9749887744226401,OVER,True,False
total 45-47.5 + spread <=3 + weeks 13+ reg,3,43,48,30,29,13,19,-0.08324003885296434,91,0.4725274725274725,0.5084745762711864,32,0.40625,0.6752224599160568,1.0,0.9749887744226401,UNDER,False,False
home fav + non-division + home off bye,3,75,69,51,43,24,26,0.014092144746824693,144,0.5208333333333334,0.5425531914893617,50,0.48,0.6770697943668323,0.4704921148903704,0.9749887744226401,OVER,True,False
spread 3.5-7 + primetime + weeks 5-12,3,69,75,44,45,25,30,-0.07224204552455084,144,0.4791666666666667,0.4943820224719101,55,0.45454545454545453,0.6770697943668323,1.0,0.9749887744226401,UNDER,False,True
outdoor + non-division + home off bye,3,69,75,47,43,22,32,-0.06742406410102712,144,0.4791666666666667,0.5222222222222223,54,0.4074074074074074,0.6770697943668323,0.7520332015985949,0.9749887744226401,UNDER,False,False
spread 3.5-7 + temp >=80 + non-division,3,49,44,32,27,17,17,0.019409981341267302,93,0.5268817204301075,0.5423728813559322,34,0.5,0.6785320136533244,0.6029232012571504,0.9749887744226401,OVER,True,False
spread 10+ + turf + division,3,44,49,24,33,20,16,-0.07912611422212626,93,0.4731182795698925,0.42105263157894735,36,0.5555555555555556,0.6785320136533244,0.2892437471090205,0.9749887744226401,UNDER,True,False
SNF (Sun night) + division,2,44,49,30,29,14,20,-0.08080981227935706,93,0.4731182795698925,0.5084745762711864,34,0.4117647058823529,0.6785320136533244,1.0,0.9749887744226401,UNDER,False,False
home off bye,1,147,139,95,77,52,62,-0.0029503669299402067,286,0.513986013986014,0.5523255813953488,114,0.45614035087719296,0.6790073111835654,0.19474748306428247,0.9749887744226401,OVER,True,False
spread <=3 + non-division,2,493,507,302,269,191,238,-0.04431987172981646,1000,0.493,0.5288966725043783,429,0.44522144522144524,0.6810229832764899,0.1804687543502294,0.9749887744226401,UNDER,True,False
outdoor + both off under,2,352,364,212,209,140,155,-0.047211691049238856,716,0.49162011173184356,0.503562945368171,295,0.4745762711864407,0.6810362797052395,0.9223651803506284,0.9749887744226401,UNDER,False,False
total 38.5-41.5 + spread <=3 + outdoor,3,103,110,65,67,38,43,-0.06506359191807223,213,0.4835680751173709,0.49242424242424243,81,0.4691358024691358,0.6810883208060331,0.9306844655255783,0.9749887744226401,UNDER,False,True
turf + primetime + weeks 5-12,3,71,77,44,41,27,36,-0.06737022931531261,148,0.4797297297297297,0.5176470588235295,63,0.42857142857142855,0.6812170868939293,0.8284232741648998,0.9749887744226401,UNDER,False,False
total 48-50.5 + home fav + dome/closed,3,77,71,41,41,36,30,0.010577887059728805,148,0.5202702702702703,0.5,66,0.5454545454545454,0.6812170868939293,1.0,0.9749887744226401,OVER,False,True
total 48-50.5 + 1pm ET + division,3,50,45,31,31,19,14,0.029139528219287104,95,0.5263157894736842,0.5,33,0.5757575757575758,0.6817425059181851,1.0,0.9749887744226401,OVER,False,True
total 38.5-41.5 + outdoor + weeks 5-12,3,111,104,72,72,39,32,-0.0016040706722725568,215,0.5162790697674419,0.5,71,0.5492957746478874,0.6824930716566954,1.0,0.9749887744226401,OVER,False,True
home fav + dome/closed,2,369,357,205,201,164,156,-0.013732547615577313,726,0.5082644628099173,0.5049261083743842,320,0.5125,0.6831201338662305,0.8816660695399932,0.9749887744226401,OVER,False,False
total 42-44.5 + home dog + both off under,3,51,46,26,26,25,20,0.01673841739871515,97,0.5257731958762887,0.5,45,0.5555555555555556,0.6848587772144039,1.0,0.9749887744226401,OVER,False,True
total 38.5-41.5 + turf + weeks 13+ reg,3,51,46,21,31,30,15,0.016822261770311694,97,0.5257731958762887,0.40384615384615385,45,0.6666666666666666,0.6848587772144039,0.21160856876151612,0.9749887744226401,OVER,True,False
spread 7.5+ + weeks 5-12 + both off over,3,51,46,34,29,17,17,0.01828214370359591,97,0.5257731958762887,0.5396825396825397,34,0.5,0.6848587772144039,0.6146550157654618,0.9749887744226401,OVER,True,False
spread 7.5+ + division + both off under,3,46,51,24,34,22,17,-0.08141237249752244,97,0.4742268041237113,0.41379310344827586,39,0.5641025641025641,0.6848587772144039,0.23704711476271959,0.9749887744226401,UNDER,True,False
total 38.5-41.5 + home dog + division,3,46,51,25,36,21,15,-0.08048588244131172,97,0.4742268041237113,0.4098360655737705,36,0.5833333333333334,0.6848587772144039,0.20003136851310313,0.9749887744226401,UNDER,True,False
home fav + dome/closed + turf,3,312,301,176,165,136,136,-0.012154580825431836,613,0.5089722675367048,0.5161290322580645,272,0.5,0.6863229408964048,0.588206917463566,0.9749887744226401,OVER,False,False
week 1 + non-division,2,74,80,50,44,24,36,-0.06723637657570235,154,0.4805194805194805,0.5319148936170213,60,0.4,0.687149218768653,0.6062959376939656,0.9749887744226401,UNDER,True,False
total 45-47.5 + spread <=3 + dome/closed,3,52,47,29,21,23,26,0.016919230069338917,99,0.5252525252525253,0.58,49,0.46938775510204084,0.6878853435796918,0.3222363203575469,0.9749887744226401,OVER,True,False
total 45-47.5 + spread 3.5-7 + wind >=10,3,47,52,28,40,19,12,-0.08160879576696196,99,0.47474747474747475,0.4117647058823529,31,0.6129032258064516,0.6878853435796918,0.1818100545355934,0.9749887744226401,UNDER,True,False
total 48-50.5 + spread 3.5-7 + dome/closed,3,52,47,26,22,26,25,0.024752291136839494,99,0.5252525252525253,0.5416666666666666,51,0.5098039215686274,0.6878853435796918,0.6654658120766188,0.9749887744226401,OVER,True,False
spread <=3 + non-division + both off over,3,108,115,66,59,42,56,-0.06431086958635851,223,0.484304932735426,0.528,98,0.42857142857142855,0.6879321803254598,0.5916839270941627,0.9749887744226401,UNDER,True,False
spread 3.5-7 + weeks 1-4,2,203,194,125,110,78,84,-0.006085073297419194,397,0.5113350125944585,0.5319148936170213,162,0.48148148148148145,0.6880980527492364,0.3611354369008875,0.9749887744226401,OVER,True,False
total 42-44.5 + home dog + weeks 5-12,3,81,75,52,37,29,38,0.004325011211609634,156,0.5192307692307693,0.5842696629213483,67,0.43283582089552236,0.6890542729314677,0.137367971355652,0.9755644694177363,OVER,True,False
turf + primetime + weeks 1-4,3,48,53,30,27,18,26,-0.0800070630696514,101,0.4752475247524752,0.5263157894736842,44,0.4090909090909091,0.6908264239959597,0.7913664277791806,0.9768376765979435,UNDER,True,False
spread <=3 + turf + non-division,3,209,200,116,97,93,103,-0.010753121483365522,409,0.511002444987775,0.5446009389671361,196,0.4744897959183674,0.6924692959307964,0.21735610630420701,0.9768376765979435,OVER,True,False
grass + weeks 1-4,2,264,254,177,155,87,99,-0.011711877013053386,518,0.5096525096525096,0.5331325301204819,186,0.46774193548387094,0.6925599204321268,0.24906690663723055,0.9768376765979435,OVER,True,False
spread 3.5-7 + dome/closed + weeks 13+ reg,3,77,83,35,49,42,34,-0.06876904710422525,160,0.48125,0.4166666666666667,76,0.5526315789473685,0.6927623491186453,0.15565646371399705,0.9768376765979435,UNDER,True,False
spread <=3 + temp 33-45 + non-division,3,49,54,31,28,18,26,-0.07435895764430066,103,0.47572815533980584,0.5254237288135594,44,0.4090909090909091,0.6936859650244835,0.794843653982861,0.9768376765979435,UNDER,True,False
total 48-50.5 + dome/closed + weeks 5-12,3,49,54,21,25,28,29,-0.07321663450536169,103,0.47572815533980584,0.45652173913043476,57,0.49122807017543857,0.6936859650244835,0.6587380770236564,0.9768376765979435,UNDER,True,False
home fav + grass + both off over,3,154,162,100,98,54,64,-0.05638608104121713,316,0.4873417721518987,0.5050505050505051,118,0.4576271186440678,0.6938080453852361,0.9433683628047678,0.9768376765979435,UNDER,False,False
total 48-50.5 + spread <=3 + non-division,3,79,85,41,46,38,39,-0.06414648081450228,164,0.4817073170731707,0.47126436781609193,77,0.4935064935064935,0.6963409692892951,0.6682849967188081,0.9796263913713003,UNDER,True,False
outdoor + turf + 1pm ET,3,272,262,161,164,111,98,-0.012076883038395738,534,0.5093632958801498,0.49538461538461537,209,0.5311004784688995,0.6969681674921226,0.9116862737012225,0.9796605842968048,OVER,False,False
total 42-44.5 + turf,2,208,217,123,116,85,101,-0.050508251094790124,425,0.4894117647058824,0.5146443514644351,186,0.45698924731182794,0.6980218732848629,0.6980219721257955,0.9796605842968048,UNDER,False,False
total 45-47.5 + home dog + non-division,3,116,123,70,72,46,51,-0.05859261493142731,239,0.48535564853556484,0.49295774647887325,97,0.4742268041237113,0.6980219721257955,0.9331607923848076,0.9796605842968048,UNDER,False,True
temp 33-45 + either team new QB,2,51,56,22,25,29,31,-0.0709099803414137,107,0.4766355140186916,0.46808510638297873,60,0.48333333333333334,0.6991749840078738,0.7708669945730263,0.9805031001027416,UNDER,True,False
spread 10+ + outdoor + weeks 13+ reg,3,81,87,40,55,41,32,-0.061733489436514744,168,0.48214285714285715,0.42105263157894735,73,0.5616438356164384,0.6997974882614117,0.15051806389022943,0.98060090377231,UNDER,True,False
total 45-47.5 + dome/closed + turf,3,126,119,65,67,61,52,-0.004001434664150105,245,0.5142857142857142,0.49242424242424243,113,0.5398230088495575,0.7015611407885325,0.9306844655255783,0.9810311025385079,OVER,False,False
home dog + outdoor + both off over,3,119,126,70,72,49,54,-0.05678840479519416,245,0.4857142857142857,0.49295774647887325,103,0.47572815533980584,0.7015611407885325,0.9331607923848076,0.9810311025385079,UNDER,False,True
spread 3.5-7 + grass + division,3,163,171,94,108,69,63,-0.051280014523338184,334,0.4880239520958084,0.46534653465346537,132,0.5227272727272727,0.7017635113423712,0.360395041993775,0.9810311025385079,UNDER,True,False
Thursday + non-division,2,58,53,32,21,26,32,0.011746887265535808,111,0.5225225225225225,0.6037735849056604,58,0.4482758620689655,0.704379315424892,0.16897782228771874,0.9823654917954074,OVER,True,False
total 48-50.5 + spread <=3 + 1pm ET,3,53,58,30,39,23,19,-0.06798995890776365,111,0.4774774774774775,0.43478260869565216,42,0.5476190476190477,0.704379315424892,0.3355576182340152,0.9823654917954074,UNDER,True,False
total 38.5-41.5 + primetime,2,58,53,35,35,23,18,0.015945521844527626,111,0.5225225225225225,0.5,41,0.5609756097560976,0.704379315424892,1.0,0.9823654917954074,OVER,False,True
total 45-47.5 + home dog + weeks 13+ reg,3,59,54,37,34,22,20,0.010589458502465213,113,0.5221238938053098,0.5211267605633803,42,0.5238095238095238,0.7068822614919521,0.8125886494061619,0.9850818003823434,OVER,False,True
spread 3.5-7 + turf,2,361,350,214,200,147,150,-0.014737530059910601,711,0.5077355836849508,0.5169082125603864,297,0.494949494949495,0.7076668348529843,0.5229279461237978,0.9854010714514868,OVER,False,False
home dog + wind >=10 + weeks 13+ reg,3,55,60,31,36,24,24,-0.07155661009636255,115,0.4782608695652174,0.4626865671641791,48,0.5,0.7093227303228261,0.6254068289416483,0.9861587175491329,UNDER,True,False
spread 10+ + grass + division,3,55,60,29,40,26,20,-0.07226555050398092,115,0.4782608695652174,0.42028985507246375,46,0.5652173913043478,0.7093227303228261,0.22840022535329702,0.9861587175491329,UNDER,True,False
home dog + primetime + division,3,56,61,32,39,24,22,-0.06737022569931003,117,0.47863247863247865,0.4507042253521127,46,0.5217391304347826,0.7117032769279408,0.47668779343427553,0.9881071222853508,UNDER,True,False
total 45-47.5 + spread <=3 + outdoor,3,129,136,88,86,41,50,-0.0530711512459617,265,0.4867924528301887,0.5057471264367817,91,0.45054945054945056,0.7125181305934952,0.9395993719521457,0.9881071222853508,UNDER,False,False
home dog + both off under,2,177,185,89,101,88,84,-0.05292825620299011,362,0.4889502762430939,0.46842105263157896,172,0.5116279069767442,0.712993836588292,0.424931929062243,0.9881071222853508,UNDER,True,False
1pm ET + weeks 5-12 + division,3,130,137,78,80,52,57,-0.054131454145103355,267,0.4868913857677903,0.4936708860759494,109,0.47706422018348627,0.7135487067229697,0.9366240696485005,0.9881071222853508,UNDER,False,False
total 51+ + home fav + grass,3,62,57,33,31,29,26,0.012709941790147523,119,0.5210084033613446,0.515625,55,0.5272727272727272,0.7140263124847863,0.9006532462520334,0.9881071222853508,OVER,False,True
spread 3.5-7 + outdoor + non-division,3,370,381,231,233,139,148,-0.04617736818309018,751,0.49267643142476697,0.4978448275862069,287,0.4843205574912892,0.715208445498275,0.962979091133311,0.9881071222853508,UNDER,False,False
total 51+ + spread 3.5-7,2,97,91,57,52,40,39,0.0025927786700723487,188,0.5159574468085106,0.5229357798165137,79,0.5063291139240507,0.7154689293504803,0.701811182064683,0.9881071222853508,OVER,False,False
total 38.5-41.5 + 1pm ET + both off under,3,63,58,33,32,30,26,0.0053662323842685634,121,0.5206611570247934,0.5076923076923077,56,0.5357142857142857,0.716294114576641,1.0,0.9881071222853508,OVER,False,True
home dog + weeks 13+ reg + both off over,3,58,63,28,30,30,33,-0.06586125463252013,121,0.4793388429752066,0.4827586206896552,63,0.47619047619047616,0.716294114576641,0.8956832138895906,0.9881071222853508,UNDER,False,True
primetime + weeks 13+ reg + non-division,3,63,58,31,29,32,29,0.0031891445300563266,121,0.5206611570247934,0.5166666666666667,61,0.5245901639344263,0.716294114576641,0.8974218269914307,0.9881071222853508,OVER,False,True
total 48-50.5 + dome/closed + turf,3,98,92,49,50,49,42,0.003667097260663554,190,0.5157894736842106,0.494949494949495,91,0.5384615384615384,0.7169046430967038,1.0,0.9881809144161248,OVER,False,False
home fav + Monday + non-division,3,64,59,40,32,24,27,0.005907556041560803,123,0.5203252032520326,0.5555555555555556,51,0.47058823529411764,0.7185088365549671,0.40957939592707177,0.9896231956898383,OVER,True,False
weeks 5-12 + division + both off over,3,60,65,43,44,17,21,-0.06280306932415915,125,0.48,0.4942528735632184,38,0.4473684210526316,0.7206725161126957,1.0,0.9910643748712574,UNDER,False,True
total 42-44.5 + spread 10+ + outdoor,3,60,65,30,34,30,31,-0.06535248121809728,125,0.48,0.46875,61,0.4918032786885246,0.7206725161126957,0.7079807541347641,0.9910643748712574,UNDER,True,False
weeks 13+ reg + non-division,2,326,316,177,179,149,137,-0.016712504060546765,642,0.5077881619937694,0.49719101123595505,286,0.5209790209790209,0.7224687747342059,0.9577418888759966,0.992550486858505,OVER,False,False
weeks 5-12 + non-division + both off under,3,141,148,86,79,55,69,-0.05177341385715589,289,0.48788927335640137,0.5212121212121212,124,0.4435483870967742,0.7241997172686478,0.640562234203134,0.992550486858505,UNDER,False,False
total 45-47.5 + spread 3.5-7 + dome/closed,3,62,67,30,43,32,24,-0.0701477201839064,129,0.4806201550387597,0.410958904109589,56,0.5714285714285714,0.7248543669717583,0.15971168311801956,0.992550486858505,UNDER,True,False
grass + Thursday,2,62,67,40,37,22,30,-0.0781835220106607,129,0.4806201550387597,0.5194805194805194,52,0.4230769230769231,0.7248543669717583,0.8198929037490488,0.992550486858505,UNDER,False,False
home dog + primetime + weeks 5-12,3,67,62,38,36,29,26,0.006434863935220373,129,0.5193798449612403,0.5135135135135135,55,0.5272727272727272,0.7248543669717583,0.9075606176124984,0.992550486858505,OVER,False,True
dome/closed + turf + weeks 13+ reg,3,142,149,67,80,75,69,-0.05633493899497963,291,0.4879725085910653,0.4557823129251701,144,0.5208333333333334,0.7251101640183892,0.322307648608775,0.992550486858505,UNDER,True,False
spread 3.5-7 + grass + both off over,3,99,105,52,66,47,39,-0.05922616508882104,204,0.4852941176470588,0.4406779661016949,86,0.5465116279069767,0.7263810777955162,0.23126568219748747,0.9932640633711542,UNDER,True,False
spread 10+ + non-division,2,144,151,85,87,59,64,-0.049227721268306365,295,0.488135593220339,0.4941860465116279,123,0.4796747967479675,0.7269043474057002,0.9392502353738341,0.9932640633711542,UNDER,False,False
total 45-47.5 + non-division,2,338,328,199,205,139,123,-0.0158507336236596,666,0.5075075075075075,0.49257425742574257,262,0.5305343511450382,0.7273111715440413,0.8035843559597149,0.9932640633711542,OVER,False,False
spread 3.5-7 + dome/closed + 1pm ET,3,101,107,56,68,45,39,-0.054865498316397775,208,0.4855769230769231,0.45161290322580644,84,0.5357142857142857,0.7289185538924636,0.3232476471849841,0.994025025281792,UNDER,True,False
dome/closed + 1pm ET,2,271,262,157,161,114,101,-0.011234741218333342,533,0.5084427767354597,0.4937106918238994,215,0.5302325581395348,0.7289890405251473,0.8664349012626096,0.994025025281792,OVER,False,False
total 42-44.5 + home dog + weeks 13+ reg,3,65,70,37,30,28,40,-0.0671281599885807,135,0.48148148148148145,0.5522388059701493,68,0.4117647058823529,0.7307894394358099,0.46381761789686937,0.9949504724168278,UNDER,True,False
spread <=3 + non-division + either team new QB,3,65,70,32,36,33,34,-0.06663943130920487,135,0.48148148148148145,0.47058823529411764,67,0.4925373134328358,0.7307894394358099,0.716300760154337,0.9949504724168278,UNDER,True,False
total 45-47.5 + spread <=3 + grass,3,103,109,70,70,33,39,-0.054362172166467056,212,0.4858490566037736,0.5,72,0.4583333333333333,0.7313867550206432,1.0,0.995000079299556,UNDER,False,False
spread <=3 + 1pm ET + weeks 1-4,3,110,104,65,59,45,45,-0.001364327235165861,214,0.514018691588785,0.5241935483870968,90,0.5,0.7325958519969559,0.6535984498230589,0.9952385773587344,OVER,True,False
1pm ET + home off bye,2,71,66,44,35,27,31,0.006674179139104531,137,0.5182481751824818,0.5569620253164557,58,0.46551724137931033,0.7326840935910413,0.3681876338306311,0.9952385773587344,OVER,True,False
home dog + outdoor + turf,3,152,159,84,74,68,85,-0.053736329983254894,311,0.4887459807073955,0.5316455696202531,153,0.4444444444444444,0.7337452638803144,0.47410617678563133,0.9956413480382129,UNDER,True,False
total 42-44.5 + outdoor + division,3,153,160,87,93,66,67,-0.05356101881437382,313,0.48881789137380194,0.48333333333333334,133,0.49624060150375937,0.7345647367552778,0.7094997422022828,0.9956413480382129,UNDER,False,False
outdoor + turf + either team new QB,3,73,68,33,38,40,30,0.005276732958180627,141,0.5177304964539007,0.4647887323943662,70,0.5714285714285714,0.7363564588511883,0.6353076420876663,0.9956413480382129,OVER,True,False
total 45-47.5 + division + both off over,3,38,42,24,34,14,8,-0.07442146096891049,80,0.475,0.41379310344827586,22,0.6363636363636364,0.7375543089843226,0.23704711476271959,0.9956413480382129,UNDER,True,False
outdoor + grass + Saturday,3,38,42,19,20,19,22,-0.07584466573595249,80,0.475,0.48717948717948717,41,0.4634146341463415,0.7375543089843226,1.0,0.9956413480382129,UNDER,False,True
dome/closed + division + either team new QB,3,42,38,16,15,26,23,0.011582751132208616,80,0.525,0.5161290322580645,49,0.5306122448979592,0.7375543089843226,1.0,0.9956413480382129,OVER,False,True
total 48-50.5 + grass + weeks 5-12,3,69,74,37,44,32,30,-0.06062948298864178,143,0.4825174825174825,0.4567901234567901,62,0.5161290322580645,0.7381368030418517,0.5052364407669357,0.9956413480382129,UNDER,True,False
dome/closed + turf + non-division,3,294,285,159,144,135,141,-0.014730427863536934,579,0.5077720207253886,0.5247524752475248,276,0.4891304347826087,0.7395676291805122,0.4212815766892882,0.9956413480382129,OVER,True,False
home fav + temp <=32 + non-division,3,43,39,28,20,15,19,0.02420792362596814,82,0.524390243902439,0.5833333333333334,34,0.4411764705882353,0.7406528413457827,0.31232680747326935,0.9956413480382129,OVER,True,False
home dog + wind >=10 + turf,3,39,43,24,25,15,18,-0.08395826284961523,82,0.47560975609756095,0.4897959183673469,33,0.45454545454545453,0.7406528413457827,1.0,0.9956413480382129,UNDER,False,True
total 45-47.5 + grass + weeks 13+ reg,3,71,76,38,59,33,17,-0.06334840160612742,147,0.48299319727891155,0.3917525773195876,50,0.66,0.7415919424461606,0.041729321201286,0.9956413480382129,UNDER,True,False
home fav + grass + both off under,3,162,169,101,97,61,72,-0.05006002479932171,331,0.48942598187311176,0.51010101010101,133,0.45864661654135336,0.7416149670525319,0.8312377211582064,0.9956413480382129,UNDER,False,False
total 45-47.5 + spread 7.5+,2,112,118,59,77,53,41,-0.053783085663155795,230,0.48695652173913045,0.4338235294117647,94,0.5638297872340425,0.7417150560659568,0.14463646515752143,0.9956413480382129,UNDER,True,False
total 45-47.5 + spread 3.5-7 + grass,3,119,113,69,78,50,35,-0.008238955747234876,232,0.5129310344827587,0.46938775510204084,85,0.5882352941176471,0.7427905821012404,0.5095015886349891,0.9956413480382129,OVER,True,False
dome/closed + 1pm ET + non-division,3,171,164,101,100,70,64,-0.006418672922640806,335,0.5104477611940299,0.5024875621890548,134,0.5223880597014925,0.7431068317811961,1.0,0.9956413480382129,OVER,False,False
weeks 13+ reg + both off under,2,164,171,92,110,72,61,-0.05311402238092819,335,0.48955223880597015,0.45544554455445546,133,0.5413533834586466,0.7431068317811961,0.23156943280686226,0.9956413480382129,UNDER,True,False
1pm ET + division + either team new QB,3,72,77,38,51,34,26,-0.0681224186310171,149,0.48322147651006714,0.42696629213483145,60,0.5666666666666667,0.7432690217670559,0.20311681873649565,0.9956413480382129,UNDER,True,False
home dog + week 1,2,40,44,23,23,17,21,-0.07260517490558353,84,0.47619047619047616,0.5,38,0.4473684210526316,0.7436441861052041,1.0,0.9956413480382129,UNDER,False,False
total 48-50.5 + spread 7.5+ + 1pm ET,3,44,40,26,25,18,15,0.019326942648795673,84,0.5238095238095238,0.5098039215686274,33,0.5454545454545454,0.7436441861052041,1.0,0.9956413480382129,OVER,False,True
home dog + turf,2,298,307,151,144,147,163,-0.045844490891487816,605,0.4925619834710744,0.511864406779661,310,0.47419354838709676,0.7450251046186765,0.7269043474057002,0.9963047322057033,UNDER,False,False
spread 7.5+ + outdoor + either team new QB,3,74,79,33,40,41,39,-0.05933007141244951,153,0.48366013071895425,0.4520547945205479,80,0.5125,0.746527530336936,0.48278855684402133,0.9963047322057033,UNDER,True,False
total 42-44.5 + division + both off over,3,45,41,31,23,14,18,0.02032443294383701,86,0.5232558139534884,0.5740740740740741,32,0.4375,0.7465343822890578,0.3408909412200971,0.9963047322057033,OVER,True,False
total 48-50.5 + spread 3.5-7 + division,3,41,45,25,22,16,23,-0.06654610212575279,86,0.47674418604651164,0.5319148936170213,39,0.41025641025641024,0.7465343822890578,0.7708669945730263,0.9963047322057033,UNDER,True,False
spread <=3 + outdoor + away off bye,3,42,46,34,27,8,19,-0.07326276238260122,88,0.4772727272727273,0.5573770491803278,27,0.2962962962962963,0.7493290032022801,0.4426260049464714,0.9963047322057033,UNDER,True,False
total 45-47.5 + turf + division,3,76,81,47,43,29,38,-0.06107659665003033,157,0.4840764331210191,0.5222222222222223,67,0.43283582089552236,0.7496650751115798,0.7520332015985949,0.9963047322057033,UNDER,False,False
home dog + weeks 13+ reg,2,238,246,129,138,109,108,-0.04571748745215306,484,0.49173553719008267,0.48314606741573035,217,0.5023041474654378,0.7503844943107562,0.6245054246458527,0.9963047322057033,UNDER,False,False
total 48-50.5 + spread 7.5+,2,82,77,52,45,30,32,0.002243351898448246,159,0.5157232704402516,0.5360824742268041,62,0.4838709677419355,0.7511907919533747,0.5426101580458746,0.9963047322057033,OVER,True,False
home dog + dome/closed + weeks 1-4,3,47,43,22,20,25,23,0.016455671968669566,90,0.5222222222222223,0.5238095238095238,48,0.5208333333333334,0.7520332015985949,0.8776143287523154,0.9963047322057033,OVER,True,False
total 42-44.5 + outdoor + weeks 13+ reg,3,124,130,65,77,59,53,-0.05481163885037715,254,0.4881889763779528,0.45774647887323944,112,0.5267857142857143,0.7537986384660678,0.3559998259151082,0.9963047322057033,UNDER,True,False
home dog + temp 33-45,2,79,84,42,46,37,38,-0.05934827122391811,163,0.48466257668711654,0.4772727272727273,75,0.49333333333333335,0.7541603898054378,0.7493290032022801,0.9963047322057033,UNDER,False,False
total <=38 + spread <=3,2,44,48,24,17,20,31,-0.07816193464078207,92,0.4782608695652174,0.5853658536585366,51,0.39215686274509803,0.7546517496104993,0.34888887944907765,0.9963047322057033,UNDER,True,False
spread 7.5+ + division,2,181,188,94,122,87,66,-0.05187039598233765,369,0.4905149051490515,0.4351851851851852,153,0.5686274509803921,0.7548250097032488,0.0659436118214457,0.9963047322057033,UNDER,True,False
turf + 1pm ET + division,3,188,181,108,114,80,67,-0.01069169118155176,369,0.5094850948509485,0.4864864864864865,147,0.54421768707483,0.7548250097032488,0.7372740213789896,0.9963047322057033,OVER,False,False
total 42-44.5 + turf + division,3,80,85,43,49,37,36,-0.06160656687143941,165,0.48484848484848486,0.4673913043478261,73,0.5068493150684932,0.7556058753183412,0.6024122776961505,0.9963047322057033,UNDER,True,False
grass + 1pm ET + weeks 1-4,3,132,126,85,74,47,52,-0.006096163183886671,258,0.5116279069767442,0.5345911949685535,99,0.47474747474747475,0.7556523541138387,0.42783981112503233,0.9963047322057033,OVER,True,False
total 38.5-41.5 + spread 7.5+ + grass,3,49,45,28,30,21,15,0.010780807370637724,94,0.5212765957446809,0.4827586206896552,36,0.5833333333333334,0.7571890741424053,0.8956832138895906,0.9963047322057033,OVER,False,False
home dog + weeks 5-12 + both off under,3,82,87,41,42,41,45,-0.058572903418609816,169,0.48520710059171596,0.4939759036144578,86,0.47674418604651164,0.7584219886210962,1.0,0.9963047322057033,UNDER,False,False
spread <=3 + temp 33-45,2,82,87,48,46,34,41,-0.05679633068054484,169,0.48520710059171596,0.5106382978723404,75,0.4533333333333333,0.7584219886210962,0.9179230673157438,0.9963047322057033,UNDER,False,False
total 45-47.5 + grass + non-division,3,195,188,123,117,72,71,-0.012728330637768659,383,0.5091383812010444,0.5125,143,0.5034965034965035,0.7592049556632856,0.7469621811121037,0.9963047322057033,OVER,False,False
total 38.5-41.5 + both off over,2,46,50,29,32,17,18,-0.07402694387922518,96,0.4791666666666667,0.47540983606557374,35,0.4857142857142857,0.75964928832363,0.7981526273057179,0.9963047322057033,UNDER,True,False
total 42-44.5 + home fav + both off under,3,83,88,52,48,31,40,-0.05717440671987802,171,0.4853801169590643,0.52,71,0.43661971830985913,0.7597940341218291,0.7643534344026671,0.9963047322057033,UNDER,False,False
temp 33-45 + 1pm ET + weeks 13+ reg,3,83,88,44,58,39,30,-0.060003551880834415,171,0.4853801169590643,0.43137254901960786,69,0.5652173913043478,0.7597940341218291,0.19778986306808305,0.9963047322057033,UNDER,True,False
home fav + dome/closed + both off under,3,88,83,50,51,38,32,-0.003106391610034596,171,0.5146198830409356,0.49504950495049505,70,0.5428571428571428,0.7597940341218291,1.0,0.9963047322057033,OVER,False,False
spread <=3 + weeks 1-4,2,189,196,120,111,69,85,-0.046748009256484584,385,0.4909090909090909,0.5194805194805194,154,0.44805194805194803,0.7598117007643044,0.598733359610764,0.9963047322057033,UNDER,False,False
spread <=3 + 1pm ET + both off under,3,89,84,51,35,38,49,-0.002795834147457614,173,0.5144508670520231,0.5930232558139535,87,0.4367816091954023,0.7611429709016684,0.10522535125694396,0.9963047322057033,OVER,True,False
SNF (Sun night) + non-division,2,84,89,53,44,31,45,-0.05837490145604395,173,0.48554913294797686,0.5463917525773195,76,0.40789473684210525,0.7611429709016684,0.4167748410890994,0.9963047322057033,UNDER,True,False
spread <=3 + week 1,2,47,51,29,28,18,23,-0.07081552592269605,98,0.47959183673469385,0.5087719298245614,41,0.43902439024390244,0.7620362195292435,1.0,0.9963047322057033,UNDER,False,False
dome/closed + weeks 13+ reg + both off under,3,47,51,24,33,23,18,-0.0727317684773571,98,0.47959183673469385,0.42105263157894735,41,0.5609756097560976,0.7620362195292435,0.2892437471090205,0.9963047322057033,UNDER,True,False
home dog + temp 33-45 + non-division,3,48,52,27,31,21,21,-0.06873935492404575,100,0.48,0.46551724137931033,42,0.5,0.7643534344026671,0.6940040940761318,0.9963047322057033,UNDER,True,False
grass + weeks 1-4 + both off over,3,48,52,33,34,15,18,-0.06605227764878993,100,0.48,0.4925373134328358,33,0.45454545454545453,0.7643534344026671,1.0,0.9963047322057033,UNDER,False,True
total 45-47.5 + spread 3.5-7 + primetime,3,48,52,25,36,23,16,-0.07062631285585322,100,0.48,0.4098360655737705,39,0.5897435897435898,0.7643534344026671,0.20003136851310313,0.9963047322057033,UNDER,True,False
temp 33-45 + 1pm ET + division,3,48,52,27,32,21,20,-0.06740749680272441,100,0.48,0.4576271186440678,41,0.5121951219512195,0.7643534344026671,0.6029232012571504,0.9963047322057033,UNDER,True,False
spread 3.5-7 + turf + 1pm ET,3,197,204,117,133,80,71,-0.0454108606093157,401,0.4912718204488778,0.468,151,0.5298013245033113,0.7645060846379338,0.3427986668401339,0.9963047322057033,UNDER,True,False
dome/closed + weeks 1-4 + non-division,3,92,87,50,46,42,41,-0.0001362241571692313,179,0.5139664804469274,0.5208333333333334,83,0.5060240963855421,0.765057419948712,0.75964928832363,0.9963047322057033,OVER,False,False
dome/closed + turf,2,459,449,244,235,215,214,-0.0193828306338426,908,0.5055066079295154,0.5093945720250522,429,0.5011655011655012,0.7652067443059176,0.7147575802878696,0.9963047322057033,OVER,False,False
home fav + weeks 1-4 + division,3,88,93,57,56,31,37,-0.06017817584954213,181,0.4861878453038674,0.504424778761062,68,0.45588235294117646,0.766320094442948,1.0,0.9963047322057033,UNDER,False,False
spread 3.5-7 + primetime + weeks 13+ reg,3,49,53,23,27,26,26,-0.07170799671480417,102,0.4803921568627451,0.46,52,0.5,0.7666042612518517,0.6718110337653656,0.9963047322057033,UNDER,True,False
spread 7.5+ + 1pm ET + either team new QB,3,49,53,23,33,26,20,-0.06897449384098155,102,0.4803921568627451,0.4107142857142857,46,0.5652173913043478,0.7666042612518517,0.2288055412343561,0.9963047322057033,UNDER,True,False
spread <=3 + weeks 13+ reg + both off under,3,49,53,29,29,20,24,-0.06863499811414131,102,0.4803921568627451,0.5,44,0.45454545454545453,0.7666042612518517,1.0,0.9963047322057033,UNDER,False,False
spread <=3 + dome/closed + weeks 5-12,3,94,89,48,41,46,48,-0.003886246308342722,183,0.5136612021857924,0.5393258426966292,94,0.48936170212765956,0.7675626320478242,0.5250147872924263,0.9966473119897888,OVER,True,False
spread 3.5-7 + grass + non-division,3,279,287,169,178,110,109,-0.045898485769944423,566,0.4929328621908127,0.48703170028818443,219,0.502283105022831,0.7686109902497851,0.6676481943687219,0.9966473119897888,UNDER,False,False
total 38.5-41.5 + home dog + weeks 5-12,3,54,50,29,34,25,16,0.0006622597822064391,104,0.5192307692307693,0.4603174603174603,41,0.6097560975609756,0.7687918101386723,0.6146550157654618,0.9966473119897888,OVER,True,False
spread 3.5-7 + outdoor + weeks 1-4,3,142,148,94,85,48,63,-0.04914292456059651,290,0.4896551724137931,0.5251396648044693,111,0.43243243243243246,0.7691150902559306,0.5499954415754409,0.9966473119897888,UNDER,True,False
spread 3.5-7 + division,2,283,291,165,180,118,111,-0.041999722450132226,574,0.4930313588850174,0.4782608695652174,229,0.5152838427947598,0.7701830619343417,0.451056245973146,0.99680050285892,UNDER,False,False
total 51+ + spread <=3 + non-division,3,51,55,29,24,22,31,-0.06858524102570274,106,0.4811320754716981,0.5471698113207547,53,0.41509433962264153,0.7709189909371129,0.5831321542611763,0.99680050285892,UNDER,True,False
home fav + outdoor + week 1,3,51,55,37,29,14,26,-0.06810370080362631,106,0.4811320754716981,0.5606060606060606,40,0.35,0.7709189909371129,0.3890524605477928,0.99680050285892,UNDER,True,False
total 45-47.5 + home fav + dome/closed,3,100,95,51,62,49,33,-0.006287631257588999,195,0.5128205128205128,0.45132743362831856,82,0.5975609756097561,0.7746233321773482,0.34689310509533494,1.0,OVER,True,False
outdoor + week 1 + non-division,3,53,57,36,32,17,25,-0.06790276474016292,110,0.4818181818181818,0.5294117647058824,42,0.40476190476190477,0.7750029828306251,0.716300760154337,1.0,UNDER,True,False
home fav + outdoor + both off under,3,227,220,143,130,84,90,-0.014845633708240675,447,0.5078299776286354,0.5238095238095238,174,0.4827586206896552,0.7766085302407522,0.46773633482673277,1.0,OVER,True,False
temp 33-45 + turf + non-division,3,58,54,35,39,23,15,0.0030461213450659326,112,0.5178571428571429,0.47297297297297297,38,0.6052631578947368,0.7769647513696717,0.7275470834894697,1.0,OVER,True,False
spread 3.5-7 + SNF (Sun night),2,58,54,34,31,24,23,0.0017653719396512428,112,0.5178571428571429,0.5230769230769231,47,0.5106382978723404,0.7769647513696717,0.8043170001933984,1.0,OVER,False,False
outdoor + grass + week 1,3,58,54,45,34,13,20,0.004353109720167316,112,0.5178571428571429,0.569620253164557,33,0.3939393939393939,0.7769647513696717,0.2604255258972435,1.0,OVER,True,False
home dog + temp 33-45 + weeks 13+ reg,3,55,59,27,31,28,28,-0.06565032900213671,114,0.4824561403508772,0.46551724137931033,56,0.5,0.778876092002701,0.6940040940761318,1.0,UNDER,True,False
home fav + 1pm ET + weeks 1-4,3,162,156,100,99,62,57,-0.010549341147600663,318,0.5094339622641509,0.5025125628140703,119,0.5210084033613446,0.779233508022643,1.0,1.0,OVER,False,False
total 42-44.5 + 1pm ET + both off over,3,56,60,35,35,21,25,-0.061156865126549644,116,0.4827586206896552,0.5,46,0.45652173913043476,0.780739128476268,1.0,1.0,UNDER,False,False
spread 7.5+ + 1pm ET + weeks 5-12,3,101,106,56,65,45,41,-0.051552948802195186,207,0.48792270531400966,0.4628099173553719,86,0.5232558139534884,0.78107747980737,0.46720710207696564,1.0,UNDER,True,False
home fav + weeks 5-12 + division,3,160,166,101,106,59,60,-0.04718581912724724,326,0.49079754601226994,0.48792270531400966,119,0.4957983193277311,0.7818885941510123,0.78107747980737,1.0,UNDER,False,False
spread <=3 + away off bye,2,57,61,44,36,13,25,-0.06342970087548819,118,0.4830508474576271,0.55,38,0.34210526315789475,0.7825558614117508,0.43404225534547874,1.0,UNDER,True,False
total 48-50.5 + outdoor + both off over,3,57,61,41,34,16,27,-0.05936212410459057,118,0.4830508474576271,0.5466666666666666,43,0.37209302325581395,0.7825558614117508,0.48868297090314317,1.0,UNDER,True,False
spread <=3 + grass + weeks 1-4,3,103,108,73,66,30,42,-0.050251462731961884,211,0.4881516587677725,0.5251798561151079,72,0.4166666666666667,0.7831087298262324,0.6109736899560239,1.0,UNDER,True,False
spread 3.5-7 + grass + weeks 1-4,3,110,105,72,64,38,41,-0.006942092484624991,215,0.5116279069767442,0.5294117647058824,79,0.4810126582278481,0.7850844790200862,0.548502361486737,1.0,OVER,True,False
grass + week 1,2,64,60,49,40,15,20,0.0029497953513108128,124,0.5161290322580645,0.550561797752809,35,0.42857142857142855,0.7877465824023325,0.39657015814551605,1.0,OVER,True,False
total 45-47.5 + home dog + grass,3,108,113,67,76,41,37,-0.049394936948996084,221,0.48868778280542985,0.46853146853146854,78,0.5256410256410257,0.7879494257042353,0.5036394897297809,1.0,UNDER,True,False
total 51+ + home fav + dome/closed,3,66,62,37,32,29,30,0.0011419763789706763,128,0.515625,0.5362318840579711,59,0.4915254237288136,0.7910074494028781,0.6304564917867981,1.0,OVER,True,False
home dog + turf + 1pm ET,3,177,183,88,91,89,92,-0.04712244362275307,360,0.49166666666666664,0.49162011173184356,181,0.49171270718232046,0.7921913258233003,0.8812234734185146,1.0,UNDER,False,False
total 48-50.5 + outdoor + turf,3,63,67,42,38,21,29,-0.05650859600536725,130,0.4846153846153846,0.525,50,0.42,0.7925825227940956,0.7375543089843226,1.0,UNDER,True,False
spread 10+ + outdoor + turf,3,63,67,38,45,25,22,-0.0546483179942854,130,0.4846153846153846,0.4578313253012048,47,0.5319148936170213,0.7925825227940956,0.5104099416812344,1.0,UNDER,True,False
outdoor + Monday + non-division,3,64,68,38,34,26,34,-0.06364285161300447,132,0.48484848484848486,0.5277777777777778,60,0.43333333333333335,0.7941225170088052,0.7239481457469141,1.0,UNDER,True,False
home fav + dome/closed + 1pm ET,3,187,181,115,121,72,60,-0.011681864902713782,368,0.5081521739130435,0.4872881355932203,132,0.5454545454545454,0.7944104187577762,0.7449019490852553,1.0,OVER,False,False
spread <=3 + turf + primetime,3,65,69,42,34,23,35,-0.059954020126908786,134,0.48507462686567165,0.5526315789473685,58,0.39655172413793105,0.7956287149703891,0.42219110499231566,1.0,UNDER,True,False
weeks 5-12 + division,2,265,272,159,168,106,104,-0.042206464621663116,537,0.4934823091247672,0.48623853211009177,210,0.5047619047619047,0.79572665918333,0.6582650168858827,1.0,UNDER,False,False
total <=38 + home fav,2,66,70,39,36,27,34,-0.06025998876935611,136,0.4852941176470588,0.52,61,0.4426229508196721,0.7971023348689008,0.8175538505509841,1.0,UNDER,False,False
home dog + turf + both off under,3,72,68,28,32,44,36,-0.005742664817987763,140,0.5142857142857142,0.4666666666666667,80,0.55,0.7999564140878652,0.6988834276200058,1.0,OVER,True,False
home dog + division + both off under,3,69,73,33,42,36,31,-0.05743913261243954,142,0.4859154929577465,0.44,67,0.5373134328358209,0.8013390218104018,0.3556992390814873,1.0,UNDER,True,False
home dog + turf + weeks 1-4,3,69,73,32,29,37,44,-0.05553328393968984,142,0.4859154929577465,0.5245901639344263,81,0.4567901234567901,0.8013390218104018,0.7981526273057179,1.0,UNDER,True,False
dome/closed + grass + non-division,3,73,69,34,39,39,30,-0.00476664337794341,142,0.5140845070422535,0.4657534246575342,69,0.5652173913043478,0.8013390218104018,0.6399729317539425,1.0,OVER,True,False
home fav + turf + both off over,3,130,125,81,79,49,46,-0.006997495878623358,255,0.5098039215686274,0.50625,95,0.5157894736842106,0.8022683388581098,0.937020169213198,1.0,OVER,False,False
1pm ET + weeks 13+ reg + both off over,3,70,74,33,46,37,28,-0.055564267015505965,144,0.4861111111111111,0.4177215189873418,65,0.5692307692307692,0.802693355069728,0.17661055306016424,1.0,UNDER,True,False
grass + SNF (Sun night),2,70,74,41,41,29,33,-0.057891583965083836,144,0.4861111111111111,0.5,62,0.46774193548387094,0.802693355069728,1.0,1.0,UNDER,False,False
turf + non-division + both off over,3,131,126,77,73,54,53,-0.011103663369035278,257,0.5097276264591439,0.5133333333333333,107,0.5046728971962616,0.8030229037909532,0.8065959963978485,1.0,OVER,False,False
total 45-47.5 + dome/closed + 1pm ET,3,71,75,38,51,33,24,-0.05594344258911868,146,0.4863013698630137,0.42696629213483145,57,0.5789473684210527,0.8040203645137732,0.20311681873649565,1.0,UNDER,True,False
total 45-47.5 + outdoor + both off under,3,75,71,50,44,25,27,-0.005359335069059167,146,0.5136986301369864,0.5319148936170213,52,0.4807692307692308,0.8040203645137732,0.6062959376939656,1.0,OVER,True,False
outdoor + non-division + both off over,3,213,207,133,122,80,85,-0.017299729017115517,420,0.5071428571428571,0.5215686274509804,165,0.48484848484848486,0.8072855559207918,0.5312501889400701,1.0,OVER,False,False
weeks 13+ reg + division + either team new QB,3,78,74,36,40,42,34,-0.006939906499693154,152,0.5131578947368421,0.47368421052631576,76,0.5526315789473685,0.8078463096035283,0.7310088822226056,1.0,OVER,True,False
total 45-47.5 + spread <=3 + turf,3,78,74,47,37,31,37,-0.005365969357948641,152,0.5131578947368421,0.5595238095238095,68,0.45588235294117646,0.8078463096035283,0.3261341711919829,1.0,OVER,True,False
spread 7.5+ + outdoor + non-division,3,215,209,126,121,89,88,-0.013560826849742007,424,0.5070754716981132,0.5101214574898786,177,0.5028248587570622,0.8081786237724413,0.7991609821601158,1.0,OVER,False,False
turf + weeks 1-4,2,210,216,117,114,93,102,-0.042472439070336265,426,0.49295774647887325,0.5064935064935064,195,0.47692307692307695,0.8086205273848275,0.8953454592110379,1.0,UNDER,False,False
spread <=3 + weeks 5-12 + both off under,3,79,75,50,32,29,43,-0.004398505450319569,154,0.512987012987013,0.6097560975609756,72,0.4027777777777778,0.8090726851888607,0.059808338334316175,1.0,OVER,True,False
total 38.5-41.5 + grass + weeks 13+ reg,3,79,75,46,45,33,30,-0.00591892063097305,154,0.512987012987013,0.5054945054945055,63,0.5238095238095238,0.8090726851888607,1.0,1.0,OVER,False,True
home fav + week 1,2,75,79,54,42,21,37,-0.05470174033497631,154,0.487012987012987,0.5625,58,0.3620689655172414,0.8090726851888607,0.26146943628638797,1.0,UNDER,True,False
total 45-47.5 + home fav + weeks 5-12,3,135,140,80,92,55,48,-0.04745416714769048,275,0.4909090909090909,0.46511627906976744,103,0.5339805825242718,0.8094467255252822,0.40168353655050565,1.0,UNDER,True,False
spread 3.5-7 + turf + weeks 5-12,3,142,137,89,79,53,58,-0.012042020000629448,279,0.5089605734767025,0.5297619047619048,111,0.4774774774774775,0.810790822396576,0.48756699557998695,1.0,OVER,True,False
1pm ET + weeks 1-4 + division,3,81,77,55,44,26,33,-0.002453968858963874,158,0.5126582278481012,0.5555555555555556,59,0.4406779661016949,0.8114566072042909,0.3148798910376227,1.0,OVER,True,False
home fav + weeks 13+ reg + either team new QB,3,81,77,34,37,47,40,-0.00554851619757471,158,0.5126582278481012,0.4788732394366197,87,0.5402298850574713,0.8114566072042909,0.8125886494061619,1.0,OVER,False,False
total 45-47.5 + spread 3.5-7 + outdoor,3,140,145,84,99,56,46,-0.04935672537779463,285,0.49122807017543857,0.45901639344262296,102,0.5490196078431373,0.8127546875127166,0.3006969375180637,1.0,UNDER,True,False
home fav,1,1277,1290,768,786,509,504,-0.03497373923489156,2567,0.4974678613167121,0.4942084942084942,1013,0.5024679170779862,0.8127809426319041,0.6663044145566162,1.0,UNDER,False,False
total 42-44.5 + spread <=3 + weeks 5-12,3,83,79,62,39,21,40,-0.006885914880721074,162,0.5123456790123457,0.6138613861386139,61,0.3442622950819672,0.8137534121779036,0.028089467947778154,1.0,OVER,True,False
turf + weeks 5-12 + both off over,3,79,83,52,52,27,31,-0.052245944244179006,162,0.4876543209876543,0.5,58,0.46551724137931033,0.8137534121779036,1.0,1.0,UNDER,False,False
spread 3.5-7 + weeks 5-12,2,327,334,200,210,127,124,-0.04095594862231643,661,0.4947049924357035,0.4878048780487805,251,0.5059760956175299,0.8154934641609858,0.6567494345379817,1.0,UNDER,False,False
outdoor + weeks 5-12 + both off over,3,145,150,98,94,47,56,-0.04680391112437145,295,0.4915254237288136,0.5104166666666666,103,0.4563106796116505,0.8158961620481175,0.8286634291730071,1.0,UNDER,False,False
home fav + dome/closed + weeks 1-4,3,85,81,51,44,34,37,-0.0037004049356480395,166,0.5120481927710844,0.5368421052631579,71,0.4788732394366197,0.8159682796071847,0.538394026292168,1.0,OVER,True,False
home fav + outdoor + non-division,3,604,595,381,364,223,231,-0.022719747896676818,1199,0.5037531276063386,0.5114093959731544,454,0.4911894273127753,0.817298353062758,0.5577737259483082,1.0,OVER,False,False
total 45-47.5 + outdoor + non-division,3,240,234,151,148,89,86,-0.017879683583766952,474,0.5063291139240507,0.5050167224080268,175,0.5085714285714286,0.8183876568441051,0.9079449711619317,1.0,OVER,False,False
total 42-44.5 + spread 3.5-7 + turf,3,88,84,51,41,37,43,-0.008291464741628693,172,0.5116279069767442,0.5543478260869565,80,0.4625,0.8191472524347495,0.3481412903192068,1.0,OVER,True,False
total 51+ + non-division,2,156,151,93,74,63,77,-0.015140714758094745,307,0.50814332247557,0.5568862275449101,140,0.45,0.8194650848899856,0.16345866995913236,1.0,OVER,True,False
spread 7.5+ + 1pm ET + non-division,3,153,158,84,101,69,57,-0.043298124984796765,311,0.4919614147909968,0.4540540540540541,126,0.5476190476190477,0.8206093886264659,0.239377682106306,1.0,UNDER,True,False
total 51+ + outdoor + non-division,3,86,90,55,45,31,45,-0.05150616406103914,176,0.48863636363636365,0.55,76,0.40789473684210525,0.8211772774694052,0.36820161732669604,1.0,UNDER,True,False
grass + weeks 13+ reg + both off under,3,89,93,49,62,40,31,-0.052232761973802784,182,0.489010989010989,0.44144144144144143,71,0.5633802816901409,0.8240980930696907,0.2546051230937942,1.0,UNDER,True,False
spread 3.5-7 + turf + weeks 1-4,3,93,89,53,46,40,43,-0.005079007295047144,182,0.510989010989011,0.5353535353535354,83,0.4819277108433735,0.8240980930696907,0.5467134835988139,1.0,OVER,True,False
total <=38 + either team new QB,2,42,39,22,11,20,28,-0.0007491518239759598,81,0.5185185185185185,0.6666666666666666,48,0.4166666666666667,0.8243132151052083,0.08014331245794892,1.0,OVER,True,False
spread 3.5-7 + primetime + weeks 1-4,3,39,42,24,22,15,20,-0.0665984549002,81,0.48148148148148145,0.5217391304347826,35,0.42857142857142855,0.8243132151052083,0.8829959121223965,1.0,UNDER,False,False
spread 3.5-7 + outdoor + weeks 13+ reg,3,167,162,97,101,70,61,-0.01708130092674645,329,0.5075987841945289,0.4898989898989899,131,0.5343511450381679,0.8255022109829313,0.8312377211582064,1.0,OVER,False,False
spread 3.5-7 + grass + primetime,3,91,95,48,59,43,36,-0.053943060519427995,186,0.489247311827957,0.4485981308411215,79,0.5443037974683544,0.8259676274872412,0.33370511619743876,1.0,UNDER,True,False
spread 7.5+ + 1pm ET + weeks 13+ reg,3,91,95,42,61,49,34,-0.050097345346338966,186,0.489247311827957,0.4077669902912621,83,0.5903614457831325,0.8259676274872412,0.07561910758625795,1.0,UNDER,True,False
primetime + both off under,2,95,91,56,54,39,37,-0.010376711892533193,186,0.510752688172043,0.509090909090909,76,0.5131578947368421,0.8259676274872412,0.9240973917982828,1.0,OVER,False,False
total 42-44.5 + division + either team new QB,3,40,43,19,26,21,17,-0.06934148939185696,83,0.4819277108433735,0.4222222222222222,38,0.5526315789473685,0.8264047244491931,0.3712980344710104,1.0,UNDER,True,False
total 48-50.5 + home dog + dome/closed,3,43,40,16,15,27,25,0.009396755963193094,83,0.5180722891566265,0.5161290322580645,52,0.5192307692307693,0.8264047244491931,1.0,1.0,OVER,False,False
total 45-47.5 + home dog + both off under,3,40,43,25,21,15,22,-0.06484458844867833,83,0.4819277108433735,0.5434782608695652,37,0.40540540540540543,0.8264047244491931,0.6587380770236564,1.0,UNDER,True,False
total 42-44.5 + outdoor + weeks 5-12,3,164,169,113,91,51,78,-0.04239730745271352,333,0.4924924924924925,0.553921568627451,129,0.3953488372093023,0.8265361670379837,0.1412935279054497,1.0,UNDER,True,False
wind >=10 + turf + division,3,44,41,27,29,17,12,0.0033644485463501916,85,0.5176470588235295,0.48214285714285715,29,0.5862068965517241,0.8284232741648998,0.8938530948350216,1.0,OVER,False,False
temp 33-45 + turf + division,3,41,44,24,25,17,19,-0.06191783252738557,85,0.4823529411764706,0.4897959183673469,36,0.4722222222222222,0.8284232741648998,1.0,1.0,UNDER,False,True
total 48-50.5 + spread 10+,2,44,41,28,22,16,19,0.003635487973617524,85,0.5176470588235295,0.56,35,0.45714285714285713,0.8284232741648998,0.47988766169832786,1.0,OVER,True,False
turf + SNF (Sun night) + non-division,3,41,44,29,18,12,26,-0.06392055200934366,85,0.4823529411764706,0.6170212765957447,38,0.3157894736842105,0.8284232741648998,0.14386508844054896,1.0,UNDER,True,False
total 45-47.5 + dome/closed + non-division,3,98,94,48,57,50,37,-0.010841109753085216,192,0.5104166666666666,0.45714285714285713,87,0.5747126436781609,0.8286634291730071,0.43511449489230103,1.0,OVER,True,False
total 38.5-41.5 + spread <=3 + weeks 13+ reg,3,42,45,22,29,20,16,-0.06429629372026398,87,0.4827586206896552,0.43137254901960786,36,0.5555555555555556,0.8303730096857546,0.4010619910279374,1.0,UNDER,True,False
total 38.5-41.5 + home dog + both off under,3,42,45,17,28,25,17,-0.06979334625581489,87,0.4827586206896552,0.37777777777777777,42,0.5952380952380952,0.8303730096857546,0.1351564508456704,1.0,UNDER,True,False
total 48-50.5 + weeks 5-12 + non-division,3,96,100,52,57,44,43,-0.046383905693726565,196,0.4897959183673469,0.47706422018348627,87,0.5057471264367817,0.8303925586538723,0.701811182064683,1.0,UNDER,False,False
primetime + weeks 1-4,2,97,101,61,54,36,47,-0.054912317110850754,198,0.4898989898989899,0.5304347826086957,83,0.43373493975903615,0.8312377211582064,0.5760121204363974,1.0,UNDER,True,False
spread <=3 + temp 33-45 + 1pm ET,3,46,43,28,27,18,16,0.003660421396666525,89,0.5168539325842697,0.509090909090909,34,0.5294117647058824,0.8322577540225787,1.0,1.0,OVER,False,True
total 38.5-41.5 + spread 3.5-7 + both off under,3,46,43,29,27,17,16,0.0006955651469995241,89,0.5168539325842697,0.5178571428571429,33,0.5151515151515151,0.8322577540225787,0.8938530948350216,1.0,OVER,False,False
total 45-47.5 + spread <=3 + weeks 1-4,3,46,43,28,27,18,16,0.005910513616442657,89,0.5168539325842697,0.509090909090909,34,0.5294117647058824,0.8322577540225787,1.0,1.0,OVER,False,True
spread <=3 + both off under,2,181,176,108,86,73,90,-0.01715885981777784,357,0.5070028011204482,0.5567010309278351,163,0.44785276073619634,0.8323761592081188,0.1314173135010221,1.0,OVER,True,False
total 48-50.5 + 1pm ET + non-division,3,101,105,58,64,43,41,-0.04445873563191157,206,0.49029126213592233,0.47540983606557374,84,0.5119047619047619,0.8344962831598371,0.65095981621607,1.0,UNDER,True,False
total 48-50.5 + primetime + non-division,3,48,45,31,23,17,22,0.0007033103501074839,93,0.5161290322580645,0.5740740740740741,39,0.4358974358974359,0.8358461346314862,0.3408909412200971,1.0,OVER,True,False
temp <=32 + 1pm ET,2,45,48,29,33,16,15,-0.05806280416345319,93,0.4838709677419355,0.46774193548387094,31,0.5161290322580645,0.8358461346314862,0.7035366713552733,1.0,UNDER,True,False
total 42-44.5 + spread <=3 + both off under,3,48,45,32,17,16,28,0.0018776532062821365,93,0.5161290322580645,0.6530612244897959,44,0.36363636363636365,0.8358461346314862,0.04438416098714981,1.0,OVER,True,False
home dog + Thursday,2,45,48,30,23,15,25,-0.06113049804103689,93,0.4838709677419355,0.5660377358490566,40,0.375,0.8358461346314862,0.4101027163746913,1.0,UNDER,True,False
turf + primetime + both off over,3,48,45,33,26,15,19,0.0036166326341685808,93,0.5161290322580645,0.559322033898305,34,0.4411764705882353,0.8358461346314862,0.43499280512215344,1.0,OVER,True,False
spread <=3 + home off bye,2,48,45,29,24,19,21,-0.0012347794308601807,93,0.5161290322580645,0.5471698113207547,40,0.475,0.8358461346314862,0.5831321542611763,1.0,OVER,True,False
spread <=3 + grass + both off under,3,103,107,63,51,40,56,-0.048484341553813266,210,0.49047619047619045,0.5526315789473685,96,0.4166666666666667,0.8360563438452244,0.3028775526303248,1.0,UNDER,True,False
spread 10+ + weeks 13+ reg,2,107,103,54,63,53,40,-0.010530071952571657,210,0.5095238095238095,0.46153846153846156,93,0.5698924731182796,0.8360563438452244,0.4596913873255535,1.0,OVER,True,False
spread 10+ + turf + weeks 13+ reg,3,46,49,23,29,23,20,-0.06192183769435796,95,0.4842105263157895,0.4423076923076923,43,0.5348837209302325,0.8375560707290739,0.48845566937989204,1.0,UNDER,True,False
spread 3.5-7 + wind >=10 + turf,3,47,50,31,34,16,16,-0.05977432563982032,97,0.4845360824742268,0.47692307692307695,32,0.5,0.8392136618440833,0.8043170001933984,1.0,UNDER,False,False
total 48-50.5 + turf + division,3,50,47,29,30,21,17,0.002006827531993746,97,0.5154639175257731,0.4915254237288136,38,0.5526315789473685,0.8392136618440833,1.0,1.0,OVER,False,False
home dog + non-division + both off under,3,108,112,56,59,52,53,-0.05004292084199095,220,0.4909090909090909,0.48695652173913045,105,0.49523809523809526,0.8397713323897803,0.8521555266297131,1.0,UNDER,False,False
spread 3.5-7 + turf + weeks 13+ reg,3,108,112,59,70,49,42,-0.05020785081846606,220,0.4909090909090909,0.4573643410852713,91,0.5384615384615384,0.8397713323897803,0.3786876626931186,1.0,UNDER,True,False
total 42-44.5 + division,2,196,201,112,118,84,83,-0.04508580039292897,397,0.49370277078085645,0.48695652173913045,167,0.5029940119760479,0.8409224843950928,0.7417150560659568,1.0,UNDER,False,False
total 38.5-41.5 + both off under,2,114,110,62,69,52,41,-0.01673890394578018,224,0.5089285714285714,0.4732824427480916,93,0.5591397849462365,0.8411881855526888,0.6002946177102675,1.0,OVER,True,False
spread 10+ + outdoor + non-division,3,110,114,67,65,43,49,-0.041982377360484324,224,0.49107142857142855,0.5075757575757576,92,0.4673913043478261,0.8411881855526888,0.9306844655255783,1.0,UNDER,False,False
spread 3.5-7 + outdoor + division,3,197,202,119,130,78,72,-0.04032656253221422,399,0.49373433583959897,0.4779116465863454,150,0.52,0.841316211089382,0.5263444511446042,1.0,UNDER,False,False
home fav + outdoor + both off over,3,204,199,137,124,67,75,-0.01642990309244108,403,0.5062034739454094,0.524904214559387,142,0.47183098591549294,0.8420949732800336,0.45767924007405086,1.0,OVER,True,False
dome/closed + 1pm ET + weeks 5-12,3,116,112,69,70,47,42,-0.009137227144043397,228,0.5087719298245614,0.49640287769784175,89,0.5280898876404494,0.8425681064325894,1.0,1.0,OVER,False,False
total 45-47.5 + turf + weeks 1-4,3,53,50,23,28,30,22,-0.0014798597597588533,103,0.5145631067961165,0.45098039215686275,52,0.5769230769230769,0.8438976552528621,0.5758493477318467,1.0,OVER,True,False
temp 33-45 + both off over,2,50,53,29,30,21,23,-0.057834469993223,103,0.4854368932038835,0.4915254237288136,44,0.4772727272727273,0.8438976552528621,1.0,1.0,UNDER,False,False
turf + primetime + non-division,3,114,118,70,51,44,67,-0.04773771221892899,232,0.49137931034482757,0.5785123966942148,111,0.3963963963963964,0.8439126720711635,0.1013676535330924,1.0,UNDER,True,False
total 48-50.5 + home dog,2,119,115,58,62,61,53,-0.00943994992852353,234,0.5085470085470085,0.48333333333333334,114,0.5350877192982456,0.8445721639622716,0.7843281773322764,1.0,OVER,False,False
spread <=3 + turf + division,3,120,116,66,61,54,55,-0.01341285247251086,236,0.5084745762711864,0.5196850393700787,109,0.4954128440366973,0.8452233668180926,0.7227870831457867,1.0,OVER,False,False
home fav + outdoor + playoffs,3,51,54,27,31,24,23,-0.05337376725480511,105,0.4857142857142857,0.46551724137931033,47,0.5106382978723404,0.845370318882552,0.6940040940761318,1.0,UNDER,True,False
total 42-44.5 + grass + primetime,3,51,54,36,23,15,31,-0.06907627781629352,105,0.4857142857142857,0.6101694915254238,46,0.32608695652173914,0.845370318882552,0.11747735024505848,1.0,UNDER,True,False
total 42-44.5 + weeks 5-12,2,212,217,140,119,72,98,-0.04071652842430305,429,0.49417249417249415,0.5405405405405406,170,0.4235294117647059,0.8468919457990535,0.2138841337925182,1.0,UNDER,True,False
total 51+,1,217,222,125,118,92,104,-0.03887635448603954,439,0.49430523917995445,0.51440329218107,196,0.46938775510204084,0.8486238819956089,0.7003952678088792,1.0,UNDER,False,False
total 42-44.5 + spread 3.5-7 + both off under,3,54,57,29,40,25,17,-0.05922805921051822,111,0.4864864864864865,0.42028985507246375,42,0.5952380952380952,0.8495501873144533,0.22840022535329702,1.0,UNDER,True,False
total 42-44.5 + turf + both off under,3,58,55,35,29,23,26,-0.005102217745557016,113,0.5132743362831859,0.546875,49,0.46938775510204084,0.8508699225134501,0.5323087760278422,1.0,OVER,True,False
Thursday,1,130,126,75,71,55,55,-0.021728160817756425,256,0.5078125,0.5136986301369864,110,0.5,0.8513150594929153,0.8040203645137732,1.0,OVER,False,False
home fav + grass + home off bye,3,56,59,34,34,22,25,-0.05445865356035355,115,0.48695652173913045,0.5,47,0.46808510638297873,0.8521555266297131,1.0,1.0,UNDER,False,False
spread 7.5+ + outdoor + weeks 13+ reg,3,128,132,64,83,64,49,-0.04279431525150334,260,0.49230769230769234,0.43537414965986393,113,0.5663716814159292,0.8524493050180935,0.1373777662491239,1.0,UNDER,True,False
home fav + weeks 5-12 + both off over,3,128,132,88,82,40,50,-0.04455904795474074,260,0.49230769230769234,0.5176470588235295,90,0.4444444444444444,0.8524493050180935,0.7014821003407139,1.0,UNDER,False,False
total 42-44.5 + turf + non-division,3,128,132,80,67,48,65,-0.04349207445437968,260,0.49230769230769234,0.54421768707483,113,0.4247787610619469,0.8524493050180935,0.322307648608775,1.0,UNDER,True,False
temp 33-45 + turf + 1pm ET,3,60,57,33,44,27,13,-0.009825662536656477,117,0.5128205128205128,0.42857142857142855,40,0.675,0.8534084458955625,0.2543046661477,1.0,OVER,True,False
spread <=3 + division + both off under,3,57,60,33,31,24,29,-0.05592464684625646,117,0.48717948717948717,0.515625,53,0.4528301886792453,0.8534084458955625,0.9006532462520334,1.0,UNDER,False,False
home fav + playoffs + non-division,3,58,61,38,37,20,24,-0.053085869868161634,119,0.48739495798319327,0.5066666666666667,44,0.45454545454545453,0.8546300421797667,1.0,1.0,UNDER,False,False
home fav + primetime + both off under,3,59,62,35,34,24,28,-0.056114690072395196,121,0.48760330578512395,0.5072463768115942,52,0.46153846153846156,0.85582159921108,1.0,1.0,UNDER,False,False
wind >=10 + grass + weeks 1-4,3,62,59,47,36,15,23,-0.008512587741922662,121,0.512396694214876,0.5662650602409639,38,0.39473684210526316,0.85582159921108,0.272268945972048,1.0,OVER,True,False
spread 3.5-7 + outdoor + weeks 5-12,3,241,246,149,165,92,81,-0.04197321315149127,487,0.4948665297741273,0.4745222929936306,173,0.5317919075144508,0.8561892348342132,0.3973105177157907,1.0,UNDER,True,False
division + either team new QB,2,135,139,66,84,69,55,-0.046902994957221535,274,0.4927007299270073,0.44,124,0.5564516129032258,0.856223914063002,0.1649069826564429,1.0,UNDER,True,False
home dog + weeks 5-12 + either team new QB,3,60,63,32,37,28,26,-0.05353003310719731,123,0.4878048780487805,0.463768115942029,54,0.5185185185185185,0.8569843282497002,0.6304564917867981,1.0,UNDER,True,False
home dog + weeks 13+ reg + both off under,3,65,62,32,41,33,21,-0.010727080271673843,127,0.5118110236220472,0.4383561643835616,54,0.6111111111111112,0.8592278156599696,0.34918183817058834,1.0,OVER,True,False
total 48-50.5 + home dog + grass,3,65,62,33,37,32,25,-0.0027930080279590474,127,0.5118110236220472,0.4714285714285714,57,0.5614035087719298,0.8592278156599696,0.7202027723528612,1.0,OVER,True,False
spread 10+ + turf + 1pm ET,3,62,65,35,44,27,21,-0.052949796437194094,127,0.4881889763779528,0.4430379746835443,48,0.5625,0.8592278156599696,0.3681876338306311,1.0,UNDER,True,False
wind >=10 + non-division + both off over,3,62,65,39,38,23,27,-0.05168838810226795,127,0.4881889763779528,0.5064935064935064,50,0.46,0.8592278156599696,1.0,1.0,UNDER,False,False
1pm ET + weeks 1-4,2,260,255,159,149,101,106,-0.018639293850392633,515,0.5048543689320388,0.5162337662337663,207,0.48792270531400966,0.860110624939062,0.60814742482619,1.0,OVER,False,False
spread 7.5+ + weeks 5-12 + division,3,64,67,34,43,30,24,-0.05308832624537384,131,0.48854961832061067,0.44155844155844154,54,0.5555555555555556,0.8613689310511559,0.36203179773966154,1.0,UNDER,True,False
spread 3.5-7 + temp >=80,2,67,64,45,41,22,23,-0.007686719409693327,131,0.5114503816793893,0.5232558139534884,45,0.4888888888888889,0.8613689310511559,0.7465343822890578,1.0,OVER,False,False
turf + weeks 13+ reg,2,275,270,145,156,130,114,-0.022788368465041904,545,0.5045871559633027,0.48172757475083056,244,0.5327868852459017,0.8639755548709791,0.5644238566478448,1.0,OVER,False,False
spread <=3 + turf + both off over,3,67,70,32,35,35,35,-0.05318791887529244,137,0.48905109489051096,0.47761194029850745,70,0.5,0.8644049750099488,0.8071946913670247,1.0,UNDER,False,False
total 48-50.5 + weeks 1-4,2,67,70,43,42,24,28,-0.04845879515457229,137,0.48905109489051096,0.5058823529411764,52,0.46153846153846156,0.8644049750099488,1.0,1.0,UNDER,False,False
outdoor + turf + division,3,158,154,95,93,63,61,-0.01610169259422906,312,0.5064102564102564,0.5053191489361702,124,0.5080645161290323,0.8651695565157257,0.9418856184644895,1.0,OVER,False,False
non-division + both off over,2,294,289,172,167,122,122,-0.023767597120890084,583,0.5042881646655232,0.5073746312684366,244,0.5,0.8684402781187345,0.828053210403088,1.0,OVER,False,False
spread 7.5+ + dome/closed + non-division,3,72,75,37,46,35,29,-0.04869718436139426,147,0.4897959183673469,0.4457831325301205,64,0.546875,0.869049970834203,0.37999939641191804,1.0,UNDER,True,False
total 42-44.5 + spread 7.5+ + 1pm ET,3,73,76,40,46,33,30,-0.04874395432539905,149,0.4899328859060403,0.46511627906976744,63,0.5238095238095238,0.8699229710286401,0.5900356111485566,1.0,UNDER,True,False
Saturday,1,76,73,39,39,37,34,-0.009477541143856068,149,0.5100671140939598,0.5,71,0.5211267605633803,0.8699229710286401,1.0,1.0,OVER,False,False
outdoor + primetime + non-division,3,170,174,105,86,65,88,-0.04276131315025281,344,0.4941860465116279,0.5497382198952879,153,0.42483660130718953,0.8715335687885316,0.19263362197418868,1.0,UNDER,True,False
turf + weeks 13+ reg + both off under,3,75,78,43,48,32,30,-0.054161234423161626,153,0.49019607843137253,0.4725274725274725,62,0.5161290322580645,0.8716178400407855,0.6752224599160568,1.0,UNDER,True,False
total 42-44.5 + grass + both off under,3,76,79,43,45,33,34,-0.04888159003984408,155,0.49032258064516127,0.48863636363636365,67,0.4925373134328358,0.8724408026046271,0.915186504842877,1.0,UNDER,False,False
total 51+ + 1pm ET,2,78,81,47,41,31,40,-0.04044131861937678,159,0.49056603773584906,0.5340909090909091,71,0.43661971830985913,0.8740403384263956,0.5942882951469401,1.0,UNDER,True,False
turf + division,2,323,318,180,184,143,134,-0.02198158037472485,641,0.5039001560062403,0.4945054945054945,277,0.516245487364621,0.8744801008137414,0.875081336966405,1.0,OVER,False,False
grass + weeks 13+ reg + non-division,3,179,183,101,111,78,72,-0.04155269075626788,362,0.494475138121547,0.47641509433962265,150,0.52,0.8747397248974333,0.5365946370622453,1.0,UNDER,False,False
total 38.5-41.5 + spread <=3 + 1pm ET,3,83,80,48,46,35,34,-0.018412216628187802,163,0.50920245398773,0.5106382978723404,69,0.5072463768115942,0.8755811728893366,0.9179230673157438,1.0,OVER,False,False
spread 3.5-7 + weeks 5-12 + both off under,3,84,81,48,50,36,31,-0.013121099853699095,165,0.509090909090909,0.4897959183673469,67,0.5373134328358209,0.8763306838960282,0.9196068309220421,1.0,OVER,False,False
1pm ET + weeks 13+ reg + both off under,3,83,86,44,58,39,28,-0.05259608711151597,169,0.4911242603550296,0.43137254901960786,67,0.582089552238806,0.8777899471847899,0.19778986306808305,1.0,UNDER,True,False
outdoor + turf + primetime,3,84,87,54,46,30,41,-0.04512050161393664,171,0.49122807017543857,0.54,71,0.4225352112676056,0.8785004707476699,0.48411841360729163,1.0,UNDER,True,False
outdoor + weeks 1-4,2,341,346,220,205,121,141,-0.03789742016692874,687,0.4963609898107715,0.5176470588235295,262,0.4618320610687023,0.8787205075589495,0.4971204086893918,1.0,UNDER,False,False
turf + 1pm ET + either team new QB,3,86,89,37,48,49,41,-0.0479538906254903,175,0.49142857142857144,0.43529411764705883,90,0.5444444444444444,0.8798851146775628,0.2779992890805517,1.0,UNDER,True,False
spread 3.5-7 + dome/closed + division,3,86,89,46,50,40,39,-0.04584989157943221,175,0.49142857142857144,0.4791666666666667,79,0.5063291139240507,0.8798851146775628,0.75964928832363,1.0,UNDER,False,False
total 38.5-41.5 + home dog + grass,3,89,86,59,57,30,29,-0.013249921281965721,175,0.5085714285714286,0.5086206896551724,59,0.5084745762711864,0.8798851146775628,0.9260777633148563,1.0,OVER,False,False
spread <=3 + dome/closed,2,216,212,110,101,106,111,-0.02144852694380119,428,0.5046728971962616,0.5213270142180095,217,0.48847926267281105,0.8847245002880633,0.5819149929677925,1.0,OVER,False,False
spread <=3 + 1pm ET + weeks 13+ reg,3,101,104,57,67,44,37,-0.04410775109179927,205,0.4926829268292683,0.4596774193548387,81,0.5432098765432098,0.8889523448298263,0.4190737425166348,1.0,UNDER,True,False
non-division,1,1300,1308,777,742,523,566,-0.03326274659667647,2608,0.49846625766871167,0.511520737327189,1089,0.480257116620753,0.8909784064551252,0.3830135805852143,1.0,UNDER,False,False
outdoor + weeks 13+ reg + both off under,3,117,120,68,77,49,43,-0.04506992565519584,237,0.4936708860759494,0.4689655172413793,92,0.532608695652174,0.8966702477067261,0.5065964185708862,1.0,UNDER,True,False
total 42-44.5 + home fav + division,3,123,126,69,81,54,45,-0.046162378523625605,249,0.4939759036144578,0.46,99,0.5454545454545454,0.8991755737053813,0.36916146966178803,1.0,UNDER,True,False
total 48-50.5 + spread 3.5-7,2,123,126,72,70,51,56,-0.03788030832673384,249,0.4939759036144578,0.5070422535211268,107,0.4766355140186916,0.8991755737053813,0.9331607923848076,1.0,UNDER,False,False
wind >=10 + turf,2,128,125,84,78,44,47,-0.018495682849066945,253,0.5059288537549407,0.5185185185185185,91,0.4835164835164835,0.8999710420105747,0.6945673674329704,1.0,OVER,False,False
total 42-44.5 + 1pm ET + weeks 5-12,3,126,129,83,73,43,56,-0.03993833841040074,255,0.49411764705882355,0.532051282051282,99,0.43434343434343436,0.9003617801277194,0.47128610321960557,1.0,UNDER,True,False
total 42-44.5 + turf + 1pm ET,3,133,130,79,78,54,52,-0.019548034939303873,263,0.5057034220532319,0.5031847133757962,106,0.5094339622641509,0.9018801600825096,1.0,1.0,OVER,False,False
spread 3.5-7 + grass + weeks 13+ reg,3,136,133,73,80,63,53,-0.02061280843993015,269,0.5055762081784386,0.477124183006536,116,0.5431034482758621,0.9029744638059511,0.6277709072003692,1.0,OVER,False,False
total 45-47.5 + home fav,2,320,316,186,211,134,105,-0.024229316118991966,636,0.5031446540880503,0.46851385390428213,239,0.5606694560669456,0.9053210399481983,0.22834276077100082,1.0,OVER,True,False
total 45-47.5 + turf + non-division,3,143,140,76,88,67,52,-0.02007580339827425,283,0.5053003533568905,0.4634146341463415,119,0.5630252100840336,0.9053918421116891,0.39043016796270547,1.0,OVER,True,False
home fav + turf + weeks 1-4,3,140,143,84,85,56,58,-0.03924660291485629,283,0.49469964664310956,0.4970414201183432,114,0.49122807017543857,0.9053918421116891,1.0,1.0,UNDER,False,False
total 48-50.5 + home fav + non-division,3,145,142,89,84,56,58,-0.018205719673758582,287,0.5052264808362369,0.5144508670520231,114,0.49122807017543857,0.9060499918114496,0.7611429709016684,1.0,OVER,False,False
outdoor + both off over,2,323,327,207,198,116,129,-0.03465233074800617,650,0.4969230769230769,0.5111111111111111,245,0.47346938775510206,0.906341205307405,0.691032676800152,1.0,UNDER,False,False
spread 3.5-7 + outdoor + both off under,3,146,143,88,90,58,53,-0.021937845954142932,289,0.5051903114186851,0.4943820224719101,111,0.5225225225225225,0.9063739573569285,0.9402799587020466,1.0,OVER,False,False
total 51+ + outdoor + both off over,3,39,41,24,26,15,15,-0.04879069061790127,80,0.4875,0.48,30,0.5,0.9110721212260926,0.887724827340783,1.0,UNDER,False,False
dome/closed + weeks 5-12 + non-division,3,162,159,87,80,75,79,-0.019722133401563775,321,0.5046728971962616,0.5209580838323353,154,0.487012987012987,0.9111402807660673,0.6425688093388633,1.0,OVER,False,False
total 45-47.5 + home dog + both off over,3,42,40,21,27,21,13,-0.012570933515175672,82,0.5121951219512195,0.4375,34,0.6176470588235294,0.9121566075526037,0.470879013621712,1.0,OVER,True,False
home fav + outdoor + Saturday,3,40,42,25,21,15,21,-0.047997252589899744,82,0.4878048780487805,0.5434782608695652,36,0.4166666666666667,0.9121566075526037,0.6587380770236564,1.0,UNDER,True,False
total 48-50.5 + weeks 13+ reg + division,3,42,40,24,26,18,14,-0.002654501256979369,82,0.5121951219512195,0.48,32,0.5625,0.9121566075526037,0.887724827340783,1.0,OVER,False,False
wind >=15 + turf,2,42,40,28,27,14,13,-0.008972831417775374,82,0.5121951219512195,0.509090909090909,27,0.5185185185185185,0.9121566075526037,1.0,1.0,OVER,False,False
total 42-44.5 + home off bye,2,42,40,24,22,18,18,-0.008621804981162887,82,0.5121951219512195,0.5217391304347826,36,0.5,0.9121566075526037,0.8829959121223965,1.0,OVER,False,False
total 42-44.5 + dome/closed + division,3,43,41,25,25,18,16,-0.0132028358551126,84,0.5119047619047619,0.5,34,0.5294117647058824,0.9132023622245976,1.0,1.0,OVER,False,True
total <=38 + home fav + non-division,3,41,43,25,25,16,18,-0.054423890529160704,84,0.4880952380952381,0.5,34,0.47058823529411764,0.9132023622245976,1.0,1.0,UNDER,False,False
total 51+ + turf + both off over,3,43,41,26,20,17,21,-0.00845226106099697,84,0.5119047619047619,0.5652173913043478,38,0.4473684210526316,0.9132023622245976,0.4613911821367651,1.0,OVER,True,False
spread <=3 + wind >=10 + turf,3,43,41,29,21,14,20,-0.009226605414841084,84,0.5119047619047619,0.58,34,0.4117647058823529,0.9132023622245976,0.3222363203575469,1.0,OVER,True,False
weeks 1-4 + either team new QB,2,43,41,23,26,20,15,-0.006035413959655432,84,0.5119047619047619,0.46938775510204084,35,0.5714285714285714,0.9132023622245976,0.7754496546815659,1.0,OVER,True,False
week 1 + division,2,41,43,27,21,14,22,-0.04968892273008441,84,0.4880952380952381,0.5625,36,0.3888888888888889,0.9132023622245976,0.470879013621712,1.0,UNDER,True,False
total 45-47.5 + spread <=3 + both off over,3,44,42,30,27,14,15,-0.0072510337634326,86,0.5116279069767442,0.5263157894736842,29,0.4827586206896552,0.9142116370824499,0.7913664277791806,1.0,OVER,True,False
total 38.5-41.5 + temp 33-45,2,45,43,25,23,20,20,-0.006412325323090332,88,0.5113636363636364,0.5208333333333334,40,0.5,0.915186504842877,0.8854334972865135,1.0,OVER,False,False
grass + SNF (Sun night) + non-division,3,43,45,24,26,19,19,-0.053014105921187556,88,0.48863636363636365,0.48,38,0.5,0.915186504842877,0.887724827340783,1.0,UNDER,False,False
grass + non-division + both off under,3,175,178,112,101,63,77,-0.039024808131356455,353,0.49575070821529743,0.5258215962441315,140,0.45,0.9152457038865051,0.4933157386299194,1.0,UNDER,True,False
total 42-44.5 + temp >=80 + grass,3,46,44,33,28,13,16,-0.007670684038547777,90,0.5111111111111111,0.5409836065573771,29,0.4482758620689655,0.9161288770112904,0.6089207154048286,1.0,OVER,True,False
outdoor + 1pm ET + both off under,3,182,185,103,102,79,83,-0.04040164662396359,367,0.49591280653950953,0.5024390243902439,162,0.4876543209876543,0.9168712765943414,1.0,1.0,UNDER,False,False
total 42-44.5 + division + both off under,3,45,47,22,27,23,20,-0.052774187825156235,92,0.4891304347826087,0.4489795918367347,43,0.5348837209302325,0.9170405196524724,0.5681724128491652,1.0,UNDER,True,False
total 51+ + home fav + primetime,3,45,47,30,18,15,29,-0.05387670575197374,92,0.4891304347826087,0.625,44,0.3409090909090909,0.9170405196524724,0.11140289106101878,1.0,UNDER,True,False
total 42-44.5 + spread 7.5+ + weeks 13+ reg,3,48,46,18,27,30,19,-0.010187551774690762,94,0.5106382978723404,0.4,49,0.6122448979591837,0.9179230673157438,0.23269319190831084,1.0,OVER,True,False
total 45-47.5 + weeks 5-12 + both off under,3,47,49,31,25,16,24,-0.049490078624926964,96,0.4895833333333333,0.5535714285714286,40,0.4,0.9187780353645368,0.5044037600228255,1.0,UNDER,True,False
total 38.5-41.5 + spread 3.5-7 + weeks 13+ reg,3,47,49,27,29,20,20,-0.05283923271547358,96,0.4895833333333333,0.48214285714285715,40,0.5,0.9187780353645368,0.8938530948350216,1.0,UNDER,False,False
total 45-47.5 + spread 3.5-7 + both off over,3,49,47,25,35,24,12,-0.014688044831391599,96,0.5104166666666666,0.4166666666666667,36,0.6666666666666666,0.9187780353645368,0.2450608330229457,1.0,OVER,True,False
Saturday + non-division,2,49,47,25,27,24,20,-0.01091840410839053,96,0.5104166666666666,0.4807692307692308,44,0.5454545454545454,0.9187780353645368,0.8898839652765371,1.0,OVER,False,False
1pm ET + weeks 1-4 + both off over,3,51,49,35,32,16,17,-0.009003017990048627,100,0.51,0.5223880597014925,33,0.48484848484848486,0.9204107626128217,0.8071946913670247,1.0,OVER,False,False
temp >=80 + 1pm ET + weeks 1-4,3,51,49,33,27,18,22,-0.012082391497124199,100,0.51,0.55,40,0.45,0.9204107626128217,0.5189580031896519,1.0,OVER,True,False
dome/closed + primetime + weeks 5-12,3,51,49,30,24,21,25,-0.011045122854373512,100,0.51,0.5555555555555556,46,0.45652173913043476,0.9204107626128217,0.49661743531793345,1.0,OVER,True,False
total 48-50.5 + grass + weeks 13+ reg,3,49,51,29,31,20,20,-0.043534278173518695,100,0.49,0.48333333333333334,40,0.5,0.9204107626128217,0.8974218269914307,1.0,UNDER,False,False
home fav + week 1 + non-division,3,49,51,34,29,15,22,-0.051025160748805025,100,0.49,0.5396825396825397,37,0.40540540540540543,0.9204107626128217,0.6146550157654618,1.0,UNDER,True,False
dome/closed + division + both off under,3,49,51,26,33,23,18,-0.04912826047411015,100,0.49,0.4406779661016949,41,0.5609756097560976,0.9204107626128217,0.43499280512215344,1.0,UNDER,True,False
spread 3.5-7,1,803,808,477,486,326,322,-0.03326504417119999,1611,0.49844816883923027,0.4953271028037383,648,0.5030864197530864,0.9206198915694591,0.7965801445402956,1.0,UNDER,False,False
spread <=3 + weeks 5-12 + away off bye,3,50,52,39,32,11,20,-0.04893811255036675,102,0.49019607843137253,0.5492957746478874,31,0.3548387096774194,0.9211910492538715,0.47668779343427553,1.0,UNDER,True,False
total 42-44.5 + spread 7.5+ + division,3,51,53,23,32,28,21,-0.062236370322022956,104,0.49038461538461536,0.41818181818181815,49,0.5714285714285714,0.921948827626431,0.2806097176983541,1.0,UNDER,True,False
spread 7.5+,1,468,472,257,289,211,183,-0.03408200133168441,940,0.4978723404255319,0.4706959706959707,394,0.5355329949238579,0.9220588629067631,0.18456454050614818,1.0,UNDER,True,False
weeks 1-4,1,474,470,294,269,180,201,-0.025599556929210638,944,0.5021186440677966,0.522202486678508,381,0.47244094488188976,0.9222236139422039,0.3117855438707417,1.0,OVER,False,False
total 48-50.5 + spread 3.5-7 + 1pm ET,3,54,52,33,31,21,21,-0.0044039821045149105,106,0.5094339622641509,0.515625,42,0.5,0.9226851594412758,0.9006532462520334,1.0,OVER,False,False
both off under,1,493,489,283,283,210,206,-0.026882178471324562,982,0.5020366598778004,0.5,416,0.5048076923076923,0.9237383610370139,1.0,1.0,OVER,False,False
home fav + SNF (Sun night) + non-division,3,54,56,34,25,20,31,-0.04921863924866444,110,0.4909090909090909,0.576271186440678,51,0.39215686274509803,0.9240973917982828,0.2975952082844287,1.0,UNDER,True,False
total 48-50.5 + spread <=3 + turf,3,55,57,26,31,29,26,-0.046305724990367045,112,0.49107142857142855,0.45614035087719296,55,0.5272727272727272,0.9247750936572272,0.5966417603730826,1.0,UNDER,True,False
home fav + weeks 1-4 + both off over,3,55,57,41,38,14,19,-0.04182466935021147,112,0.49107142857142855,0.5189873417721519,33,0.42424242424242425,0.9247750936572272,0.8221442424521863,1.0,UNDER,False,False
turf + weeks 13+ reg + either team new QB,3,58,56,22,24,36,32,-0.013886961083144387,114,0.5087719298245614,0.4782608695652174,68,0.5294117647058824,0.9254349612567242,0.8829959121223965,1.0,OVER,False,False
temp <=32 + non-division,2,58,56,38,31,20,25,-0.005585612884616199,114,0.5087719298245614,0.5507246376811594,45,0.4444444444444444,0.9254349612567242,0.47036853185814453,1.0,OVER,True,False
spread 10+ + dome/closed,2,58,56,33,35,25,21,-0.015883307271617384,114,0.5087719298245614,0.4852941176470588,46,0.5434782608695652,0.9254349612567242,0.9035973456835127,1.0,OVER,False,False
total 48-50.5 + outdoor + weeks 13+ reg,3,57,59,37,38,20,21,-0.040266727452878716,116,0.49137931034482757,0.49333333333333335,41,0.4878048780487805,0.9260777633148563,1.0,1.0,UNDER,False,False
spread 3.5-7 + division + either team new QB,3,58,60,29,38,29,22,-0.05011835750458818,118,0.4915254237288136,0.43283582089552236,51,0.5686274509803921,0.9267042229477804,0.3284320626971897,1.0,UNDER,True,False
total 48-50.5 + home dog + 1pm ET,3,60,58,31,31,29,27,-0.00473849375678528,118,0.5084745762711864,0.5,56,0.5178571428571429,0.9267042229477804,1.0,1.0,OVER,False,False
spread 3.5-7 + weeks 1-4 + division,3,59,61,38,34,21,27,-0.040514021518179184,120,0.49166666666666664,0.5277777777777778,48,0.4375,0.927315021089884,0.7239481457469141,1.0,UNDER,True,False
1pm ET + both off under,2,247,250,143,142,104,108,-0.037032080109201865,497,0.4969818913480885,0.5017543859649123,212,0.49056603773584906,0.9285277644221466,1.0,1.0,UNDER,False,False
total 48-50.5 + spread 3.5-7 + grass,3,62,64,37,36,25,28,-0.044432705697227376,126,0.49206349206349204,0.5068493150684932,53,0.4716981132075472,0.9290596866317962,1.0,1.0,UNDER,False,False
temp <=32 + weeks 13+ reg,2,64,66,34,42,30,24,-0.04255483994222188,130,0.49230769230769234,0.4473684210526316,54,0.5555555555555556,0.9301553393082165,0.42219110499231566,1.0,UNDER,True,False
weeks 1-4 + non-division + both off over,3,66,64,44,38,22,26,-0.011173959725894378,130,0.5076923076923077,0.5365853658536586,48,0.4583333333333333,0.9301553393082165,0.581114454176647,1.0,OVER,True,False
home fav + temp 33-45 + turf,3,65,67,43,46,22,21,-0.04375918264866347,132,0.49242424242424243,0.48314606741573035,43,0.5116279069767442,0.9306844655255783,0.8322577540225787,1.0,UNDER,False,False
outdoor + weeks 5-12 + home off bye,3,65,67,50,40,15,27,-0.04267815923723364,132,0.49242424242424243,0.5555555555555556,42,0.35714285714285715,0.9306844655255783,0.3428331194207878,1.0,UNDER,True,False
spread 7.5+ + dome/closed + 1pm ET,3,65,67,41,46,24,21,-0.044177446060225695,132,0.49242424242424243,0.47126436781609193,45,0.5333333333333333,0.9306844655255783,0.6682849967188081,1.0,UNDER,True,False
wind >=10 + 1pm ET + both off under,3,65,67,47,43,18,24,-0.044429712350455376,132,0.49242424242424243,0.5222222222222223,42,0.42857142857142855,0.9306844655255783,0.7520332015985949,1.0,UNDER,False,False
home fav + dome/closed + primetime,3,69,67,41,35,28,32,-0.019711798483135874,136,0.5073529411764706,0.5394736842105263,60,0.4666666666666667,0.9317076151509965,0.566573442398685,1.0,OVER,True,False
total 42-44.5 + outdoor + primetime,3,70,68,48,29,22,39,-0.02181710254278012,138,0.5072463768115942,0.6233766233766234,61,0.36065573770491804,0.9322024875049746,0.03953953287797775,1.0,OVER,True,False
home fav + playoffs,2,68,70,39,41,29,29,-0.04357504651304428,138,0.4927536231884058,0.4875,58,0.5,0.9322024875049746,0.9110721212260926,1.0,UNDER,False,False
home fav + primetime + weeks 13+ reg,3,71,69,35,40,36,29,-0.02235387540752561,140,0.5071428571428571,0.4666666666666667,65,0.5538461538461539,0.9326867554513667,0.6444639138942256,1.0,OVER,True,False
spread <=3 + dome/closed + division,3,71,69,35,37,36,32,-0.013886982974332843,140,0.5071428571428571,0.4861111111111111,68,0.5294117647058824,0.9326867554513667,0.906294324703081,1.0,OVER,False,False
home fav + both off over,2,284,287,181,177,103,110,-0.0343115308033274,571,0.4973730297723292,0.505586592178771,213,0.4835680751173709,0.933306696639193,0.8740480078966046,1.0,UNDER,False,False
spread 7.5+ + non-division,2,287,284,163,167,124,117,-0.02260461973969771,571,0.5026269702276708,0.49393939393939396,241,0.5145228215767634,0.933306696639193,0.8688622676477785,1.0,OVER,False,False
total 48-50.5 + home dog + non-division,3,72,74,35,36,37,38,-0.04159715907128474,146,0.4931506849315068,0.49295774647887325,75,0.49333333333333335,0.9340795771546334,1.0,1.0,UNDER,False,False
total 51+ + both off over,2,72,74,41,41,31,33,-0.041311952684585915,146,0.4931506849315068,0.5,64,0.484375,0.9340795771546334,1.0,1.0,UNDER,False,False
total 42-44.5 + 1pm ET + both off under,3,75,73,42,44,33,29,-0.01730787113859783,148,0.5067567567567568,0.4883720930232558,62,0.532258064516129,0.934524985417101,0.9142116370824499,1.0,OVER,False,False
total 42-44.5 + home dog + division,3,73,75,43,37,30,38,-0.04325270790012118,148,0.49324324324324326,0.5375,68,0.4411764705882353,0.934524985417101,0.5764306261883931,1.0,UNDER,True,False
spread <=3 + weeks 5-12 + both off over,3,78,76,51,41,27,35,-0.019496147014938306,154,0.5064935064935064,0.5543478260869565,62,0.43548387096774194,0.935808920020393,0.3481412903192068,1.0,OVER,True,False
total 38.5-41.5 + grass + division,3,79,81,52,56,27,25,-0.04218431073005377,160,0.49375,0.48148148148148145,52,0.5192307692307693,0.937020169213198,0.7729885295985338,1.0,UNDER,False,False
spread 7.5+ + weeks 1-4,2,82,80,49,48,33,32,-0.023247646383009135,162,0.5061728395061729,0.5051546391752577,65,0.5076923076923077,0.9374089336007705,1.0,1.0,OVER,False,False
home dog + dome/closed + 1pm ET,3,83,81,41,40,42,41,-0.015807121602600616,164,0.5060975609756098,0.5061728395061729,83,0.5060240963855421,0.9377905864446687,1.0,1.0,OVER,False,False
total 45-47.5 + spread <=3 + weeks 5-12,3,81,83,54,45,27,38,-0.03963338099340926,164,0.49390243902439024,0.5454545454545454,65,0.4153846153846154,0.9377905864446687,0.42152334361577015,1.0,UNDER,True,False
wind >=10 + weeks 1-4,2,82,84,61,51,21,33,-0.04230471765921787,166,0.4939759036144578,0.5446428571428571,54,0.3888888888888889,0.9381653419480137,0.39519335735782307,1.0,UNDER,True,False
spread <=3 + turf + weeks 13+ reg,3,86,84,43,42,43,42,-0.020703942314908234,170,0.5058823529411764,0.5058823529411764,85,0.5058823529411764,0.9388949735923957,1.0,1.0,OVER,False,False
total 42-44.5 + weeks 13+ reg + non-division,3,84,86,47,47,37,39,-0.04308419158621637,170,0.49411764705882355,0.5,76,0.4868421052631579,0.9388949735923957,1.0,1.0,UNDER,False,False
spread 3.5-7 + dome/closed + weeks 5-12,3,86,88,51,45,35,43,-0.03810760794062688,174,0.4942528735632184,0.53125,78,0.44871794871794873,0.9395993719521457,0.6100682661051773,1.0,UNDER,True,False
spread <=3 + turf + weeks 1-4,3,86,88,47,45,39,43,-0.042459298967538264,174,0.4942528735632184,0.5108695652173914,82,0.47560975609756095,0.9395993719521457,0.9170405196524724,1.0,UNDER,False,False
total 38.5-41.5 + outdoor + both off under,3,86,88,47,53,39,35,-0.044990895416864206,174,0.4942528735632184,0.47,74,0.527027027027027,0.9395993719521457,0.6172994135892526,1.0,UNDER,True,False
total 48-50.5 + turf + 1pm ET,3,88,86,50,55,38,31,-0.012796632937479194,174,0.5057471264367817,0.47619047619047616,69,0.5507246376811594,0.9395993719521457,0.6964676629916763,1.0,OVER,True,False
home fav + Monday,2,88,86,56,50,32,36,-0.020470745219609652,174,0.5057471264367817,0.5283018867924528,68,0.47058823529411764,0.9395993719521457,0.627430977078634,1.0,OVER,True,False
total 42-44.5 + non-division + both off under,3,89,87,56,47,33,40,-0.018738476031303398,176,0.5056818181818182,0.5436893203883495,73,0.4520547945205479,0.9399425573387798,0.4306890663081309,1.0,OVER,True,False
spread 7.5+ + primetime,2,88,90,50,51,38,39,-0.0466989621082425,178,0.4943820224719101,0.49504950495049505,77,0.4935064935064935,0.9402799587020466,1.0,1.0,UNDER,False,False
dome/closed + weeks 13+ reg + non-division,3,90,92,41,46,49,46,-0.043063955126675796,182,0.4945054945054945,0.47126436781609193,95,0.5157894736842106,0.9409380458482184,0.6682849967188081,1.0,UNDER,True,False
spread 7.5+ + weeks 13+ reg + division,3,94,92,49,60,45,32,-0.018809162395333985,186,0.5053763440860215,0.44954128440366975,77,0.5844155844155844,0.9415748463707169,0.3381854121966612,1.0,OVER,True,False
home fav + turf + either team new QB,3,92,94,39,50,53,44,-0.040069846794148274,186,0.4946236559139785,0.43820224719101125,97,0.5463917525773195,0.9415748463707169,0.28909608069606096,1.0,UNDER,True,False
spread 7.5+ + grass + weeks 13+ reg,3,96,94,47,58,49,36,-0.017692663569409104,190,0.5052631578947369,0.44761904761904764,85,0.5764705882352941,0.9421914836304657,0.329137126166139,1.0,OVER,True,False
home dog + 1pm ET + weeks 1-4,3,97,99,58,50,39,49,-0.03648962414396996,196,0.49489795918367346,0.5370370370370371,88,0.4431818181818182,0.9430808925651973,0.5007663934164357,1.0,UNDER,True,False
dome/closed + 1pm ET + division,3,100,98,56,61,44,37,-0.019414796916544796,198,0.5050505050505051,0.47863247863247865,81,0.5432098765432098,0.9433683628047678,0.7117032769279408,1.0,OVER,False,False
non-division + home off bye,2,102,100,67,56,35,44,-0.019678724260135526,202,0.504950495049505,0.5447154471544715,79,0.4430379746835443,0.9439304738571259,0.3672967393938885,1.0,OVER,True,False
total 48-50.5 + grass + non-division,3,106,104,62,62,44,42,-0.021340066531150947,210,0.5047619047619047,0.5,86,0.5116279069767442,0.945006241922765,1.0,1.0,OVER,False,False
spread 10+ + turf,2,115,113,66,71,49,42,-0.019282533429329958,228,0.5043859649122807,0.48175182481751827,91,0.5384615384615384,0.9472167120692366,0.7326840935910413,1.0,OVER,False,False
spread 3.5-7 + outdoor + both off over,3,120,122,72,81,48,41,-0.03714420594915548,242,0.49586776859504134,0.47058823529411764,89,0.5393258426966292,0.9487629958476216,0.5179210307990446,1.0,UNDER,True,False
home dog + turf + weeks 5-12,3,129,127,74,58,55,69,-0.022620892201759075,256,0.50390625,0.5606060606060606,124,0.4435483870967742,0.9501808900638601,0.1914987718734708,1.0,OVER,True,False
home dog + weeks 13+ reg + non-division,3,129,127,69,68,60,59,-0.0252944285328624,256,0.50390625,0.5036496350364964,119,0.5042016806722689,0.9501808900638601,1.0,1.0,OVER,False,False
spread 3.5-7 + non-division,2,520,517,312,306,208,211,-0.028413372966554065,1037,0.5014464802314368,0.5048543689320388,419,0.4964200477326969,0.9504815797167219,0.8406177157468764,1.0,OVER,False,False
total 42-44.5 + home fav + turf,3,140,142,88,86,52,56,-0.03732726869910165,282,0.49645390070921985,0.5057471264367817,108,0.48148148148148145,0.9525287688334272,0.9395993719521457,1.0,UNDER,False,False
spread <=3 + dome/closed + non-division,3,145,143,75,64,70,79,-0.025112367836224017,288,0.5034722222222222,0.539568345323741,149,0.4697986577181208,0.9530249959057253,0.3964150849517259,1.0,OVER,True,False
home dog + dome/closed + turf,3,146,148,67,70,79,78,-0.0375009303702257,294,0.4965986394557823,0.48905109489051096,157,0.5031847133757962,0.9535059799070672,0.8644049750099488,1.0,UNDER,False,False
total 48-50.5 + turf,2,161,159,91,88,70,71,-0.020814318322721643,320,0.503125,0.5083798882681564,141,0.49645390070921985,0.9554317296054101,0.8812234734185146,1.0,OVER,False,False
1pm ET + weeks 13+ reg + non-division,3,168,170,95,103,73,67,-0.03654169473498838,338,0.4970414201183432,0.4797979797979798,140,0.5214285714285715,0.9566328893494517,0.6189709988332972,1.0,UNDER,False,False
total 45-47.5 + spread <=3,2,181,183,117,107,64,76,-0.033913892403562344,364,0.49725274725274726,0.5223214285714286,140,0.45714285714285713,0.9582081986560369,0.5477111012895328,1.0,UNDER,False,False
total 45-47.5 + turf,2,219,221,123,131,96,90,-0.0346661757716469,440,0.49772727272727274,0.484251968503937,186,0.5161290322580645,0.9619839521829875,0.6605876761736804,1.0,UNDER,False,False
spread <=3 + 1pm ET + non-division,3,268,270,165,152,103,118,-0.03311328136104052,538,0.49814126394052044,0.5205047318611987,221,0.4660633484162896,0.9656167350323537,0.5003814794445237,1.0,UNDER,False,False
total 45-47.5 + spread 7.5+ + weeks 5-12,3,52,52,28,32,24,20,-0.02943472523327029,104,0.5,0.4666666666666667,44,0.5454545454545454,1.0,0.6988834276200058,1.0,OVER,True,False
total 42-44.5 + weeks 5-12 + both off under,3,56,56,38,27,18,29,-0.02976108330366505,112,0.5,0.5846153846153846,47,0.3829787234042553,1.0,0.2145391940081784,1.0,OVER,True,False
grass + non-division + both off over,3,163,163,95,94,68,69,-0.03377556908284221,326,0.5,0.5026455026455027,137,0.49635036496350365,1.0,1.0,1.0,OVER,False,False
total 45-47.5 + turf + both off under,3,50,51,28,30,22,21,-0.04134725348004078,101,0.49504950495049505,0.4827586206896552,43,0.5116279069767442,1.0,0.8956832138895906,1.0,UNDER,False,False
1pm ET + weeks 1-4 + non-division,3,179,178,104,105,75,73,-0.025807724696178654,357,0.5014005602240896,0.49760765550239233,148,0.5067567567567568,1.0,1.0,1.0,OVER,False,False
total 45-47.5 + spread 7.5+ + non-division,3,68,68,33,44,35,24,-0.026514069757256946,136,0.5,0.42857142857142855,59,0.5932203389830508,1.0,0.2543046661477,1.0,OVER,True,False
total 45-47.5 + dome/closed + weeks 13+ reg,3,46,46,19,26,27,20,-0.0346471262882164,92,0.5,0.4222222222222222,47,0.574468085106383,1.0,0.3712980344710104,1.0,OVER,True,False
turf + weeks 1-4 + non-division,3,149,148,80,78,69,70,-0.026595167881512415,297,0.5016835016835017,0.5063291139240507,139,0.49640287769784175,1.0,0.9366240696485005,1.0,OVER,False,False
temp <=32,1,97,96,54,60,43,36,-0.020667274609896653,193,0.5025906735751295,0.47368421052631576,79,0.5443037974683544,1.0,0.6397693686429499,1.0,OVER,True,False
total 45-47.5 + dome/closed + weeks 5-12,3,59,58,34,34,25,24,-0.019229782471190126,117,0.5042735042735043,0.5,49,0.5102040816326531,1.0,1.0,1.0,OVER,False,False
total <=38 + non-division,2,61,62,36,29,25,33,-0.04058214475235564,123,0.4959349593495935,0.5538461538461539,58,0.43103448275862066,1.0,0.45702078541058977,1.0,UNDER,True,False
total 45-47.5 + home fav + outdoor,3,220,221,135,149,85,72,-0.032131721136598665,441,0.4988662131519274,0.4753521126760563,157,0.5414012738853503,1.0,0.4405200804502227,1.0,UNDER,True,False
total 42-44.5 + home dog + both off over,3,40,40,24,21,16,19,-0.028888195345533735,80,0.5,0.5333333333333333,35,0.45714285714285713,1.0,0.765991824244793,1.0,OVER,True,False
total 45-47.5 + spread 3.5-7 + non-division,3,143,142,83,94,60,48,-0.030119898599391386,285,0.5017543859649123,0.4689265536723164,108,0.5555555555555556,1.0,0.45235830236368413,1.0,OVER,True,False
weeks 5-12 + non-division + home off bye,3,61,60,38,35,23,25,-0.022130171377565264,121,0.5041322314049587,0.5205479452054794,48,0.4791666666666667,1.0,0.8151212352249976,1.0,OVER,False,False
total 42-44.5 + dome/closed + weeks 5-12,3,48,48,27,28,21,20,-0.034746261250470034,96,0.5,0.4909090909090909,41,0.5121951219512195,1.0,1.0,1.0,OVER,False,False
total 45-47.5 + home fav + 1pm ET,3,162,162,94,118,68,44,-0.029084935644264065,324,0.5,0.44339622641509435,112,0.6071428571428571,1.0,0.11397511041908627,1.0,OVER,True,False
1pm ET + non-division + home off bye,3,45,45,29,25,16,20,-0.028794089150775658,90,0.5,0.5370370370370371,36,0.4444444444444444,1.0,0.6834892282353371,1.0,OVER,True,False
turf + 1pm ET + weeks 1-4,3,128,129,74,75,54,54,-0.031182424516898614,257,0.4980544747081712,0.4966442953020134,108,0.5,1.0,1.0,1.0,UNDER,False,False
total 42-44.5 + grass + division,3,116,116,69,69,47,47,-0.0334861132909961,232,0.5,0.5,94,0.5,1.0,1.0,1.0,OVER,False,False
total 45-47.5 + spread 3.5-7 + weeks 13+ reg,3,54,54,22,41,32,13,-0.03354534995186494,108,0.5,0.3492063492063492,45,0.7111111111111111,1.0,0.022574972673257185,1.0,OVER,True,False
turf + 1pm ET + weeks 13+ reg,3,160,159,85,103,75,56,-0.02868906054193113,319,0.5015673981191222,0.4521276595744681,131,0.5725190839694656,1.0,0.21492179659284347,1.0,OVER,True,False
primetime + weeks 1-4 + non-division,3,66,65,42,32,24,33,-0.023682722319225424,131,0.5038167938931297,0.5675675675675675,57,0.42105263157894735,1.0,0.29541328065567,1.0,OVER,True,False
turf + 1pm ET + both off over,3,104,103,61,65,43,38,-0.022746502494472656,207,0.5024154589371981,0.48412698412698413,81,0.5308641975308642,1.0,0.7893959446881438,1.0,OVER,False,False
total 45-47.5 + turf + weeks 5-12,3,94,93,57,55,37,38,-0.023060538540126237,187,0.5026737967914439,0.5089285714285714,75,0.49333333333333335,1.0,0.9247750936572272,1.0,OVER,False,False
turf + weeks 5-12 + both off under,3,84,83,46,44,38,39,-0.022426734393162215,167,0.5029940119760479,0.5111111111111111,77,0.4935064935064935,1.0,0.9161288770112904,1.0,OVER,False,False
outdoor + weeks 1-4 + both off over,3,62,62,45,39,17,23,-0.024575783278827954,124,0.5,0.5357142857142857,40,0.425,1.0,0.5856467947212253,1.0,OVER,True,False
total 45-47.5 + weeks 13+ reg + non-division,3,72,73,40,47,32,26,-0.03875135634706191,145,0.496551724137931,0.45977011494252873,58,0.5517241379310345,1.0,0.5202915935750735,1.0,UNDER,True,False
home fav + temp <=32,2,67,66,39,41,28,25,-0.018816626802382993,133,0.5037593984962406,0.4875,53,0.5283018867924528,1.0,0.9110721212260926,1.0,OVER,False,False
weeks 13+ reg + both off over,2,145,144,72,77,73,67,-0.025749943553289634,289,0.5017301038062284,0.48322147651006714,140,0.5214285714285715,1.0,0.7432690217670559,1.0,OVER,False,False
spread 10+ + both off over,2,62,62,41,39,21,23,-0.027541544943015823,124,0.5,0.5125,44,0.4772727272727273,1.0,0.9110721212260926,1.0,OVER,False,False
home dog + weeks 5-12 + division,3,105,106,58,62,47,44,-0.03451534897688767,211,0.4976303317535545,0.48333333333333334,91,0.5164835164835165,1.0,0.7843281773322764,1.0,UNDER,False,False
spread 10+ + primetime,2,45,45,25,27,20,18,-0.0277952007781215,90,0.5,0.4807692307692308,38,0.5263157894736842,1.0,0.8898839652765371,1.0,OVER,False,False
spread 3.5-7 + non-division + home off bye,3,45,44,31,28,14,16,-0.019333984793599265,89,0.5056179775280899,0.5254237288135594,30,0.4666666666666667,1.0,0.794843653982861,1.0,OVER,True,False
spread 3.5-7 + weeks 13+ reg + both off over,3,53,54,26,29,27,25,-0.03790362525626616,107,0.4953271028037383,0.4727272727272727,52,0.5192307692307693,1.0,0.7877061896700431,1.0,UNDER,True,False
total 38.5-41.5 + spread <=3 + turf,3,59,58,28,31,31,27,-0.029060506093846097,117,0.5042735042735043,0.4745762711864407,58,0.5344827586206896,1.0,0.794843653982861,1.0,OVER,True,False
dome/closed + turf + weeks 5-12,3,188,188,101,101,87,87,-0.02774555842530307,376,0.5,0.5,174,0.5,1.0,1.0,1.0,OVER,False,False
spread 7.5+ + grass + both off over,3,61,61,36,37,25,24,-0.03194648011081801,122,0.5,0.4931506849315068,49,0.5102040816326531,1.0,1.0,1.0,OVER,False,False
spread 3.5-7 + 1pm ET + weeks 1-4,3,105,106,64,59,41,47,-0.03126573621668528,211,0.4976303317535545,0.5203252032520326,88,0.4659090909090909,1.0,0.7185088365549671,1.0,UNDER,False,False
spread 3.5-7 + Monday + non-division,3,42,41,23,18,19,23,-0.02334103585631758,83,0.5060240963855421,0.5609756097560976,42,0.4523809523809524,1.0,0.5327092552361137,1.0,OVER,True,False
spread 3.5-7 + primetime + both off over,3,42,42,21,25,21,17,-0.02611963762871208,84,0.5,0.45652173913043476,38,0.5526315789473685,1.0,0.6587380770236564,1.0,OVER,True,False
spread 3.5-7 + turf + division,3,120,120,71,72,49,48,-0.029091332652833382,240,0.5,0.4965034965034965,97,0.5051546391752577,1.0,1.0,1.0,OVER,False,False
dome/closed + 1pm ET + both off under,3,65,65,40,40,25,25,-0.02751498384613438,130,0.5,0.5,50,0.5,1.0,1.0,1.0,OVER,False,False
dome/closed + weeks 5-12 + both off under,3,57,56,28,32,29,24,-0.018183014586337597,113,0.504424778761062,0.4666666666666667,53,0.5471698113207547,1.0,0.6988834276200058,1.0,OVER,True,False
dome/closed + weeks 13+ reg + division,3,90,89,43,51,47,38,-0.026128103100570413,179,0.5027932960893855,0.4574468085106383,85,0.5529411764705883,1.0,0.4704921148903704,1.0,OVER,True,False
dome/closed + non-division + both off over,3,81,82,39,45,42,37,-0.04038805818755929,163,0.49693251533742333,0.4642857142857143,79,0.5316455696202531,1.0,0.5856467947212253,1.0,UNDER,True,False
spread 3.5-7 + temp 33-45 + weeks 13+ reg,3,51,51,29,27,22,24,-0.03389307636747147,102,0.5,0.5178571428571429,46,0.4782608695652174,1.0,0.8938530948350216,1.0,OVER,False,False
total 38.5-41.5 + home dog + weeks 13+ reg,3,44,44,21,31,23,13,-0.030666423040832478,88,0.5,0.40384615384615385,36,0.6388888888888888,1.0,0.21160856876151612,1.0,OVER,True,False
dome/closed + turf + division,3,165,164,85,91,80,73,-0.027577243972477645,329,0.5015197568389058,0.48295454545454547,153,0.5228758169934641,1.0,0.7063708402623409,1.0,OVER,False,False
spread 3.5-7 + weeks 13+ reg,2,244,245,132,150,112,95,-0.033858976601290974,489,0.49897750511247446,0.46808510638297873,207,0.5410628019323671,1.0,0.311374882628104,1.0,UNDER,True,False
spread 7.5+ + turf + division,3,83,82,43,51,40,31,-0.023870595145310022,165,0.503030303030303,0.4574468085106383,71,0.5633802816901409,1.0,0.4704921148903704,1.0,OVER,True,False
Saturday + weeks 13+ reg,2,44,45,21,21,23,24,-0.03786007153375323,89,0.4943820224719101,0.5,47,0.48936170212765956,1.0,1.0,1.0,UNDER,False,False
home fav + 1pm ET + division,3,225,226,127,152,98,74,-0.03126292945443941,451,0.49889135254988914,0.4551971326164875,172,0.5697674418604651,1.0,0.1506331446907734,1.0,UNDER,True,False
outdoor + home off bye,2,104,105,70,60,34,45,-0.032900832253434924,209,0.49760765550239233,0.5384615384615384,79,0.43037974683544306,1.0,0.4300208839753426,1.0,UNDER,True,False
dome/closed + weeks 13+ reg,2,180,181,84,97,96,84,-0.034712667212976445,361,0.4986149584487535,0.46408839779005523,180,0.5333333333333333,1.0,0.3724648239355124,1.0,UNDER,True,False
temp 33-45 + turf,2,99,98,59,64,40,34,-0.025213198589450477,197,0.5025380710659898,0.4796747967479675,74,0.5405405405405406,1.0,0.7185088365549671,1.0,OVER,False,False
home fav + grass + Monday,3,49,48,29,28,20,20,-0.024327081054802847,97,0.5051546391752577,0.5087719298245614,40,0.5,1.0,1.0,1.0,OVER,False,False
temp 33-45 + primetime,2,58,57,40,30,18,27,-0.0212285494063431,115,0.5043478260869565,0.5714285714285714,45,0.4,1.0,0.281978921793656,1.0,OVER,True,False
dome/closed + SNF (Sun night),2,43,42,27,23,16,19,-0.019258953876729254,85,0.5058823529411764,0.54,35,0.45714285714285713,1.0,0.6718110337653656,1.0,OVER,True,False
home dog + dome/closed + non-division,3,127,127,57,58,70,69,-0.03207179554132115,254,0.5,0.4956521739130435,139,0.5035971223021583,1.0,1.0,1.0,OVER,False,False
home fav + dome/closed + either team new QB,3,61,62,23,29,38,33,-0.039562256950326856,123,0.4959349593495935,0.4423076923076923,71,0.5352112676056338,1.0,0.48845566937989204,1.0,UNDER,True,False
home dog + turf + non-division,3,195,195,99,89,96,106,-0.0323744517349783,390,0.5,0.526595744680851,202,0.4752475247524752,1.0,0.511679618172334,1.0,OVER,True,False
home fav + dome/closed + weeks 5-12,3,152,153,85,87,67,66,-0.03147572535712499,305,0.49836065573770494,0.4941860465116279,133,0.5037593984962406,1.0,0.9392502353738341,1.0,UNDER,False,False
home dog + SNF (Sun night),2,44,45,27,26,17,19,-0.0377823722829333,89,0.4943820224719101,0.5094339622641509,36,0.4722222222222222,1.0,1.0,1.0,UNDER,False,False
home fav + dome/closed + grass,3,57,56,29,36,28,20,-0.022259105007942277,113,0.504424778761062,0.4461538461538462,48,0.5833333333333334,1.0,0.45702078541058977,1.0,OVER,True,False
turf + both off over,2,188,189,111,109,77,80,-0.03104534767944963,377,0.4986737400530504,0.5045454545454545,157,0.49044585987261147,1.0,0.9462677277802589,1.0,UNDER,False,False
Thursday + division,2,72,73,43,50,29,23,-0.047584749682092475,145,0.496551724137931,0.46236559139784944,52,0.5576923076923077,1.0,0.5340598617346066,1.0,UNDER,True,False
spread 10+ + outdoor + both off over,3,43,44,29,26,14,18,-0.034692919479271396,87,0.4942528735632184,0.5272727272727272,32,0.4375,1.0,0.7877061896700431,1.0,UNDER,True,False
home fav + Saturday,2,52,53,31,27,21,26,-0.03589438878695033,105,0.49523809523809526,0.5344827586206896,47,0.44680851063829785,1.0,0.6940040940761318,1.0,UNDER,True,False
home dog + grass + weeks 13+ reg,3,145,144,87,85,58,59,-0.023631122617506772,289,0.5017301038062284,0.5058139534883721,117,0.49572649572649574,1.0,0.9392502353738341,1.0,OVER,False,False
spread 7.5+ + 1pm ET + both off under,3,59,59,33,39,26,20,-0.030341937462714727,118,0.5,0.4583333333333333,46,0.5652173913043478,1.0,0.555997717760971,1.0,OVER,True,False
spread 7.5+ + 1pm ET + weeks 1-4,3,45,45,30,31,15,14,-0.03002468938654182,90,0.5,0.4918032786885246,29,0.5172413793103449,1.0,1.0,1.0,OVER,False,False
home dog + outdoor + weeks 13+ reg,3,173,172,102,101,71,71,-0.02614473899088593,345,0.5014492753623189,0.5024630541871922,142,0.5,1.0,1.0,1.0,OVER,False,False
total 38.5-41.5 + outdoor + primetime,3,47,47,28,30,19,17,-0.027213889031575553,94,0.5,0.4827586206896552,36,0.5277777777777778,1.0,0.8956832138895906,1.0,OVER,False,False
outdoor + primetime + weeks 1-4,3,73,73,44,39,29,34,-0.038451427496565785,146,0.5,0.5301204819277109,63,0.4603174603174603,1.0,0.6608836477612152,1.0,OVER,True,False
spread 3.5-7 + week 1,2,54,55,38,26,16,29,-0.03383165106384294,109,0.4954128440366973,0.59375,45,0.35555555555555557,1.0,0.16864291143970336,1.0,UNDER,True,False
total 48-50.5 + turf + non-division,3,111,112,62,58,49,54,-0.030652767868976718,223,0.4977578475336323,0.5166666666666667,103,0.47572815533980584,1.0,0.7843281773322764,1.0,UNDER,False,False
total 48-50.5 + grass + 1pm ET,3,63,64,39,40,24,24,-0.03278448998598529,127,0.49606299212598426,0.4936708860759494,48,0.5,1.0,1.0,1.0,UNDER,False,False
temp 33-45 + turf + weeks 13+ reg,3,65,64,39,39,26,25,-0.02247294478429758,129,0.5038759689922481,0.5,51,0.5098039215686274,1.0,1.0,1.0,OVER,False,False
temp 33-45 + weeks 13+ reg + non-division,3,73,73,40,38,33,35,-0.032023220851213924,146,0.5,0.5128205128205128,68,0.4852941176470588,1.0,0.9099464518745242,1.0,OVER,False,False
temp >=80 + grass + weeks 5-12,3,42,42,28,23,14,19,-0.03354595519796769,84,0.5,0.5490196078431373,33,0.42424242424242425,1.0,0.5758493477318467,1.0,OVER,True,False
total 48-50.5 + home dog + weeks 5-12,3,54,54,27,27,27,27,-0.02414092137419871,108,0.5,0.5,54,0.5,1.0,1.0,1.0,OVER,False,False
total 48-50.5 + home dog + turf,3,54,53,25,25,29,28,-0.017184551959456458,107,0.5046728971962616,0.5,57,0.5087719298245614,1.0,1.0,1.0,OVER,False,False
grass + primetime + weeks 1-4,3,49,48,31,27,18,21,-0.02878273626715114,97,0.5051546391752577,0.5344827586206896,39,0.46153846153846156,1.0,0.6940040940761318,1.0,OVER,True,False
total 48-50.5 + home dog + outdoor,3,76,75,42,47,34,28,-0.0198497084476301,151,0.5033112582781457,0.47191011235955055,62,0.5483870967741935,1.0,0.6718086491746105,1.0,OVER,True,False
total 42-44.5 + spread 3.5-7 + weeks 5-12,3,79,80,48,49,31,31,-0.03648406951690719,159,0.4968553459119497,0.4948453608247423,62,0.5,1.0,1.0,1.0,UNDER,False,False
total 48-50.5 + home fav + weeks 13+ reg,3,57,56,40,33,17,23,-0.018335571097625025,113,0.504424778761062,0.547945205479452,40,0.425,1.0,0.48278855684402133,1.0,OVER,True,False
total 48-50.5 + home fav + weeks 1-4,3,45,45,30,29,15,16,-0.03038994020943525,90,0.5,0.5084745762711864,31,0.4838709677419355,1.0,1.0,1.0,OVER,False,False
total 42-44.5 + both off under,2,134,134,78,74,56,60,-0.03042237709486483,268,0.5,0.5131578947368421,116,0.4827586206896552,1.0,0.8078463096035283,1.0,OVER,False,False
total 48-50.5 + home fav + 1pm ET,3,91,92,58,64,33,28,-0.03186394588000463,183,0.4972677595628415,0.47540983606557374,61,0.5409836065573771,1.0,0.65095981621607,1.0,UNDER,True,False
total 42-44.5 + spread 10+ + 1pm ET,3,40,41,22,24,18,17,-0.04101313112169737,81,0.49382716049382713,0.4782608695652174,35,0.5142857142857142,1.0,0.8829959121223965,1.0,UNDER,False,False
total 48-50.5 + home fav + turf,3,107,106,66,63,41,43,-0.022671804395941863,213,0.5023474178403756,0.5116279069767442,84,0.4880952380952381,1.0,0.8603106786164317,1.0,OVER,False,False
total 48-50.5 + spread 3.5-7 + non-division,3,82,81,47,48,35,33,-0.02293934913451788,163,0.5030674846625767,0.49473684210526314,68,0.5147058823529411,1.0,1.0,1.0,OVER,False,False
total 48-50.5 + spread 3.5-7 + turf,3,61,62,35,34,26,28,-0.03116938521340583,123,0.4959349593495935,0.5072463768115942,54,0.48148148148148145,1.0,1.0,1.0,UNDER,False,False
total 42-44.5 + temp >=80,2,50,51,37,33,13,18,-0.04092281074766815,101,0.49504950495049505,0.5285714285714286,31,0.41935483870967744,1.0,0.7202027723528612,1.0,UNDER,True,False
grass + weeks 5-12 + home off bye,3,53,54,36,33,17,21,-0.03917677686763515,107,0.4953271028037383,0.5217391304347826,38,0.4473684210526316,1.0,0.8099490529189248,1.0,UNDER,False,False
total 42-44.5 + spread 10+ + grass,3,43,42,23,20,20,22,-0.018051357116160238,85,0.5058823529411764,0.5348837209302325,42,0.47619047619047616,1.0,0.7607916425613439,1.0,OVER,True,False
total 48-50.5 + 1pm ET,2,151,150,89,95,62,55,-0.021230047705453524,301,0.5016611295681063,0.483695652173913,117,0.5299145299145299,1.0,0.7125307737127088,1.0,OVER,False,False
total 48-50.5 + weeks 1-4 + non-division,3,51,51,31,29,20,22,-0.027810741710017777,102,0.5,0.5166666666666667,42,0.47619047619047616,1.0,0.8974218269914307,1.0,OVER,False,False
total 48-50.5 + non-division,2,217,216,124,120,93,96,-0.02614593304723076,433,0.5011547344110855,0.5081967213114754,189,0.49206349206349204,1.0,0.8477486582929067,1.0,OVER,False,False
spread <=3 + weeks 5-12 + non-division,3,223,224,138,107,85,117,-0.03276939192684574,447,0.4988814317673378,0.563265306122449,202,0.4207920792079208,1.0,0.05506292243218664,1.0,UNDER,True,False
spread 3.5-7 + Thursday,2,48,49,25,24,23,25,-0.04272757509463147,97,0.4948453608247423,0.5102040816326531,48,0.4791666666666667,1.0,1.0,1.0,UNDER,False,False
spread <=3 + primetime + weeks 5-12,3,63,64,41,31,22,33,-0.03699161378859842,127,0.49606299212598426,0.5694444444444444,55,0.4,1.0,0.2887842804141049,1.0,UNDER,True,False
outdoor + SNF (Sun night) + non-division,3,59,59,37,31,22,28,-0.03073748186706652,118,0.5,0.5441176470588235,50,0.44,1.0,0.5446122234192592,1.0,OVER,True,False
outdoor + 1pm ET + home off bye,3,54,53,34,26,20,27,-0.018684152640892383,107,0.5046728971962616,0.5666666666666667,47,0.425531914893617,1.0,0.36629400670329104,1.0,OVER,True,False
total 38.5-41.5 + grass + weeks 5-12,3,84,84,58,61,26,23,-0.03260202420921244,168,0.5,0.48739495798319327,49,0.5306122448979592,1.0,0.8546300421797667,1.0,OVER,False,False
total 38.5-41.5 + grass + either team new QB,3,57,56,36,40,21,16,-0.0238951898701307,113,0.504424778761062,0.47368421052631576,37,0.5675675675675675,1.0,0.7310088822226056,1.0,OVER,True,False
spread <=3 + temp >=80 + weeks 1-4,3,41,41,31,24,10,17,-0.028829375739788065,82,0.5,0.5636363636363636,27,0.37037037037037035,1.0,0.4187541882690154,1.0,OVER,True,False
spread <=3 + outdoor + both off under,3,125,126,78,62,47,64,-0.035009872308251436,251,0.49800796812749004,0.5571428571428572,111,0.42342342342342343,1.0,0.2047319763305935,1.0,UNDER,True,False
total 38.5-41.5 + weeks 13+ reg + non-division,3,57,58,29,30,28,28,-0.04215789725163035,115,0.4956521739130435,0.4915254237288136,56,0.5,1.0,1.0,1.0,UNDER,False,False
spread <=3 + outdoor + turf,3,155,155,92,82,63,73,-0.032205371367454376,310,0.5,0.5287356321839081,136,0.4632352941176471,1.0,0.49516885828843854,1.0,OVER,True,False
total 51+ + non-division + both off over,3,53,53,31,28,22,25,-0.03053266496321015,106,0.5,0.5254237288135594,47,0.46808510638297873,1.0,0.794843653982861,1.0,OVER,True,False
total 51+ + 1pm ET + non-division,3,50,51,29,20,21,31,-0.035254551599700694,101,0.49504950495049505,0.5918367346938775,52,0.40384615384615385,1.0,0.2528697301676033,1.0,UNDER,True,False
total 51+ + weeks 13+ reg,2,54,55,30,33,24,22,-0.032926454892200606,109,0.4954128440366973,0.47619047619047616,46,0.5217391304347826,1.0,0.8013064925040663,1.0,UNDER,True,False
total 51+ + outdoor + 1pm ET,3,44,44,27,21,17,23,-0.024212754855846813,88,0.5,0.5625,40,0.425,1.0,0.470879013621712,1.0,OVER,True,False
wind >=10 + turf + 1pm ET,3,87,88,55,60,32,28,-0.035619612944564345,175,0.49714285714285716,0.4782608695652174,60,0.5333333333333333,1.0,0.7093227303228261,1.0,UNDER,False,False
total 51+ + dome/closed + turf,3,86,85,50,45,36,40,-0.023074008192946412,171,0.5029239766081871,0.5263157894736842,76,0.47368421052631576,1.0,0.6817425059181851,1.0,OVER,True,False
wind >=10 + turf + non-division,3,84,84,57,49,27,35,-0.029425748546775515,168,0.5,0.5377358490566038,62,0.43548387096774194,1.0,0.4967543930289453,1.0,OVER,True,False
total 51+ + home fav + 1pm ET,3,49,48,28,29,21,19,-0.010957670494626854,97,0.5051546391752577,0.49122807017543857,40,0.525,1.0,1.0,1.0,OVER,False,False
wind >=10 + weeks 1-4 + non-division,3,58,58,43,33,15,25,-0.03073889231873936,116,0.5,0.5657894736842105,40,0.375,1.0,0.3018724904870079,1.0,OVER,True,False
total 51+ + spread <=3,2,77,77,42,34,35,43,-0.02727135396497334,154,0.5,0.5526315789473685,78,0.44871794871794873,1.0,0.42219110499231566,1.0,OVER,True,False
total 45-47.5 + primetime + non-division,3,74,74,34,38,40,36,-0.033376258822375486,148,0.5,0.4722222222222222,76,0.5263157894736842,1.0,0.7239481457469141,1.0,OVER,True,False
home fav + dome/closed + division,3,130,130,70,76,60,54,-0.0310773538915615,260,0.5,0.4794520547945205,114,0.5263157894736842,1.0,0.6791635203785477,1.0,OVER,False,False
